ruc,razon_social,tipo_empresa,estado_sunat,condicion_sunat,departamento,provincia,distrito,telefono,email,codigo_registro,fecha_consulta
20118578415,CENT.DE COOP.AGR. CAF.VALLES SANDIA LTDA,"COOPERATIVAS, SAIS, CAPS",ACTIVO,HABIDO,PUNO,SANDIA,SAN JUAN DEL ORO,980727378,contabilidad@cecovasa.com,S0921917,2026-09-20T01:43:21.108Z
20118588135,CENTRAL DE COOPERATIVAS DE SERVICIOS ESPECIALES ALPAQUERAS DE PUNO LTDA. - CECOALP,"COOPERATIVAS, SAIS, CAPS",ACTIVO,HABIDO,PUNO,SAN ROMAN,JULIACA,051328851,nilvaflors@gmail.com,S0148048,2026-09-20T01:43:21.108Z
20119208026,FONGAL TACNA,ASOCIACION,ACTIVO,HABIDO,TACNA,TACNA,CRL. GREG. ALBARRACIN LANCHIP,052-401722,john_sarmiento_4321@hotmail.es,B0048031,2026-09-20T01:43:21.108Z
20129156083,COOP AGRARIA CAFET VALLE RIO APURIMAC,"COOPERATIVAS, SAIS, CAPS",ACTIVO,HABIDO,AYACUCHO,LA MAR,AYNA,066-325179,cacvra@yahoo.es,S0128686,2026-09-20T01:43:21.108Z
20129529530,COOP AGRARIA CAFETALERA SATIPO LTDA,"COOPERATIVAS, SAIS, CAPS",ACTIVO,HABIDO,JUNIN,SATIPO,SATIPO,545030,edisondario@hotmail.com,S0836027,2026-09-20T01:43:21.108Z
20129772043,COOPERATIVA COMUNAL VICCO LTDA,"COOPERATIVAS, SAIS, CAPS",ACTIVO,HABIDO,PASCO,PASCO,VICCO,,,,2026-09-20T01:43:21.108Z
20129830426,COOPERATIVA COMUNAL HUAYLLAY LTDA 16,"COOPERATIVAS, SAIS, CAPS",ACTIVO,HABIDO,PASCO,PASCO,HUAYLLAY,,,S1069969,2026-09-20T01:43:21.108Z
20129842351,COOPERATIVA COMUNAL SAN ANTONIO DE RANCAS LTDA. 289,"COOPERATIVAS, SAIS, CAPS",ACTIVO,HABIDO,PASCO,PASCO,SIMON BOLIVAR,,,,2026-09-20T01:43:21.108Z
20131453427,COOPERATIVA COMUNAL SAN PEDRO DE RACCO,"COOPERATIVAS, SAIS, CAPS",ACTIVO,HABIDO,PASCO,PASCO,SIMON BOLIVAR,,,S2342817,2026-09-20T01:43:21.108Z
20132489824,COOPERATIVA AGRARIA CAFETALERA CHANCAMAYO LTDA. N° 008-B-VII,"COOPERATIVAS, SAIS, CAPS",ACTIVO,HABIDO,CUSCO,LA CONVENCION,SANTA ANA,,,S0438053,2026-09-20T01:43:21.108Z
20132505455,COOPERATIVA AGRARIA CAFETALERA AGUILAYOC  LTDA. 084,"COOPERATIVAS, SAIS, CAPS",ACTIVO,HABIDO,CUSCO,LA CONVENCION,SANTA ANA,084282566,cacaguilayoc@gmail.com,S1293176,2026-09-20T01:43:21.108Z
20132509795,COOPERATIVA AGRARIA CAFETALERA JOSE OLAYA LTDA  N° 252,"COOPERATIVAS, SAIS, CAPS",ACTIVO,HABIDO,CUSCO,LA CONVENCION,SANTA ANA,282638,252cacjoseolaya@gmail.com,S0882298,2026-09-20T01:43:21.108Z
20132509876,COOPERATIVA AGRARIA CAFETALERA MARANURA LTDA. 129,"COOPERATIVAS, SAIS, CAPS",ACTIVO,HABIDO,CUSCO,LA CONVENCION,MARANURA,984403611,CACMARANURA@HOTMAIL.COM,S1112758,2026-09-20T01:43:21.108Z
20132517119,COOPERATIVA AGRARIA CAFETALERA MATEO PUMACAHUA LTDA N° 185,"COOPERATIVAS, SAIS, CAPS",ACTIVO,HABIDO,CUSCO,LA CONVENCION,SANTA ANA,084281110,CAMARALACONVENCION_@hotmail.com,S1142161,2026-09-20T01:43:21.108Z
20136201132,COOPERATIVA AGRARIA CAFETALERA ALTO URUBAMBA LTDA N° 239,"COOPERATIVAS, SAIS, CAPS",ACTIVO,HABIDO,CUSCO,LA CONVENCION,SANTA ANA,944257022,c.a.c.altourubamba@gmail.com,S0143918,2026-09-20T01:43:21.108Z
20136201213,CENTRAL DE COOPERATIVAS AGRARIAS CAFETALERAS COCLA LTDA. N° 281,"COOPERATIVAS, SAIS, CAPS",ACTIVO,HABIDO,CUSCO,LA CONVENCION,SANTA ANA,084-281377,gerencia@cocla.pe,S0552459,2026-09-20T01:43:21.108Z
20140181405,COOPERATIVA AGRARIA CAFETALERA LA FLORIDA,"COOPERATIVAS, SAIS, CAPS",ACTIVO,HABIDO,JUNIN,CHANCHAMAYO,PERENE,064-531190,admlaflorida@spide.com,S0599278,2026-09-20T01:43:21.108Z
20140292657,COOPERATIVA AGRARIA CAFETALERA CCOCHAPAMPA LTDA.,"COOPERATIVAS, SAIS, CAPS",ACTIVO,HABIDO,CUSCO,LA CONVENCION,SANTA ANA,958301167,CONTABILIDADAGREGADOSCUSCO@HOTMAIL.COM,S1370809,2026-09-20T01:43:21.108Z
20143224857,COOPERATIVA AGRARIA DE USUARIOS AMAYBAMBA PISTIPATA LTDA. N°34,"COOPERATIVAS, SAIS, CAPS",ACTIVO,HABIDO,CUSCO,LA CONVENCION,HUAYOPATA,,,,2026-09-20T01:43:21.108Z
20143692010,COOPERATIVA AGRARIA EL QUINACHO LTDA. N° 078,"COOPERATIVAS, SAIS, CAPS",ACTIVO,HABIDO,AYACUCHO,HUANTA,SIVIA,980444176,astogozmemarisol@gmail.com,S0758757,2026-09-20T01:43:21.108Z
20145484597,COOPERATIVA AGRARIA CAFETALERA SAN IGNACIO LTDA.,"COOPERATIVAS, SAIS, CAPS",ACTIVO,HABIDO,PUNO,SANDIA,SAN PEDRO DE PUTINA PUNCO,951401272,,S0369016,2026-09-20T01:43:21.108Z
20146696041,COOP AGRARIA CAFET JOSE GABRIEL CONDORCA,"COOPERATIVAS, SAIS, CAPS",ACTIVO,HABIDO,PIURA,HUANCABAMBA,CANCHAQUE,,,,2026-09-20T01:43:21.108Z
20147443120,COOPERATIVA AGRARIA CAFETALERA TIRIJUAY PAVAYOC LTDA 013-B-VII,"COOPERATIVAS, SAIS, CAPS",SUSPENSION TEMPORAL,NO HABIDO,CUSCO,LA CONVENCION,OCOBAMBA,,,,2026-09-20T01:43:21.108Z
20166786861,COMITE CENTRAL DE PRODUCTORES AGROPECUARIOS DE SAN ALEJANDRO,ASOCIACION,ACTIVO,HABIDO,UCAYALI,PADRE ABAD,IRAZOLA,,,,2026-09-20T01:43:21.108Z
20170142773,COOPERATIVA AGRARIA CAFETALERA BAGUA GRANDE LIMITADA,"COOPERATIVAS, SAIS, CAPS",ACTIVO,HABIDO,AMAZONAS,UTCUBAMBA,BAGUA GRANDE,,,S1645249,2026-09-20T01:43:21.108Z
20175089111,COOP. AG. SOCIEDAD AGRICOLA DE INTERES SOCIAL JOSE CARLOS MARIATEGUI LTDA.N°16 SUNCHUBAMBA Y ANEXOS,"COOPERATIVAS, SAIS, CAPS",ACTIVO,HABIDO,CAJAMARCA,CAJAMARCA,COSPAN,076607101,JCMRODRIGUEZ@GMAIL.COM,S0170876,2026-09-20T01:43:21.108Z
20183732031,ASOCIACION DE PRODUCTORES DE ROCOTO Y PRODUCTOS AGRICOLAS DE OXAPAMPA,ASOCIACION,BAJA DE OFICIO,HABIDO,PASCO,OXAPAMPA,OXAPAMPA,,,,2026-09-20T01:43:21.108Z
20200880448,COOPERATIVA AGRARIA CAFETALERA JORGE CHAVEZ LTDA,"COOPERATIVAS, SAIS, CAPS",ACTIVO,HABIDO,CUSCO,CALCA,YANATILE,,,,2026-09-20T01:43:21.108Z
20204028061,COOPERATIVA COMUNAL SAN PEDRO DE CAJAS,"COOPERATIVAS, SAIS, CAPS",ACTIVO,HABIDO,JUNIN,TARMA,SAN PEDRO DE CAJAS,,,,2026-09-20T01:43:21.108Z
20287980672,COMUNIDAD NATIVA TRES ISLAS,"COMUNIDAD CAMPESINA, NATIVA",ACTIVO,HABIDO,MADRE DE DIOS,TAMBOPATA,TAMBOPATA,,,,2026-09-20T01:43:21.108Z
20323699365,INVERSIONES PERUALP S.A.,SOCIEDAD ANONIMA,ACTIVO,HABIDO,PASCO,OXAPAMPA,CHONTABAMBA,063462465,jduarte@floralpperu.com,B0014648,2026-09-20T01:43:21.108Z
20326767400,ASOC.C.DE ACOPIO D.LECHE SR.D.L.MILAGROS,ASOCIACION,ACTIVO,HABIDO,AREQUIPA,CAYLLOMA,LLUTA,958996698,calmilagroscontabilidad@hotmail.com,S2943858,2026-09-20T01:43:21.108Z
20327993705,CENTRO DE ACOPIO DE LECHE LUIS PASTEUR,ASOCIACION,ACTIVO,HABIDO,AREQUIPA,CAYLLOMA,MAJES,,,,2026-09-20T01:43:21.108Z
20352266052,ASOCIACION DE PRODUCTORES DE PALMITO DE AGUAYTIA,ASOCIACION,BAJA DE OFICIO,NO HABIDO,UCAYALI,PADRE ABAD,PADRE ABAD,,,,2026-09-20T01:43:21.108Z
20352417018,COOPERATIVA AGRARIA DE CACAOTEROS TECNIFICADOS DE PADRE ABAD,"COOPERATIVAS, SAIS, CAPS",SUSPENSION TEMPORAL,HABIDO,UCAYALI,PADRE ABAD,IRAZOLA,576387,,S0374689,2026-09-20T01:43:21.108Z
20352423921,COOPERATIVA AGRARIA CAFETALERA DIVISORIA LTDA,"COOPERATIVAS, SAIS, CAPS",ACTIVO,HABIDO,HUANUCO,LEONCIO PRADO,LUYANDO,947595969,gerencia@cacdivisoria.com,S0596909,2026-09-20T01:43:21.108Z
20365575674,COMUNIDAD CAMPESINA SAN ANTONIO DE RANCAS,"COMUNIDAD CAMPESINA, NATIVA",ACTIVO,HABIDO,PASCO,PASCO,SIMON BOLIVAR,,,S2209855,2026-09-20T01:43:21.108Z
20393152207,COOPERATIVA AGRO INDUSTRIAL APCTVASH,"COOPERATIVAS, SAIS, CAPS",ACTIVO,HABIDO,UCAYALI,PADRE ABAD,PADRE ABAD,061-794794,,S0490351,2026-09-20T01:43:21.108Z
20393335620,ASOCIACIÓN DE PRODUCTORES ECOLÓGICOS DEL CASERÍO SAN CRISTÓBAL DE AGUA BLANCA,ASOCIACION,BAJA DE OFICIO,HABIDO,UCAYALI,CORONEL PORTILLO,CAMPOVERDE,,,,2026-09-20T01:43:21.108Z
20393415062,ASOCIACION AGROINDUSTRIAS PROGRESO,ASOCIACION,ACTIVO,HABIDO,UCAYALI,PADRE ABAD,PADRE ABAD,981676442,FVARASCOMITIVOS@MAIL.COM,B0788802,2026-09-20T01:43:21.108Z
20393449471,CENTRO UNICO DE AGRICULTORES PLATANEROS DE LA PROVINCIA DE PADRE ABAD,ASOCIACION,BAJA DE OFICIO,HABIDO,UCAYALI,PADRE ABAD,PADRE ABAD,061-961956251,,S0433032,2026-09-20T01:43:21.108Z
20393576660,ASOCIACION DE PRODUCTORES ECOLOGICOS EL PIMENTAL,ASOCIACION,ACTIVO,HABIDO,UCAYALI,CORONEL PORTILLO,CAMPOVERDE,,,,2026-09-20T01:43:21.108Z
20393593670,COMITE CENTRAL CON DESARROLLO AL FUTURO DE CURIMANA,ASOCIACION,BAJA DE OFICIO,NO HABIDO,UCAYALI,PADRE ABAD,CURIMANA,,,,2026-09-20T01:43:21.108Z
20393692228,COOPERATIVA AGRARIA CACAOTERA SAN ALEJANDRO LTDA,"COOPERATIVAS, SAIS, CAPS",ACTIVO,HABIDO,UCAYALI,PADRE ABAD,IRAZOLA,,,,2026-09-20T01:43:21.108Z
20393757290,ASOCIACION DE AGRICULTORES DEL CENTRO POBLADO SAN JOSE DE YARINACOCHA,ASOCIACION,BAJA DE OFICIO,HABIDO,UCAYALI,CORONEL PORTILLO,YARINACOCHA,,,,2026-09-20T01:43:21.108Z
20393786044,COOPERATIVA AGRARIA CAFETALERA COORDILLERA AZUL DE UCAYALI LTDA,"COOPERATIVAS, SAIS, CAPS",ACTIVO,HABIDO,UCAYALI,PADRE ABAD,PADRE ABAD,,,,2026-09-20T01:43:21.108Z
20393816211,COOPERATIVA AGRARIA SAN JUAN BAUTISTA,"COOPERATIVAS, SAIS, CAPS",ACTIVO,HABIDO,UCAYALI,PADRE ABAD,IRAZOLA,,,,2026-09-20T01:43:21.108Z
20393882868,COOPERATIVA AGRARIA ASCAH,"COOPERATIVAS, SAIS, CAPS",ACTIVO,HABIDO,UCAYALI,PADRE ABAD,PADRE ABAD,,,,2026-09-20T01:43:21.108Z
20393972000,ASOCIACION DE MUJERES EMPRENDEDORAS FLOR DE BOQUERON,ASOCIACION,ACTIVO,HABIDO,UCAYALI,PADRE ABAD,BOQUERON,937440761,godoyyanac@gmail.com,S1555602,2026-09-20T01:43:21.108Z
20393981173,ASOCIACION DE PRODUCTORES AGRARIOS SANTA ELENA,ASOCIACION,ACTIVO,HABIDO,UCAYALI,CORONEL PORTILLO,CALLERIA,,,S0846945,2026-09-20T01:43:21.108Z
20402648504,COOPERATIVA AGRARIA KIVINAKI,"COOPERATIVAS, SAIS, CAPS",ACTIVO,HABIDO,JUNIN,CHANCHAMAYO,PERENE,,,S0750480,2026-09-20T01:43:21.108Z
20404057805,COOPERATIVA AGRARIA ACOPAGRO LTDA,"COOPERATIVAS, SAIS, CAPS",ACTIVO,HABIDO,SAN MARTIN,MARISCAL CACERES,JUANJUI,042545190,contabilidad@acopagro.com.pe,S0631562,2026-09-20T01:42:58.155Z
20406542671,SOCIEDAD PERUANA DE CRIADORES DE ALPACAS Y LLAMAS DE MACUSANI,ASOCIACION,ACTIVO,HABIDO,PUNO,CARABAYA,MACUSANI,,,S1746405,2026-09-20T01:43:21.108Z
20407808666,COOPERATIVA AGRARIA PURIFOR - COOP PURIFOR,"COOPERATIVAS, SAIS, CAPS",ACTIVO,HABIDO,ANCASH,BOLOGNESI,COLQUIOC,985747811,COOPPURIFOR@GMAIL.COM,S2073812,2026-09-20T01:43:21.108Z
20447686407,ASOCIACION DE PRODUCTORES DE PIÑA DEL VALLE DE SAN GABAN,ASOCIACION,ACTIVO,HABIDO,PUNO,CARABAYA,SAN GABAN,,,,2026-09-20T01:43:21.108Z
20447688281,SOCIEDAD PERUANA DE CRIADORES DE ALPACAS Y LLAMAS DE PARATIA,ASOCIACION,ACTIVO,HABIDO,PUNO,LAMPA,PARATIA,332522,CONTABLECIA@OUTLOOK.COM,S0737671,2026-09-20T01:43:21.108Z
20447888701,COOPERATIVA AGRARIA INDUSTRIAL SAN GABAN LTDA.,"COOPERATIVAS, SAIS, CAPS",ACTIVO,HABIDO,PUNO,CARABAYA,SAN GABAN,051331522,anibal_bk3@hotmail.com,S0657969,2026-09-20T01:43:21.108Z
20448031358,ASOCIACION DE PRODUCTORES DE PAPAYA ANDINA ORGÁNICA DE LA PROVINCIA DE SANDIA,ASOCIACION,BAJA DE OFICIO,NO HABIDO,PUNO,SANDIA,SANDIA,,,S2194874,2026-09-20T01:43:21.108Z
20448277781,COOPERATIVA AGRARIA INDUSTRIALIZADA CABANA LTDA,"COOPERATIVAS, SAIS, CAPS",ACTIVO,HABIDO,PUNO,SAN ROMAN,CABANA,980278888,coopain.tesoreria@gmail.com,S1070803,2026-09-20T01:43:21.108Z
20448748902,INDUSTRIAS AGROALIMENTOS EL ESTABLO SOCIEDAD COMERCIAL DE RESPONSABILIDAD LIMITADA,SOC.COM.RESPONS. LTDA,ACTIVO,HABIDO,PUNO,LAMPA,LAMPA,,,,2026-09-20T01:43:21.108Z
20448766471,COOPERATIVA DE SERVICIOS SAN SANTIAGO - ACORA,"COOPERATIVAS, SAIS, CAPS",ACTIVO,HABIDO,PUNO,PUNO,ACORA,,,,2026-09-20T01:43:21.108Z
20448791310,COOPERATIVA AGROINDUSTRIAL DE PRODUCTORES AGROPECUARIOS CABANA LIMITADA,"COOPERATIVAS, SAIS, CAPS",ACTIVO,HABIDO,PUNO,SAN ROMAN,CABANA,,,,2026-09-20T01:43:21.108Z
20448807500,CONSORCIO ALPAQUERO PERU EXPORT,CONTRATOS COLABORACION EMPRESARIAL,SUSPENSION TEMPORAL,HABIDO,PUNO,SAN ROMAN,JULIACA,,,,2026-09-20T01:43:21.108Z
20448843051,ASOCIACION DE PRODUCTORES AGROPECUARIOS PIEDRA BLANCA DE CHALLAPAMPA,ASOCIACION,ACTIVO,HABIDO,PUNO,YUNGUYO,COPANI,,,,2026-09-20T01:43:21.108Z
20449558902,ASOCIACION CIVIL DE MANTENIMIENTO VIAL Y DESARROLLO AGROPECUARIO CALVARIO,ASOCIACION,ACTIVO,HABIDO,AYACUCHO,LA MAR,SAN MIGUEL,966630480,gpg1956@hotmail.com,S0125910,2026-09-20T01:43:21.108Z
20450105113,COOPERATIVA AGRARIA DEL PALMITO APROPAL,"COOPERATIVAS, SAIS, CAPS",ACTIVO,HABIDO,SAN MARTIN,LAMAS,CAYNARACHI,,,,2026-09-20T01:43:21.108Z
20450189201,COOPERATIVA DE SERVICIOS MULTIPLES FRUTOS DE SELVA,"COOPERATIVAS, SAIS, CAPS",ACTIVO,HABIDO,SAN MARTIN,MOYOBAMBA,MOYOBAMBA,,,,2026-09-20T01:43:21.108Z
20450207544,COOPERATIVA AGRARIA UCHIZA LTDA,"COOPERATIVAS, SAIS, CAPS",ACTIVO,HABIDO,SAN MARTIN,TOCACHE,UCHIZA,,,,2026-09-20T01:43:21.108Z
20450242021,"""COOPERATIVA DE SERVICIOS MULTIPLES CAPEMA""","COOPERATIVAS, SAIS, CAPS",ACTIVO,HABIDO,SAN MARTIN,RIOJA,NUEVA CAJAMARCA,,,,2026-09-20T01:43:21.108Z
20450319423,COOPERATIVA AGRARIA DE SERVICIOS MULTIPLES CAFE DONCEL,"COOPERATIVAS, SAIS, CAPS",ACTIVO,HABIDO,SAN MARTIN,MOYOBAMBA,SORITOR,,,,2026-09-20T01:43:21.108Z
20450638791,ASOCIACION DE CASTAÑEROS DE LA RESERVA DE TAMBOPATA LOS PIONEROS - ASCART,ASOCIACION,ACTIVO,HABIDO,MADRE DE DIOS,TAMBOPATA,LAS PIEDRAS,,,,2026-09-20T01:43:21.108Z
20452774705,COOPERATIVA AGRARIA CACAO VRAE,"COOPERATIVAS, SAIS, CAPS",ACTIVO,HABIDO,CUSCO,LA CONVENCION,KIMBIRI,921060381,COOPERATIVACACAOVRAE@GMAIL.COM,S0645093,2026-09-20T01:43:21.108Z
20454319169,ASOCIACION LA JOYA AGRO EXPORT,ASOCIACION,ACTIVO,HABIDO,AREQUIPA,AREQUIPA,JACOBO HUNTER,,,,2026-09-20T01:43:21.108Z
20454864604,ASOCIACION DE PRODUCTORES AGROINDUSTRIALES SIGUAS MAJES - PRASIMEX,ASOCIACION,ACTIVO,HABIDO,AREQUIPA,CAYLLOMA,MAJES,,,,2026-09-20T01:43:21.108Z
20455129321,ASOCIACIÓN DE CRIADORES DE ALPACAS DEL DISTRITO DE SIBAYO ASCADIS,ASOCIACION,BAJA PROV. POR OFICIO,NO HABIDO,AREQUIPA,CAYLLOMA,SIBAYO,,,S1663828,2026-09-20T01:43:21.108Z
20455429120,ASOCIACION DE PRODUCTORES AGROPECUARIOS DE AGROEXPORTACION E-4 IRRIGACION  MAJES-AREQUIPA,ASOCIACION,BAJA PROV. POR OFICIO,HABIDO,AREQUIPA,CAYLLOMA,MAJES,,,,2026-09-20T01:43:21.108Z
20479595276,COOPERATIVA AGRARIA CAFETALERA CASIL LTDA.,"COOPERATIVAS, SAIS, CAPS",ACTIVO,HABIDO,CAJAMARCA,SAN IGNACIO,SAN IGNACIO,,,,2026-09-20T01:43:21.108Z
20479622699,COOPERATIVA AGRARIA JUAN MARCO EL PALTO,"COOPERATIVAS, SAIS, CAPS",ACTIVO,HABIDO,AMAZONAS,UTCUBAMBA,LONYA GRANDE,,,,2026-09-20T01:43:21.108Z
20479728501,ASOCIACION AGROPECUARIA DE MOLINOPAMPA,ASOCIACION,ACTIVO,HABIDO,AMAZONAS,CHACHAPOYAS,MOLINOPAMPA,041-478026,JULY_1@HOTMAIL.COM,S0003285,2026-09-20T01:43:21.108Z
20479856258,ASOCIACION DE PRODUCTORES AGROPECUARIOS LUIS SOLIBARRIA,ASOCIACION,BAJA DE OFICIO,HABIDO,AMAZONAS,UTCUBAMBA,BAGUA GRANDE,941922277,vmcampos_2@hotmail.com,B0003863,2026-09-20T01:43:21.108Z
20479917141,COOPERATIVA AGRARIA CENTRAL DE PRODUCTORES DE AMAZONAS,"COOPERATIVAS, SAIS, CAPS",ACTIVO,HABIDO,AMAZONAS,UTCUBAMBA,CAJARURO,,,,2026-09-20T01:43:21.108Z
20480118295,ASOCIACION DE PRODUCTORES AGROPECUARIOS SANTO TOMAS,ASOCIACION,ACTIVO,HABIDO,AMAZONAS,LUYA,SANTO TOMAS,945205853,marbelith_yo@hotmail.com,S1580111,2026-09-20T01:43:21.108Z
20480458550,COOPERATIVA AGRARIA APROCAM,"COOPERATIVAS, SAIS, CAPS",ACTIVO,HABIDO,AMAZONAS,BAGUA,BAGUA,943 813 290,CERTIFICACIONES.APROCAM@GMAIL.COM,S1846386,2026-09-20T01:43:21.108Z
20480762895,ASOCIACION DE PRODUCTORES AGROPECUARIOS LA FLOR DE CAFE,ASOCIACION,BAJA DE OFICIO,HABIDO,AMAZONAS,RODRIGUEZ DE MENDOZA,SAN NICOLAS,,,,2026-09-20T01:43:21.108Z
20481402540,ASOCIACION DE APICULTORES NECTAR DE VIDA DEL VALLE CHICAMA,ASOCIACION,BAJA DE OFICIO,HABIDO,LA LIBERTAD,ASCOPE,PAIJAN,,,,2026-09-20T01:43:21.108Z
20481929122,ASOCIACION DE PEQUEÑOS PRODUCTORES AGROPECUARIOS PERLA DEL PARAISO,ASOCIACION,ACTIVO,HABIDO,LA LIBERTAD,OTUZCO,AGALLPAMPA,987771691,ab-luis@hotmail.com,S0867961,2026-09-20T01:43:21.108Z
20482423320,ASOCIACION DE PRODUCTORES AGROINDUSTRIALES SANTA ROSA,ASOCIACION,BAJA DE OFICIO,HABIDO,LA LIBERTAD,OTUZCO,OTUZCO,949704968,apasanta_rosacaupar@yahoo.com,S0863797,2026-09-20T01:43:21.108Z
20482572163,COOPERATIVA AGRARIA DE PRODUCTORES LA VICTORIA CACHICADAN - COAPROLAVIC,"COOPERATIVAS, SAIS, CAPS",ACTIVO,HABIDO,LA LIBERTAD,SANTIAGO DE CHUCO,CACHICADAN,,,,2026-09-20T01:43:21.108Z
20484163902,COOPERATIVA AGRARIA APPROCAP LTDA,"COOPERATIVAS, SAIS, CAPS",ACTIVO,HABIDO,PIURA,MORROPON,SAN JUAN DE BIGOTE,,,,2026-09-20T01:43:21.108Z
20485945815,COOPERATIVA AGRARIA CAFETALERA ECOLOGICO ALTO PALOMAR,"COOPERATIVAS, SAIS, CAPS",SUSPENSION TEMPORAL,HABIDO,JUNIN,CHANCHAMAYO,SAN LUIS DE SHUARO,,,,2026-09-20T01:43:21.108Z
20486049198,COOPERATIVA AGROPECUARIA DE SERVICIOS VALLE DEL CUNAS LIMITADA (CAS VALLE DEL CUNAS LTDA),"COOPERATIVAS, SAIS, CAPS",SUSPENSION TEMPORAL,HABIDO,JUNIN,CONCEPCION,SAN JOSE DE QUERO,,,,2026-09-20T01:43:21.108Z
20486073145,ASOCIACION AGRO GANADERO ECOLOGICO DEL ALTO CACAZU - VILLA RICA,ASOCIACION,BAJA DE OFICIO,HABIDO,PASCO,OXAPAMPA,VILLA RICA,,,,2026-09-20T01:43:21.108Z
20486094657,ASOCIACION DE PRODUCTORES DE CAFES ESPECIALES MOUNTAIN COFFE,ASOCIACION,ACTIVO,NO HABIDO,JUNIN,CHANCHAMAYO,PICHANAQUI,,,,2026-09-20T01:43:21.108Z
20486217830,COMUNIDAD CAMPESINA DE SANTA BARBARA,"COMUNIDAD CAMPESINA, NATIVA",ACTIVO,HABIDO,HUANCAVELICA,HUANCAVELICA,HUANCAVELICA,954474824,chahuayo_d@hotmail.com,S0831285,2026-09-20T01:43:21.108Z
20486255090,COOPERATIVA AGRARIA SANGARENI,"COOPERATIVAS, SAIS, CAPS",ACTIVO,HABIDO,JUNIN,SATIPO,PANGOA,,,,2026-09-20T01:43:21.108Z
20486668335,COOPERATIVA AGROINDUSTRIAL SONOMORO LTDA,"COOPERATIVAS, SAIS, CAPS",SUSPENSION TEMPORAL,HABIDO,JUNIN,SATIPO,PANGOA,964557158,CAISONOMORO1@HOTMail.com,S1522292,2026-09-20T01:43:21.108Z
20486876019,COOPERATIVA AGROECOLOGICO INDUSTRIAL MAZAMARI LTDA,"COOPERATIVAS, SAIS, CAPS",ACTIVO,HABIDO,JUNIN,SATIPO,MAZAMARI,,,,2026-09-20T01:43:21.108Z
20486973219,COOPERATIVA AGRARIA SONOMORO DEL VRAEM LTDA,"COOPERATIVAS, SAIS, CAPS",ACTIVO,HABIDO,JUNIN,SATIPO,PANGOA,,,S3021823,2026-09-20T01:43:21.108Z
20487226875,ORGANIZACION CENTRAL DE PRODUCTORES DE GRANADILLAS ESPECIALES DE LA PROVINCIA DE OXAPAMPA-PASCO,ASOCIACION,ACTIVO,HABIDO,PASCO,OXAPAMPA,OXAPAMPA,462339,dapaucar@hotmail.com,S0776139,2026-09-20T01:43:21.108Z
20487242994,COOPERATIVA AGRARIA ECOLOGICA CACAOTERA VALLE RIO ENE - COOPAVRE,"COOPERATIVAS, SAIS, CAPS",ACTIVO,HABIDO,JUNIN,SATIPO,SATIPO,064-545681,COOPAVRE2010@YAHOO.COM.PE,S0644488,2026-09-20T01:43:21.108Z
20487351343,ASOCIACION DE PRODUCTORES AGROPECUARIOS TUPAC AMARU DE CHIÑAMA,ASOCIACION,BAJA DE OFICIO,HABIDO,LAMBAYEQUE,CHICLAYO,CHICLAYO,,,,2026-09-20T01:43:21.108Z
20487558363,ASOCIACION DE PRODUCTORES DE BAMBU RIO MARAÑON,ASOCIACION,ACTIVO,HABIDO,AMAZONAS,BAGUA,ARAMANGO,,,S2958164,2026-09-20T01:43:21.108Z
20487589242,ASOCIACION PRODUCTORES AGROPECUARIOS CERRO NEGRO,ASOCIACION,BAJA DE OFICIO,HABIDO,LAMBAYEQUE,FERREÑAFE,INCAHUASI,942874476,carmela_1969@hotmail.com,S1445116,2026-09-20T01:43:21.108Z
20487661539,ASOCIACION DE PRODUCTORES CACAOTEROS DEL DISTRITO DE HUARANGO,ASOCIACION,ACTIVO,HABIDO,CAJAMARCA,SAN IGNACIO,HUARANGO,,,,2026-09-20T01:43:21.108Z
20489293898,COMUNIDAD CAMPESINA DE CHINCHE TINGO,"COMUNIDAD CAMPESINA, NATIVA",ACTIVO,HABIDO,PASCO,DANIEL ALCIDES CARRION,YANAHUANCA,985181478,aldoem_cpc23300@hotmail.com,S0375912,2026-09-20T01:43:21.108Z
20489969221,ASOCIACION FORESTAL INDIGENA MADRE DE DIOS - AFIMAD,ASOCIACION,ACTIVO,HABIDO,MADRE DE DIOS,TAMBOPATA,TAMBOPATA,,,,2026-09-20T01:43:21.108Z
20490195301,ASOCIACION DE MUJERES PRODUCTORAS SANTO DOMINGO TALLARIN DE CASA,ASOCIACION,ACTIVO,HABIDO,APURIMAC,ABANCAY,ABANCAY,083-983677041,edibarajase@hotmail.com,S0563781,2026-09-20T01:43:21.108Z
20490264397,ASOCIACION DE PRODUCTORES FRUTICOLAS Y PALTOS DEL VALLE DE LIMATAMBO,ASOCIACION,ACTIVO,HABIDO,CUSCO,ANTA,LIMATAMBO,,,,2026-09-20T01:43:21.108Z
20490395653,ASOCIACION DE PRODUCTORES AGROPECUARIOS LA VICTORIA OSCCOLLO COCHARCAS,ASOCIACION,ACTIVO,HABIDO,APURIMAC,CHINCHEROS,COCHARCAS,,,,2026-09-20T01:43:21.108Z
20490415603,EJECUTOR DE CONTRATO DE ADMINISTRACION DE LA RESERVA COMUNAL AMARAKAERI - ECA AMARAKAERI,ASOCIACION,ACTIVO,HABIDO,MADRE DE DIOS,TAMBOPATA,TAMBOPATA,082502509,administracion@amarakaeri.org,S1845854,2026-09-20T01:43:21.108Z
20490594265,ASOCIACION DE PRODUCTORES AGROPECUARIOS ORGANICOS VALLE PAMPAS - APAOVAP,ASOCIACION,BAJA DE OFICIO,HABIDO,APURIMAC,CHINCHEROS,HUACCANA,,,,2026-09-20T01:43:21.108Z
20490672835,ASOCIACION DE PRODUCTORES FLOR DE PAPA DE CHULLCUISA ALTA - ASOCIACION FLOR DE PAPA,ASOCIACION,BAJA DE OFICIO,HABIDO,APURIMAC,ANDAHUAYLAS,SAN JERONIMO,,,,2026-09-20T01:43:21.108Z
20490726196,ASOCIACIÓN DE PRODUCTORES AGROPECUARIOS VALLESITO - CHAHUARES,ASOCIACION,ACTIVO,HABIDO,CUSCO,LA CONVENCION,ECHARATE,,,,2026-09-20T01:43:21.108Z
20490790447,COOPERATIVA SERVICIOS ESPECIALES DE LAS COMUNIDADES CAMPESINAS DE CHUMBIVILCAS LTDA - COOSE - CCCH,"COOPERATIVAS, SAIS, CAPS",SUSPENSION TEMPORAL,NO HABIDO,CUSCO,CHUMBIVILCAS,SANTO TOMAS,9663427779,aleva_1919@hotmail.com,S0657971,2026-09-20T01:43:21.108Z
20490810146,COOPERATIVA AGRARIA MACHUPICCHU LTDA - CAGMA LTDA,"COOPERATIVAS, SAIS, CAPS",ACTIVO,HABIDO,APURIMAC,ANDAHUAYLAS,SAN JERONIMO,,,S2020690,2026-09-20T01:43:21.108Z
20490822071,ASOCIACION DE MODULOS DE MEJORAMIENTO GENETICO DE CAMELIDOS SUDAMERICANOS DE CONDOROMA,ASOCIACION,BAJA DE OFICIO,HABIDO,CUSCO,ESPINAR,CONDOROMA,,,,2026-09-20T01:43:21.108Z
20490989871,ASOCIACIÓN DE PRODUCTORES AGROPECUARIOS TUPAC AMARU - TUNGASUCA,ASOCIACION,ACTIVO,HABIDO,CUSCO,CANAS,TUPAC AMARU,,,S1580037,2026-09-20T01:43:21.108Z
20491050960,COOPERATIVA AGRARIA INDUSTRIAL DEL VALLE SAGRADO AGROVAS LTDA,"COOPERATIVAS, SAIS, CAPS",ACTIVO,HABIDO,CUSCO,CALCA,CALCA,084-224772,AGROVAS.CUSCO@GMAIL.COM,S1245571,2026-09-20T01:43:21.108Z
20491086727,ASOCIACION DE PEQUEÑOS PRODUCTORES AGROPECUARIOS Y FORESTALES ORGANICOS ITAHUANIA - MANU,ASOCIACION,BAJA DE OFICIO,HABIDO,MADRE DE DIOS,MANU,MANU,082830674,fortunatoqg1960@hotmail.com,S0963860,2026-09-20T01:43:21.108Z
20491149664,ASOCIACION DE PRODUCTORES VIRGEN DE CONCEPCION - APVC,ASOCIACION,ACTIVO,HABIDO,APURIMAC,ANDAHUAYLAS,ANDAHUAYLAS,,,,2026-09-20T01:43:21.108Z
20491164469,ASOCIACION DE PRODUCTORES AGROPECUARIOS SUMACC INTI DE HUANCABAMBA - APASIHA,ASOCIACION,ACTIVO,HABIDO,APURIMAC,ANDAHUAYLAS,ANDAHUAYLAS,,,,2026-09-20T01:43:21.108Z
20491172135,ASOCIACION DE PRODUCTORES DE ALPACAS TAMBOINCA,ASOCIACION,BAJA DE OFICIO,HABIDO,APURIMAC,ABANCAY,ABANCAY,,,,2026-09-20T01:43:21.108Z
20491199769,ASOCIACION DE FRUTICULTORES DE LA MICROCUENCA DE ONGOY LOS AYNIS - AFRUMCO,ASOCIACION,BAJA DE OFICIO,HABIDO,APURIMAC,CHINCHEROS,ONGOY,,,,2026-09-20T01:43:21.108Z
20491204436,COOPERATIVA AGRARIA DE SERVICIOS MULTIPLES TESORO CHANKA DE KISHUARA - COOPAGROS - KISHUARA,"COOPERATIVAS, SAIS, CAPS",ACTIVO,HABIDO,APURIMAC,ANDAHUAYLAS,KISHUARA,961613060,asotol25@hotmail.com,S1188764,2026-09-20T01:43:21.108Z
20491248646,ASOCIACION DE PRODUCTORES AGROPECUARIOS QUISAGUI - RIO BLANCO,ASOCIACION,BAJA DE OFICIO,HABIDO,APURIMAC,CHINCHEROS,HUACCANA,,,,2026-09-20T01:43:21.108Z
20491717221,DERIVADOS LACTEOS BARRETO S.R.L.,SOC.COM.RESPONS. LTDA,ACTIVO,HABIDO,LIMA,LIMA,LOS OLIVOS,,,,2026-09-20T01:43:21.108Z
20493934822,COOPERATIVA AGRARIA NUEVO AMANECER LTDA.,"COOPERATIVAS, SAIS, CAPS",ACTIVO,HABIDO,SAN MARTIN,LAMAS,BARRANQUITA,,,,2026-09-20T01:43:21.108Z
20493959574,COOPERATIVA AGRARIA DE SERVICIOS MUJERES TECNOLOGAS CACAOTERAS DE LA PROVINCIA DE HUALLAGA LTDA,"COOPERATIVAS, SAIS, CAPS",SUSPENSION TEMPORAL,HABIDO,SAN MARTIN,HUALLAGA,SAPOSOA,996803584,warmitech@hotmail.com,S0653742,2026-09-20T01:43:21.108Z
20494126819,ASOCIACION DE PRODUCTORES AGROPECUARIOS RIO MAYO SHANAO,ASOCIACION,ACTIVO,HABIDO,SAN MARTIN,LAMAS,SHANAO,,,S3031206,2026-09-20T01:43:21.108Z
20494145791,ASOCIACION ECOLOGICA Y DE PRODUCTORES AGROPECUARIOS SAN JOSE OBRERO,ASOCIACION,ACTIVO,HABIDO,LORETO,ALTO AMAZONAS,TENIENTE CESAR LOPEZ ROJAS,,,,2026-09-20T01:43:21.108Z
20494699690,ASOCIACION DE PRODUCTORES DE CACAO ECOLOGICO DE KIMBIRI - APROCEK,ASOCIACION,ACTIVO,HABIDO,CUSCO,LA CONVENCION,KIMBIRI,959149529,aprocekvraem@gmail.com,S2687914,2026-09-20T01:43:21.108Z
20494923832,ASOCIACION NUEVA ESPERANZA ALLPACHACA,ASOCIACION,BAJA DE OFICIO,HABIDO,AYACUCHO,HUAMANGA,CHIARA,,,,2026-09-20T01:43:21.108Z
20494939160,ASOCIACION DE PRODUCTORES AGRICOLAS Y GANADEROS INTI RAYMI,ASOCIACION,BAJA DE OFICIO,HABIDO,AYACUCHO,VILCAS HUAMAN,VILCAS HUAMAN,066313966,chernestor@hotmail.com,S0753920,2026-09-20T01:43:21.108Z
20495177697,ASOCIACION DE PRODUCTORES AGROPECUARIOS DE CAMAYOC,ASOCIACION,ACTIVO,HABIDO,HUANCAVELICA,CASTROVIRREYNA,SAN JUAN,,,,2026-09-20T01:43:21.108Z
20517247805,COORDINADORA NACIONAL DE PRODUCTORES DE PAPA DEL PERU- CORPAPA,ASOCIACION,BAJA DE OFICIO,HABIDO,LIMA,LIMA,LIMA,,,,2026-09-20T01:43:21.108Z
20520081152,ASOCIACION DE PRODUCTORES AGRARIOS DE SUSAPAYA,ASOCIACION,BAJA DE OFICIO,HABIDO,TACNA,TACNA,ALTO DE LA ALIANZA,,,,2026-09-20T01:43:21.108Z
20520081233,ASOCIACION DE VITIVINICULTORES DE MOQUEGUA 'AVIMO',ASOCIACION,BAJA DE OFICIO,NO HABIDO,MOQUEGUA,MARISCAL NIETO,SAN ANTONIO,955614934,ineyp@yahoo.com,B1310119,2026-09-20T01:43:21.108Z
20521131218,ASOCIACION DE PRODUCTORES DE TUNA Y COCHINILLA-APROTYC,ASOCIACION,BAJA DE OFICIO,HABIDO,LIMA,LIMA,SAN MARTIN DE PORRES,,,,2026-09-20T01:43:21.108Z
20525839690,ASOCIACION DE PRODUCTORES AGROPECUARIOS DE LA PROVINCIA DE MORROPON,ASOCIACION,ACTIVO,HABIDO,PIURA,MORROPON,MORROPON,360286,aspromor.org@gmail.com,S0797321,2026-09-20T01:43:21.108Z
20525955843,COOPERATIVA AGRARIA ECOLÓGICA Y SOLIDARIA PIURA - CAES PIURA,"COOPERATIVAS, SAIS, CAPS",ACTIVO,HABIDO,PIURA,PIURA,PIURA,,,,2026-09-20T01:43:21.108Z
20525969551,"COOPERATIVA AGRARIA DE PRODUCTORES DE BANANO, CACAO ORGANICO Y OTROS CULTIVOS AGRARIOS LTDA","COOPERATIVAS, SAIS, CAPS",ACTIVO,HABIDO,PIURA,MORROPON,BUENOS AIRES,,,,2026-09-20T01:43:21.108Z
20526179367,COOPERATIVA AGRARIA DE USUARIOS ASPRAOSRA LTDA,"COOPERATIVAS, SAIS, CAPS",ACTIVO,HABIDO,PIURA,MORROPON,BUENOS AIRES,969275454,ASPRAOSRA@GMAIL.COM,B0969989,2026-09-20T01:43:21.108Z
20526514689,ASOCIACION DE PRODUCTORES AGROPECUARIOS ARTESANALES E INDUSTRIALES SAN FRANCISCO DE LOMA LARGA,ASOCIACION,BAJA DE OFICIO,HABIDO,PIURA,HUANCABAMBA,SAN MIGUEL DE EL FAIQUE,,,,2026-09-20T01:43:21.108Z
20526888686,CENTRAL DE COMUNIDADES CAMPESINAS DE RANRACANCHA,ASOCIACION,SUSPENSION TEMPORAL,HABIDO,APURIMAC,CHINCHEROS,RANRACANCHA,941872477,JAANCONSULTORES2013@hotmail.com,B0005012,2026-09-20T01:43:21.108Z
20527491232,RECOLECTORES ORGANICOS DE LA NUEZ AMAZONICA DEL PERU,ASOCIACION,ACTIVO,HABIDO,MADRE DE DIOS,TAMBOPATA,TAMBOPATA,,,,2026-09-20T01:43:21.108Z
20527492638,COMUNIDAD NATIVA SHIPETIARI,"COMUNIDAD CAMPESINA, NATIVA",ACTIVO,HABIDO,MADRE DE DIOS,MANU,MANU,972828349,mateo1augusto@hotmail.com,S1261443,2026-09-20T01:43:21.108Z
20527504741,ASOCIACION DE AGRICULTORES DE QQUEROHUASI,ASOCIACION,BAJA DE OFICIO,HABIDO,CUSCO,QUISPICANCHI,ANDAHUAYLILLAS,,,,2026-09-20T01:43:21.108Z
20527565376,COOPERATIVA AGRARIA CAFETALERA VALLE DE INCAHUASI,"COOPERATIVAS, SAIS, CAPS",ACTIVO,HABIDO,APURIMAC,ANDAHUAYLAS,ANDAHUAYLAS,,,,2026-09-20T01:43:21.108Z
20527622434,ASOCIACION DE PRODUCTORES LACTEOS DE CUATRO LAGUNAS POMACANCHI,ASOCIACION,ACTIVO,HABIDO,CUSCO,ACOMAYO,POMACANCHI,930475649,aprolap123@hotmail.com,S0531649,2026-09-20T01:43:21.108Z
20527644675,ASOCIACION DE PALMICULTORES SAN JUAN,ASOCIACION,ACTIVO,HABIDO,MADRE DE DIOS,TAMBOPATA,TAMBOPATA,,,,2026-09-20T01:43:21.108Z
20527890285,ASOCIACION DE FRUTICULTORES DEL VALLE PAMPAS- AFRUVAP,ASOCIACION,BAJA DE OFICIO,HABIDO,APURIMAC,CHINCHEROS,CHINCHEROS,,,,2026-09-20T01:43:21.108Z
20528270434,ASOCIACION DE PRODUCTORES DE CAMU CAMU DE LAS CUENCAS AMAZONAS NAPO Y TIGRE,ASOCIACION,BAJA DE OFICIO,NO HABIDO,LORETO,MAYNAS,PUNCHANA,505205,,S0523366,2026-09-20T01:43:21.108Z
20528396535,ASOCIACION DE PRODUCTORES Y MANEJO DE AGUAJE,ASOCIACION,ACTIVO,HABIDO,LORETO,DATEM DEL MARAÑON,PASTAZA,,,,2026-09-20T01:43:21.108Z
20528996214,COOPERATIVA AGRARIA CAFETALERA MILAGROS - MONZON,"COOPERATIVAS, SAIS, CAPS",ACTIVO,HABIDO,HUANUCO,HUAMALIES,MONZON,,,,2026-09-20T01:43:21.108Z
20529088176,"PRODUCTORES ASOCIADOS DE PAPA AMARILLA TUMBAY ""PAPATY""",ASOCIACION,ACTIVO,HABIDO,HUANUCO,AMBO,TOMAY KICHWA,,,,2026-09-20T01:43:21.108Z
20529095971,ASOCIACION DE PRODUCTORES AGROPECUARIOS NUEVA ALTERNATIVA PRODUCTIVA Y PROTECCION AMBIENTAL,ASOCIACION,ACTIVO,HABIDO,PASCO,DANIEL ALCIDES CARRION,YANAHUANCA,990664858,apronappa@hotmail.com,S1016692,2026-09-20T01:43:21.108Z
20529126523,ASOCIACION DE PRODUCTORES AGROPECUARIOS PARAISO DE HORTENSIAS,ASOCIACION,BAJA DE OFICIO,HABIDO,HUANUCO,HUANUCO,CHINCHAO,,,,2026-09-20T01:43:21.108Z
20529538988,COOPERATIVA DE SERVICIOS ESPECIALES REDES DE PRODUCTORES DE CUYES DEL CRISNEJAS,"COOPERATIVAS, SAIS, CAPS",ACTIVO,HABIDO,CAJAMARCA,CAJABAMBA,CONDEBAMBA,976036480,coopredescuysms@gmail.com,S1303675,2026-09-20T01:43:21.108Z
20529801433,OPA MARAY-ULLMA SAN LORENZO,ASOCIACION,BAJA DE OFICIO,HABIDO,PIURA,HUANCABAMBA,LALAQUIZ,,,,2026-09-20T01:43:21.108Z
20529822350,OPA PAPAYO - LA LAGUNA,ASOCIACION,BAJA DE OFICIO,NO HABIDO,PIURA,HUANCABAMBA,LALAQUIZ,,,,2026-09-20T01:43:21.108Z
20531405723,COOPERATIVA DE SERVICIOS MULTIPLES ADISA NARANJOS,"COOPERATIVAS, SAIS, CAPS",ACTIVO,HABIDO,SAN MARTIN,RIOJA,PARDO MIGUEL,971191200,coop.adisa@gmail.com,S0203748,2026-09-20T01:43:21.108Z
20531441797,COOPERATIVA AGRARIA ALLIMA CACAO LTDA.,"COOPERATIVAS, SAIS, CAPS",ACTIVO,HABIDO,SAN MARTIN,SAN MARTIN,CHAZUTA,987055246,allimacacao@gmail.com,S2586900,2026-09-20T01:43:21.108Z
20532561397,COMUNIDAD CAMPESINA SAN LORENZO DE CHOJATA,"COMUNIDAD CAMPESINA, NATIVA",ACTIVO,HABIDO,MOQUEGUA,GENERAL SANCHEZ CERRO,CHOJATA,053838008,MAALDONADO_RCT@HOTMAIL.COM,S0575341,2026-09-20T01:43:21.108Z
20532737932,COMUNIDAD CAMPESINA DE ARUNTAYA,"COMUNIDAD CAMPESINA, NATIVA",ACTIVO,HABIDO,MOQUEGUA,MARISCAL NIETO,CARUMAS,,,S1682833,2026-09-20T01:43:21.108Z
20532800561,ASOCIACION DE FRUTICULTORES Y AGROINDUSTRIALES DEL VALLE CINTO LOCUMBA,ASOCIACION,BAJA DE OFICIO,NO HABIDO,TACNA,JORGE BASADRE,LOCUMBA,,,,2026-09-20T01:43:21.108Z
20532978204,ASOCIACION DE PRODUCTORES AGROINDUSTRIALES CORAGUAYA,ASOCIACION,BAJA DE OFICIO,HABIDO,TACNA,JORGE BASADRE,ILABAYA,,,,2026-09-20T01:43:21.108Z
20533006346,ASOCIACION DE PRODUCTORES DE OREGANO MURALLA,ASOCIACION,BAJA DE OFICIO,NO HABIDO,TACNA,CANDARAVE,HUANUARA,,,,2026-09-20T01:43:21.108Z
20533263233,ASOCIACION EMPRENDEDOR DE LOS ANDES,ASOCIACION,BAJA DE OFICIO,HABIDO,TACNA,TARATA,ESTIQUE,,,,2026-09-20T01:43:21.108Z
20533718176,ASOCIACION PRODUCTORES AGROPECUARIOS SANTA ROSA DE KIMAN AYLLU,ASOCIACION,ACTIVO,HABIDO,ANCASH,HUAYLAS,YURACMARCA,,,,2026-09-20T01:43:21.108Z
20534142146,ASOCIACION DE PRODUCTORES Y COMERCIANTES DE TARA DE PUCHKA,ASOCIACION,BAJA DE OFICIO,NO HABIDO,ANCASH,HUARAZ,HUARAZ,,,,2026-09-20T01:43:21.108Z
20534200952,ASOCIACION DE GANADEROS Y PRODUCTORES LACTEOS MUSUQ ALLPACHAKA,ASOCIACION,ACTIVO,HABIDO,AYACUCHO,HUAMANGA,CHIARA,969800976,MENESES_1703@HOTMAIL.COM,S0663846,2026-09-20T01:43:21.108Z
20534487801,ASOCIACION DE PRODUCTORES AGROINDUSTRIALES EMPRENDEDORES DE PUYUSCA - INCUYO,ASOCIACION,ACTIVO,HABIDO,AYACUCHO,PARINACOCHAS,PUYUSCA,961627761,carlos.camus@caritas.org.pe,S0717137,2026-09-20T01:43:21.108Z
20534524774,COOPERATIVA AGRARIA TROPICAL ECOLOGICA DE KIMBIRI,"COOPERATIVAS, SAIS, CAPS",ACTIVO,HABIDO,CUSCO,LA CONVENCION,KIMBIRI,,,,2026-09-20T01:43:21.108Z
20534560223,ASOCIACION DE PRODUCTORES AGROPECUARIOS TECNIFICADOS Y MULTISERVICIOS ARIZONA - APROATECMA,ASOCIACION,BAJA DE OFICIO,HABIDO,AYACUCHO,HUAMANGA,VINCHOS,,,,2026-09-20T01:43:21.108Z
20534598620,ASOCIACION DE PRODUCTORES AGROPECUARIOS ORGANICOS DE OMAYA,ASOCIACION,BAJA DE OFICIO,NO HABIDO,CUSCO,LA CONVENCION,PICHARI,981620580,ing.ciromar@hotmail.com,S0740404,2026-09-20T01:43:21.108Z
20534847352,COOPERATIVA AGRARIA DE PRODUCTORES ORGANICOS DE LA SIERRA,"COOPERATIVAS, SAIS, CAPS",SUSPENSION TEMPORAL,HABIDO,AYACUCHO,HUAMANGA,AYACUCHO,,,,2026-09-20T01:43:21.108Z
20535132047,COMUNIDAD INDIGENA DE CCARHUANCHO,"COMUNIDAD CAMPESINA, NATIVA",ACTIVO,HABIDO,HUANCAVELICA,HUAYTARA,PILPICHACA,,,,2026-09-20T01:43:21.108Z
20539205600,ASOCIACION DE PRODUCTORES Y EXPORTADORES DE CAFE RODRIGUEZ DE MENDOZA,ASOCIACION,ACTIVO,HABIDO,AMAZONAS,RODRIGUEZ DE MENDOZA,OMIA,,,,2026-09-20T01:43:21.108Z
20539241665,ASOCIACION DE PRODUCTORES DE CAFES ORGANICOS Y CAFES ESPECIALES DE AMAZONAS,ASOCIACION,ACTIVO,HABIDO,AMAZONAS,RODRIGUEZ DE MENDOZA,SAN NICOLAS,,,,2026-09-20T01:43:21.108Z
20539280644,ASOCIACION DE PEQUEÑOS AGRICULTORES PARA LA PRODUCCION ECOLOGICA SAN MATEO DE PENACHI,ASOCIACION,BAJA DE OFICIO,HABIDO,LAMBAYEQUE,CHICLAYO,CHICLAYO,,,,2026-09-20T01:43:21.108Z
20539422881,COOPERATIVA DE SERVICIOS ESPECIALES ALPAQUEROS LOS WATAY PONCHOS DE CAYLLOMA - COSECAY,"COOPERATIVAS, SAIS, CAPS",SUSPENSION TEMPORAL,HABIDO,AREQUIPA,CAYLLOMA,CAYLLOMA,,,,2026-09-20T01:43:21.108Z
20539619595,ASOCIACION DE PRODUCTORES AGROPECUARIOS CORPAM,ASOCIACION,BAJA PROV. POR OFICIO,HABIDO,AREQUIPA,CASTILLA,PAMPACOLCA,,,,2026-09-20T01:43:21.108Z
20539644603,ASOCIACION DE PRODUCTORES PARA LA AGROEXPORTACION DE PUQUINA,ASOCIACION,BAJA PROV. POR OFICIO,HABIDO,MOQUEGUA,GENERAL SANCHEZ CERRO,PUQUINA,,,,2026-09-20T01:43:21.108Z
20541732706,SERVICIO PARA EL DESARROLLO INTEGRAL RURAL,ASOCIACION,ACTIVO,HABIDO,ANCASH,SANTA,MORO,,,S2474132,2026-09-20T01:43:21.108Z
20542209951,COOPERATIVA AGRARIA VALLE GRANDE,"COOPERATIVAS, SAIS, CAPS",ACTIVO,HABIDO,SAN MARTIN,MOYOBAMBA,SORITOR,,,,2026-09-20T01:43:21.108Z
20542242222,COOPERATIVA AGROINDUSTRIAL DE CITRICULTORES - JUANJUI LTDA.,"COOPERATIVAS, SAIS, CAPS",ACTIVO,HABIDO,SAN MARTIN,MARISCAL CACERES,JUANJUI,,,,2026-09-20T01:43:21.108Z
20542251990,ASOCIACION DE MUJERES EMPRENDEDORAS DE NUEVO PROGRESO,ASOCIACION,ACTIVO,HABIDO,SAN MARTIN,TOCACHE,NUEVO PROGRESO,,,S0824999,2026-09-20T01:43:21.108Z
20542257416,EMPRESA INDUSTRIAL ORO VERDE SOCIEDAD ANONIMA CERRADA,SOCIEDAD ANONIMA CERRADA,ACTIVO,HABIDO,SAN MARTIN,LAMAS,LAMAS,,,,2026-09-20T01:43:21.108Z
20542264544,COOPERATIVA AGRARIA VALLE DEL BIAVO LTDA,"COOPERATIVAS, SAIS, CAPS",ACTIVO,HABIDO,SAN MARTIN,BELLAVISTA,BELLAVISTA,,,,2026-09-20T01:43:21.108Z
20542289024,CUENCAS DEL HUALLAGA ASOCIACION DE PRODUCTORES AGROPECUARIOS,ASOCIACION,ACTIVO,HABIDO,SAN MARTIN,MARISCAL CACERES,JUANJUI,,,,2026-09-20T01:43:21.108Z
20542299330,ASOCIACION DE PRODUCTORES AGROPECUARIOS DE SHUCUSHYACU FLOR DE CACAO,ASOCIACION,ACTIVO,HABIDO,LORETO,ALTO AMAZONAS,TENIENTE CESAR LOPEZ ROJAS,,,,2026-09-20T01:43:21.108Z
20542311569,COOPERATIVA AGRARIA ACHUAR SHAKAIM LTDA,"COOPERATIVAS, SAIS, CAPS",ACTIVO,HABIDO,LORETO,DATEM DEL MARAÑON,BARRANCA,,,,2026-09-20T01:43:21.108Z
20542380455,COOPERATIVA AGRARIA ECOFOREST,"COOPERATIVAS, SAIS, CAPS",ACTIVO,HABIDO,CAJAMARCA,JAEN,JAEN,,,,2026-09-20T01:43:21.108Z
20542482886,COOPERATIVA AGROINDUSTRIAL APCCA,"COOPERATIVAS, SAIS, CAPS",SUSPENSION TEMPORAL,HABIDO,HUANUCO,LEONCIO PRADO,SANTO DOMINGO DE ANDA,,,,2026-09-20T01:43:21.108Z
20542594251,ASOCIACION DE PRODUCTORES SIERRA MORENA DE SANTA ANA DE PUCUNAN - HERMANOS SANCHEZ C.,ASOCIACION,BAJA DE OFICIO,HABIDO,PASCO,DANIEL ALCIDES CARRION,SANTA ANA DE TUSI,,,,2026-09-20T01:43:21.108Z
20542617480,BIOINDUSTRIAS LACTEAS ESTRELLITA & BELEN EMPRESA INDIVIDUAL DE RESPONSABILIDAD LIMITADA,EMPRESA INDIVIDUAL DE RESP. LTDA,BAJA DE OFICIO,HABIDO,PUNO,LAMPA,CALAPUJA,,,,2026-09-20T01:43:21.108Z
20542813742,ASOCIACION COMUNIDAD AGRARIA ARCA PACAHUARA,ASOCIACION,BAJA DE OFICIO,HABIDO,MADRE DE DIOS,TAHUAMANU,IBERIA,982986002,meesgo3008@yahoo.com.co,S0761487,2026-09-20T01:43:21.108Z
20542817225,ASOCIACION DE CASTAÑEROS DE ALEGRIA - ASCA,ASOCIACION,BAJA DE OFICIO,HABIDO,MADRE DE DIOS,TAMBOPATA,LAS PIEDRAS,,,,2026-09-20T01:43:21.108Z
20542825163,COOPERATIVA AGRARIA CACAO FINO AGROBOSQUE,"COOPERATIVAS, SAIS, CAPS",ACTIVO,HABIDO,MADRE DE DIOS,TAMBOPATA,INAMBARI,959329872,cooperativagrobosque@gmail.com,S1629618,2026-09-20T01:43:21.108Z
20542827298,ASOCIACION DE AGRICULTORES AGROPECUARIOS DE LA COMUNIDAD EL PROGRESO,ASOCIACION,ACTIVO,HABIDO,MADRE DE DIOS,TAMBOPATA,INAMBARI,,,,2026-09-20T01:43:21.108Z
20558183552,COOPERATIVA AGRARIA DE SERVICIOS ALPAQUEROS YURAC QORI TISCO - COOPASAY TISCO,"COOPERATIVAS, SAIS, CAPS",ACTIVO,HABIDO,AREQUIPA,CAYLLOMA,TISCO,957843835,sassy0206@gmail.com,S2346500,2026-09-20T01:43:21.108Z
20559290336,CORPORACION ASOCIATIVA LA JOYA,ASOCIACION,BAJA PROV. POR OFICIO,HABIDO,AREQUIPA,AREQUIPA,LA JOYA,,,,2026-09-20T01:43:21.108Z
20561140091,COOPERATIVA AGRARIA ECOLOGICA CAFETALERA DE LONYA GRANDE,"COOPERATIVAS, SAIS, CAPS",SUSPENSION TEMPORAL,HABIDO,AMAZONAS,UTCUBAMBA,LONYA GRANDE,,,S1739327,2026-09-20T01:43:21.108Z
20563823641,ASOCIACION PERUANA DE PRODUCTORES DE ALPACAS Y LLAMAS SPAR - DISTRITAL DE PALLPATA,ASOCIACION,BAJA DE OFICIO,HABIDO,CUSCO,ESPINAR,PALLPATA,,,,2026-09-20T01:43:21.108Z
20563994453,COOPERATIVA AGRARIA ADIANES DE PHINAYA CUSCO - PERU,"COOPERATIVAS, SAIS, CAPS",ACTIVO,HABIDO,CUSCO,CANCHIS,PITUMARCA,,,,2026-09-20T01:43:21.108Z
20564032485,ASOCIACION DE PRODUCTORES ECOLOGICOS DE CACAO MEDIO URUBAMBA - IVOCHOTE,ASOCIACION,ACTIVO,HABIDO,CUSCO,LA CONVENCION,ECHARATE,,,,2026-09-20T01:43:21.108Z
20564152031,ASOCIACION DE ARTESANOS TRES ALPAQUITAS H&F,ASOCIACION,ACTIVO,HABIDO,CUSCO,QUISPICANCHI,MARCAPATA,,,,2026-09-20T01:43:21.108Z
20564218589,ASOCIACIÓN DE PRODUCTORES AGROPECUARIOS MI CULLAHUATA - VELILLE,ASOCIACION,BAJA DE OFICIO,HABIDO,CUSCO,CHUMBIVILCAS,VELILLE,,,,2026-09-20T01:43:21.108Z
20567261523,ORGANIZACION DE MANEJO DE RECURSOS NATURALES BUENOS AIRES,ASOCIACION,ACTIVO,HABIDO,LORETO,MAYNAS,IQUITOS,,,,2026-09-20T01:43:21.108Z
20568071281,COOPERATIVA AGRARIA CAFETALERA CEPRO YANESHA,"COOPERATIVAS, SAIS, CAPS",ACTIVO,HABIDO,PASCO,OXAPAMPA,VILLA RICA,063465073,cepro-yanesha@hotmail.com,S1508539,2026-09-20T01:43:21.108Z
20568080948,CONSEJO REGULADOR DE LA DENOMINACION DE ORIGEN CAFE VILLA RICA - C.R.D.O. CAFE VILLA RICA,ASOCIACION,ACTIVO,HABIDO,PASCO,OXAPAMPA,VILLA RICA,,,,2026-09-20T01:43:21.108Z
20568190450,COOPERATIVA AGRARIA KEMITO ENE LTDA. - KEMITO ENE,"COOPERATIVAS, SAIS, CAPS",ACTIVO,HABIDO,JUNIN,SATIPO,SATIPO,064545670,ASHANINKARIOENE@YAHOO.ES,S1041022,2026-09-20T01:43:21.108Z
20568194951,ASOCIACION DE PRODUCTORES AGROSOSTENIBLES VILLA ECOLOGICA PERU,ASOCIACION,ACTIVO,HABIDO,JUNIN,SATIPO,PANGOA,64 634079,apsosgerente@gmail.com,S1433366,2026-09-20T01:43:21.108Z
20568228368,ASOCIACION DE PRODUCTORES LACTEOS VIDA ABUNDANTE INGENIO,ASOCIACION,ACTIVO,HABIDO,JUNIN,HUANCAYO,INGENIO,,,,2026-09-20T01:43:21.108Z
20568230001,CORPORACION AGROPECUARIA YANACHAGA CHEMILLEN DE OXAPAMPA - CAYCOXA,ASOCIACION,ACTIVO,HABIDO,PASCO,OXAPAMPA,OXAPAMPA,,,,2026-09-20T01:43:21.108Z
20568236034,RED DE ASOCIACIONES DE MUJERES PRODUCTORAS Y EMPRENDENDORAS DE LA PROVINCIA DE JAUJA,ASOCIACION,ACTIVO,HABIDO,JUNIN,JAUJA,ATAURA,,,,2026-09-20T01:43:21.108Z
20568246188,ASOCIACION DE PRODUCTORES AGROPECUARIOS BOJACI DEL DISTRITO DE SINCOS - A.P.A. BOJACI - SINCOS,ASOCIACION,BAJA PROV. POR OFICIO,HABIDO,JUNIN,JAUJA,SINCOS,977794795,JOSYVAMANCAS@GMAIL.COM,S1214779,2026-09-20T01:43:21.108Z
20568257899,ASOCIACION DE PRODUCTORES AGROPECUARIOS FORESTAL Y ECOLOGICO WANKA SUR,ASOCIACION,ACTIVO,HABIDO,JUNIN,HUANCAYO,SAPALLANGA,,,,2026-09-20T01:43:21.108Z
20568428375,COOPERATIVA AGRARIA ASHANINKA DEL VALLE PICHIS,"COOPERATIVAS, SAIS, CAPS",ACTIVO,HABIDO,PASCO,OXAPAMPA,PUERTO BERMUDEZ,,,,2026-09-20T01:43:21.108Z
20568466030,ASOCIACION DE PRODUCTORES AGROPECUARIOS DE AGUAS TERMALES DE PUMARANRA,ASOCIACION,ACTIVO,HABIDO,HUANCAVELICA,ACOBAMBA,PAUCARA,,,,2026-09-20T01:43:21.108Z
20568549083,COOPERATIVA AGRARIA INDUSTRIAL APASC SANCORE-PALCAZU LTDA,"COOPERATIVAS, SAIS, CAPS",ACTIVO,HABIDO,PASCO,OXAPAMPA,PALCAZU,989051612,APSC.SANCORE@GMAIL.COM,S1285193,2026-09-20T01:43:21.108Z
20568560133,COOPERATIVA AGRARIA ECOLOGICO ALTO PALCAZU LAGUNA RAYA,"COOPERATIVAS, SAIS, CAPS",ACTIVO,HABIDO,PASCO,OXAPAMPA,VILLA RICA,,,,2026-09-20T01:43:21.108Z
20568567731,COOPERATIVA AGRARIA VILLA RICA GOLDEN COFFEE LTDA.,"COOPERATIVAS, SAIS, CAPS",ACTIVO,HABIDO,PASCO,OXAPAMPA,VILLA RICA,,,,2026-09-20T01:43:21.108Z
20568587333,ASOCIACION DE PRODUCTORES AGROECOLOGICOS UYSUS,ASOCIACION,BAJA DE OFICIO,HABIDO,JUNIN,HUANCAYO,CHILCA,,,,2026-09-20T01:43:21.108Z
20568609833,ASOCIACION DE MUJERES PRODUCTORAS ARTESANAS CACAO JENTARI - AMPROA CACAO JENTARI,ASOCIACION,BAJA DE OFICIO,HABIDO,JUNIN,SATIPO,RIO NEGRO,,,,2026-09-20T01:43:21.108Z
20568720866,ASOCIACION UNION POMAVILCA,ASOCIACION,ACTIVO,HABIDO,HUANCAVELICA,ACOBAMBA,ACOBAMBA,931322574,unionpomavilca@gmail.com,S0996264,2026-09-20T01:43:21.108Z
20568733411,"ASOCIACIÓN DE PRODUCTORES ""PIÑAS EL SAMAÑU""",ASOCIACION,BAJA DE OFICIO,HABIDO,JUNIN,SATIPO,PANGOA,,,,2026-09-20T01:43:21.108Z
20568771002,COMITÉ DE GESTIÓN DE PROYECTOS DE HUASAHUASI Y CASERÍOS - COMITÉ DE GESTIÓN HUASAHUASI,COMITES  INSCRITOS,ACTIVO,HABIDO,JUNIN,TARMA,HUASAHUASI,,,,2026-09-20T01:43:21.108Z
20568804709,COOPERATIVA AGRARIA MUJER ANDINA,"COOPERATIVAS, SAIS, CAPS",ACTIVO,HABIDO,JUNIN,CONCEPCION,SAN JOSE DE QUERO,,,,2026-09-20T01:43:21.108Z
20568858621,CENTRAL DE ORGANIZACIONES PRODUCTORAS DE CITRICOS DE LA PROVINCIA DE SATIPO,ASOCIACION,BAJA DE OFICIO,HABIDO,JUNIN,SATIPO,SATIPO,,,,2026-09-20T01:43:21.108Z
20568962282,ASOCIACIÓN DE PRODUCTORES CENTRO COFFEE,ASOCIACION,SUSPENSION TEMPORAL,HABIDO,JUNIN,CHANCHAMAYO,PICHANAQUI,,,S1070352,2026-09-20T01:43:21.108Z
20570699700,"""ASOCIACION DE PRODUCTORES AGROPECUARIOS PACHARUMI""",ASOCIACION,BAJA DE OFICIO,HABIDO,CAJAMARCA,JAEN,CHONTALI,,,,2026-09-20T01:43:21.108Z
20570706927,"""COOPERATIVA  AGRARIA RUTAS DEL INCA""","COOPERATIVAS, SAIS, CAPS",ACTIVO,HABIDO,CAJAMARCA,CHOTA,QUEROCOTO,,,,2026-09-20T01:43:21.108Z
20570822242,ASOCIACION DE PRODUCTORES AGROPECUARIOS E INDUSTRIALES DEL DISTRITO DE MATARA,ASOCIACION,ACTIVO,HABIDO,CAJAMARCA,CAJAMARCA,MATARA,,,,2026-09-20T01:43:21.108Z
20570838751,ASOCIACION DE PRODUCTORES AGROPECUARIOS SHICOMUMI ICHOCAN,ASOCIACION,ACTIVO,HABIDO,CAJAMARCA,SAN MARCOS,PEDRO GALVEZ,,,,2026-09-20T01:43:21.108Z
20570839056,ASOCIACION DE PRODUCTORES AGROPECUARIOS LOS EMPRENDEDORES DE CAJABAMBA - APALEC,ASOCIACION,ACTIVO,HABIDO,CAJAMARCA,CAJABAMBA,CAJABAMBA,,,,2026-09-20T01:43:21.108Z
20571335388,ASOCIACION DE AGRICULTORES AGROPECUARIOS SAN ISIDRO-ICHOC HUAYLAS-CARAZ,ASOCIACION,BAJA DE OFICIO,HABIDO,ANCASH,HUAYLAS,CARAZ,,,,2026-09-20T01:43:21.108Z
20571419301,ASOCIACION DE PRODUCTORES FRUTICOLA HUAQUISH PARARIN,ASOCIACION,BAJA DE OFICIO,HABIDO,LIMA,BARRANCA,BARRANCA,,,,2026-09-20T01:43:21.108Z
20572111131,ASOCIACION DE MUJERES ORGANIZADAS CHOCO WARMIS,ASOCIACION,ACTIVO,HABIDO,SAN MARTIN,EL DORADO,SAN JOSE DE SISA,,,,2026-09-20T01:43:21.108Z
20572190251,CENTRAL DE COOPERATIVAS AGRARIAS CACAO AROMA DE TOCACHE LTDA. (CECAT),"COOPERATIVAS, SAIS, CAPS",ACTIVO,HABIDO,SAN MARTIN,TOCACHE,TOCACHE,,,S1215024,2026-09-20T01:43:21.108Z
20573049102,COOPERATIVA AGRARIA CACAOTERA PUERTO INCA,"COOPERATIVAS, SAIS, CAPS",ACTIVO,HABIDO,HUANUCO,PUERTO INCA,PUERTO INCA,,,,2026-09-20T01:43:21.108Z
20573057385,COOPERATIVA AGRARIA PARAISO,"COOPERATIVAS, SAIS, CAPS",ACTIVO,HABIDO,HUANUCO,MARAÑON,CHOLON,,,,2026-09-20T01:43:21.108Z
20573138202,ASOCIACION DE PRODUCTORES AGROPECUARIOS Y FORESTALES EL ALVA DE BARTOLOME-CUCHARA,ASOCIACION,BAJA DE OFICIO,NO HABIDO,HUANUCO,LEONCIO PRADO,RUPA-RUPA,062-962262426,diagui02@hotmail.com,B0339905,2026-09-20T01:43:21.108Z
20573260008,COOPERATIVA AGRARIA AUCAYACU,"COOPERATIVAS, SAIS, CAPS",ACTIVO,HABIDO,HUANUCO,LEONCIO PRADO,JOSE CRESPO Y CASTILLO,,,,2026-09-20T01:43:21.108Z
20573325223,COOPERATIVA AGROINDUSTRIAL APROBAP,"COOPERATIVAS, SAIS, CAPS",ACTIVO,HABIDO,HUANUCO,LEONCIO PRADO,RUPA-RUPA,,,,2026-09-20T01:43:21.108Z
20573330651,CENTRAL DE PRODUCTORES AGROPECUARIOS DEL VALLE AGRICOLA DE PAUCARTAMBO - PASCO,ASOCIACION,ACTIVO,HABIDO,PASCO,PASCO,PAUCARTAMBO,,,,2026-09-20T01:43:21.108Z
20573344791,ASOCIACION AGROECOLOGICO HUANGANAPAMPA,ASOCIACION,BAJA DE OFICIO,NO HABIDO,HUANUCO,LEONCIO PRADO,RUPA-RUPA,,,,2026-09-20T01:43:21.108Z
20574602450,COOPERATIVA AGRARIA FRUTOS DEL ANDE,"COOPERATIVAS, SAIS, CAPS",ACTIVO,HABIDO,AYACUCHO,HUAMANGA,AYACUCHO,956885290,ADMFRUTOSDELANDE@gmail.com,S1828755,2026-09-20T01:43:21.108Z
20574629226,ASOCIACION DE PRODUCTORES DE QUINUA Y GRANOS ANDINOS DE LA REGION AYACUCHO,ASOCIACION,BAJA DE OFICIO,NO HABIDO,AYACUCHO,HUAMANGA,TAMBILLO,,,,2026-09-20T01:43:21.108Z
20574660654,ASOCIACION DE PRODUCTORES AGROPECUARIOS UNION TAULLINO,ASOCIACION,BAJA DE OFICIO,HABIDO,AYACUCHO,HUANCA SANCOS,CARAPO,,,,2026-09-20T01:43:21.108Z
20574683867,ASOCIACION DE PRODUCTORES DE PALTA VALLE TOROBAMBA,ASOCIACION,BAJA DE OFICIO,NO HABIDO,AYACUCHO,HUAMANGA,SAN JUAN BAUTISTA,995404030,gpg1956@hotmail.com,S0806241,2026-09-20T01:43:21.108Z
20574716978,ASOCIACION AGROPECUARIOS - MANCHIRI,ASOCIACION,ACTIVO,HABIDO,AYACUCHO,HUANCA SANCOS,CARAPO,,,,2026-09-20T01:43:21.108Z
20574734011,ASOCIACION DE PRODUCTORES AGROPECUARIOS UNIDOS AL DESARROLLO DE SANTA ROSA,ASOCIACION,ACTIVO,HABIDO,AYACUCHO,LA MAR,SANTA ROSA,,,,2026-09-20T01:43:21.108Z
20574797013,ASOCIACION DE PRODUCTORES AGROPECUARIOS DE PARAISO CENTRAL,ASOCIACION,ACTIVO,HABIDO,CUSCO,LA CONVENCION,PICHARI,,,,2026-09-20T01:43:21.108Z
20600001109,COOPERATIVA AGRARIA CAFETALERA PRODUCTORA COMERCIAL EXPORTADORA CAFE ANDES AMAZONICOS LTDA,"COOPERATIVAS, SAIS, CAPS",ACTIVO,HABIDO,AMAZONAS,UTCUBAMBA,LONYA GRANDE,973303528,cacPROCECAM@GMAIL.COM,S1590192,2026-09-20T01:43:21.108Z
20600010086,COOPERATIVA AGRARIA VALLE DEL CUCHARA LTDA,"COOPERATIVAS, SAIS, CAPS",ACTIVO,HABIDO,HUANUCO,LEONCIO PRADO,RUPA-RUPA,,,,2026-09-20T01:43:21.108Z
20600029887,COOPERATIVA AGRARIA INTEGRAL LUZ DE LA ESPERANZA,"COOPERATIVAS, SAIS, CAPS",ACTIVO,HABIDO,LORETO,MARISCAL RAMON CASTILLA,RAMON CASTILLA,,,S2575552,2026-09-20T01:43:21.108Z
20600122330,COOPERATIVA AGRARIA BIO-ORGANICA CONDESUYOS - COOPABIC,"COOPERATIVAS, SAIS, CAPS",ACTIVO,NO HABIDO,AREQUIPA,CONDESUYOS,CHUQUIBAMBA,,,,2026-09-20T01:43:21.108Z
20600146689,COOPERATIVA AGRARIA DE SERVICIOS AGRICOLAS TAMBOPATA CANDAMO,"COOPERATIVAS, SAIS, CAPS",ACTIVO,HABIDO,MADRE DE DIOS,TAMBOPATA,TAMBOPATA,082793407,CONTABILIDAD@COOPTAMBOPATA.COM,S1788214,2026-09-20T01:43:21.108Z
20600161378,COOPERATIVA AGRARIA DE AGRICULTORES HUYRO,"COOPERATIVAS, SAIS, CAPS",ACTIVO,HABIDO,CUSCO,LA CONVENCION,HUAYOPATA,,,,2026-09-20T01:43:21.108Z
20600164351,COOPERATIVA AGROPECUARIA DE SERVICIOS MULTIPLES EL MISTI SAN ANTONIO DE CHUCA,"COOPERATIVAS, SAIS, CAPS",SUSPENSION TEMPORAL,HABIDO,AREQUIPA,AREQUIPA,SOCABAYA,,,,2026-09-20T01:43:21.108Z
20600167384,CONSORCIO DE PRODUCTORES ORGANICOS DEL ANDE LIBERTEÑO,ASOCIACION,BAJA DE OFICIO,HABIDO,LA LIBERTAD,SANCHEZ CARRION,HUAMACHUCO,,,,2026-09-20T01:43:21.108Z
20600188616,CORPORACION LA BODEGUILLA S.A.C.,SOCIEDAD ANONIMA CERRADA,ACTIVO,HABIDO,MOQUEGUA,MARISCAL NIETO,SAN ANTONIO,,,,2026-09-20T01:43:21.108Z
20600200756,COOPERATIVA AGRARIA CAFETALERA MONTAÑA AZUL LTDA. - COOPACMA,"COOPERATIVAS, SAIS, CAPS",ACTIVO,HABIDO,AMAZONAS,UTCUBAMBA,LONYA GRANDE,968078951,cajacoopacma@gmail.com,S2472997,2026-09-20T01:43:21.108Z
20600235444,COOPERATIVA AGRARIA QUEROHUAMBOS,"COOPERATIVAS, SAIS, CAPS",ACTIVO,HABIDO,CAJAMARCA,CHOTA,QUEROCOTO,,,,2026-09-20T01:43:21.108Z
20600250397,ASOCIACION DE PRODUCTORES DE PALTA DE MOQUEGUA PARA EXPORTACION - APPALMEX,ASOCIACION,BAJA DE OFICIO,HABIDO,MOQUEGUA,MARISCAL NIETO,MOQUEGUA,,,,2026-09-20T01:43:21.108Z
20600256808,COOPERATIVA AGRARIA REVERENDO PADRE GERARDO COTE-UCAYALI COOPAGRA RPGC-UCAYALI,"COOPERATIVAS, SAIS, CAPS",ACTIVO,HABIDO,UCAYALI,CORONEL PORTILLO,CALLERIA,,,,2026-09-20T01:43:21.108Z
20600263286,ASOCIACIÓN DE PRODUCTORES SELVA NORORIENTAL,ASOCIACION,ACTIVO,HABIDO,SAN MARTIN,MOYOBAMBA,MOYOBAMBA,,,,2026-09-20T01:43:21.108Z
20600276221,COOPERATIVA AGRARIA VALLE FORTALEZA - COAVAF,"COOPERATIVAS, SAIS, CAPS",ACTIVO,HABIDO,ANCASH,BOLOGNESI,ANTONIO RAYMONDI,,,,2026-09-20T01:43:21.108Z
20600325478,COOPERATIVA AGRARIA JALCA VERDE,"COOPERATIVAS, SAIS, CAPS",ACTIVO,HABIDO,CAJAMARCA,CAJAMARCA,CAJAMARCA,,,,2026-09-20T01:43:21.108Z
20600366468,ASOCIACION UNION FORESTAL DE TARA - ASOC. UNION FORESTAL DE TARA,ASOCIACION,ACTIVO,HABIDO,TACNA,JORGE BASADRE,LOCUMBA,,,,2026-09-20T01:43:21.108Z
20600370619,COOPERATIVA AGRARIA ALTO ANDINA CHUGAY,"COOPERATIVAS, SAIS, CAPS",ACTIVO,HABIDO,LA LIBERTAD,SANCHEZ CARRION,CHUGAY,,,S1200414,2026-09-20T01:43:21.108Z
20600382064,COOPERATIVA AGRARIA ECOLOGICA AGROINDUSTRIAL DE CURIMANA LTDA.,"COOPERATIVAS, SAIS, CAPS",ACTIVO,HABIDO,UCAYALI,PADRE ABAD,CURIMANA,982110324,saraidavila271101@gmail.com,S1787788,2026-09-20T01:43:21.108Z
20600384016,CENTRAL DE PRODUCTORES AGROPECUARIOS SAN CRISTOBAL DE QUIPARACRA - PASCO,ASOCIACION,ACTIVO,HABIDO,PASCO,PASCO,HUACHON,,,,2026-09-20T01:43:21.108Z
20600390911,COOPERATIVA AGRARIA DE CACAO AROMATICO COLPA DE LOROS,"COOPERATIVAS, SAIS, CAPS",ACTIVO,HABIDO,UCAYALI,PADRE ABAD,NESHUYA,,,S2589735,2026-09-20T01:43:21.108Z
20600444540,ASOCIACION DE PRODUCTORES DE CHIRIMOYA LUCUMAY,ASOCIACION,ACTIVO,HABIDO,LIMA,HUAROCHIRI,SAN MATEO DE OTAO,,,,2026-09-20T01:43:21.108Z
20600446321,ASOCIACION DE PRODUCTORES AGROPECUARIOS DE PALTAYPATA ABANCAY,ASOCIACION,ACTIVO,HABIDO,APURIMAC,ABANCAY,ABANCAY,,,,2026-09-20T01:43:21.108Z
20600464915,ASOCIACIÓN TAJIMAT,ASOCIACION,ACTIVO,HABIDO,SAN MARTIN,RIOJA,AWAJUN,,,,2026-09-20T01:43:21.108Z
20600483073,COOPERATIVA AGRARIA MAIKU MARKA-ACORA,"COOPERATIVAS, SAIS, CAPS",SUSPENSION TEMPORAL,HABIDO,PUNO,PUNO,PUNO,,,,2026-09-20T01:43:21.108Z
20600490347,ASOCIACION DE PRODUCTORES AGROPECUARIOS AGROINDUSTRIALES - CIPEN,ASOCIACION,BAJA DE OFICIO,HABIDO,LA LIBERTAD,OTUZCO,AGALLPAMPA,,,,2026-09-20T01:43:21.108Z
20600515412,ASOCIACION NUEVO TRIUNFO DE QUINUAPATA,ASOCIACION,BAJA DE OFICIO,HABIDO,HUANCAVELICA,HUAYTARA,PILPICHACA,,,,2026-09-20T01:43:21.108Z
20600523652,ASOCIACION AGROPECUARIA ATALAMBRA-LURICOCHA-HUANTA,ASOCIACION,ACTIVO,HABIDO,AYACUCHO,HUANTA,HUANTA,,,,2026-09-20T01:43:21.108Z
20600529693,AGRO ASOCIACION Y SERVICIOS TINKUY,ASOCIACION,BAJA DE OFICIO,HABIDO,AYACUCHO,HUANTA,LLOCHEGUA,,,,2026-09-20T01:43:21.108Z
20600534298,ASOCIACION CULTIAGRO EXPORT LA JOYA NUEVA GENERACION,ASOCIACION,ACTIVO,HABIDO,AREQUIPA,AREQUIPA,LA JOYA,,,,2026-09-20T01:43:21.108Z
20600558715,COOPERATIVA AGRARIA KIWICHA WAYI LTDA,"COOPERATIVAS, SAIS, CAPS",ACTIVO,HABIDO,ANCASH,HUAYLAS,CARAZ,,,S1056733,2026-09-20T01:43:21.108Z
20600588355,COOPERATIVA AGROECOLOGICA GRANO ANDINO DISTRITO DE SARTIMBAMBA COOP GRANO ANDINO,"COOPERATIVAS, SAIS, CAPS",ACTIVO,HABIDO,LA LIBERTAD,SANCHEZ CARRION,HUAMACHUCO,,,,2026-09-20T01:43:21.108Z
20600588851,ASOCIACION DE PRODUCTORES AGROPECUARIOS DEL VALLE DE VISTA ALEGRE - PARIAHUANCA,ASOCIACION,SUSPENSION TEMPORAL,HABIDO,JUNIN,HUANCAYO,PARIAHUANCA,994832096,agroinversol@hotmail.com,S1496917,2026-09-20T01:43:21.108Z
20600594843,ASOCIACION DE PRODUCTORES AGROPECUARIOS EL PALTO FRONDOSO,ASOCIACION,ACTIVO,HABIDO,HUANCAVELICA,HUAYTARA,HUAYTARA,,,,2026-09-20T01:43:21.108Z
20600604580,ASOCIACION PRODUCTORES PALTA HASS EL PORVENIR HUARACANE,ASOCIACION,ACTIVO,HABIDO,MOQUEGUA,MARISCAL NIETO,MOQUEGUA,,,,2026-09-20T01:43:21.108Z
20600668430,COOPERATIVA AGRARIA DEL CENTRO POBLADO DE BELLA BAJO MONZON,"COOPERATIVAS, SAIS, CAPS",ACTIVO,HABIDO,HUANUCO,LEONCIO PRADO,MARIANO DAMASO BERAUN,991235028,jeansalas91@hotmail.com,S1203969,2026-09-20T01:43:21.108Z
20600675487,ASOCIACION DE PRODUCTORES AGROPECUARIOS Y FORESTALES NUEVA URBANIZACION DE HUALLATA,ASOCIACION,ACTIVO,HABIDO,AYACUCHO,CANGALLO,LOS MOROCHUCOS,999659383,parhuana066@gmail.com,B0708007,2026-09-20T01:43:21.108Z
20600682386,ASOCIACION DE PRODUCTORES AGROPECUARIOS VALLE VERDE DE RODRIGUEZ DE MENDOZA,ASOCIACION,ACTIVO,HABIDO,AMAZONAS,RODRIGUEZ DE MENDOZA,SAN NICOLAS,941941869,valleverde_mendoza@yahoo.es,S2149859,2026-09-20T01:43:21.108Z
20600690184,EMPRESA AGROINDUSTRIAL Y SERVICIOS GENERALES EL PARAISO S.A.,SOCIEDAD ANONIMA,ACTIVO,HABIDO,AREQUIPA,CAYLLOMA,MAJES,,,S2597747,2026-09-20T01:43:21.108Z
20600717244,COOPERATIVA AGRARIA RENACER ANDINO,"COOPERATIVAS, SAIS, CAPS",ACTIVO,HABIDO,CAJAMARCA,SANTA CRUZ,PULAN,,,S1145903,2026-09-20T01:43:21.108Z
20600717902,COOPERATIVA AGRARIA AGROPIA LTDA,"COOPERATIVAS, SAIS, CAPS",ACTIVO,HABIDO,JUNIN,HUANCAYO,SAPALLANGA,954001193,administracion@agropiaperu.com,S1455617,2026-09-20T01:43:21.108Z
20600719361,ASOCIACION AGROECOLOGICA AVANCC,ASOCIACION,BAJA DE OFICIO,NO HABIDO,JUNIN,CHANCHAMAYO,PICHANAQUI,,,,2026-09-20T01:43:21.108Z
20600720733,COOPERATIVA AGRARIA VALLE DEL MONZON CAV MONZON,"COOPERATIVAS, SAIS, CAPS",ACTIVO,HABIDO,HUANUCO,HUAMALIES,MONZON,,,S1256803,2026-09-20T01:43:21.108Z
20600726596,ASOCIACION DE PRODUCTORES AGROPECUARIOS DE LA PLANTA SAN FRANCISCO SINTIMAYO,ASOCIACION,BAJA DE OFICIO,HABIDO,PUNO,LAMPA,PUCARA,,,,2026-09-20T01:43:21.108Z
20600727363,COORDINADORA DE PRODUCTORES DE CUYES VALLE DEL MANTARO PROCUY MANTARO,ASOCIACION,BAJA DE OFICIO,HABIDO,JUNIN,JAUJA,ATAURA,,,,2026-09-20T01:43:21.108Z
20600785541,"""ASOCIACION DE PRODUCTORES CAFETALEROS ANDINOS SIERRA VERDE""",ASOCIACION,ACTIVO,HABIDO,CAJAMARCA,JAEN,JAEN,,,,2026-09-20T01:43:21.108Z
20600796055,ASOCIACION MULTI PRODUCTORES LA PROSPERIDAD DE VALLE PICHANAKI - APROVE PICHANAKI,ASOCIACION,BAJA DE OFICIO,HABIDO,JUNIN,CHANCHAMAYO,PERENE,,,,2026-09-20T01:43:21.108Z
20600796268,ASOCIACION DE CRIADORES DE ALPACA Y LLAMAS SPAR PITUMARCA,ASOCIACION,BAJA DE OFICIO,HABIDO,CUSCO,CANCHIS,PITUMARCA,,,,2026-09-20T01:43:21.108Z
20600796683,ASOCIACION DE PRODUCTORES DE CACAO SAN FRANCISCO MADRE DE DIOS,ASOCIACION,ACTIVO,HABIDO,MADRE DE DIOS,TAMBOPATA,TAMBOPATA,944505687,cacaoterossanfrancisco@gmail.com,S1090780,2026-09-20T01:43:21.108Z
20600796721,ASOCIACIÓN DE PRODUCTORES AMAZONAS - ALTO MAYO,ASOCIACION,ACTIVO,HABIDO,SAN MARTIN,MOYOBAMBA,SORITOR,,,,2026-09-20T01:43:21.108Z
20600801661,COPAISEG SAN ROMAN LTDA,"COOPERATIVAS, SAIS, CAPS",ACTIVO,HABIDO,PUNO,SAN ROMAN,CABANA,051330952,copaisegsanroman@gmail.com,S1395242,2026-09-20T01:43:21.108Z
20600836995,ASOCIACION DE PRODUCTORES AGROPECUARIOS SAN RAFAEL DE PIPISH CHALLANA - CHINCHAO,ASOCIACION,ACTIVO,HABIDO,HUANUCO,HUANUCO,CHINCHAO,,,,2026-09-20T01:43:21.108Z
20600838947,PRODUCTOS LACTEOS AREQUIPA S.A.,SOCIEDAD ANONIMA,ACTIVO,HABIDO,AREQUIPA,CAYLLOMA,MAJES,967722485,plantaqueseraaspam@gmail.com,S1983841,2026-09-20T01:43:21.108Z
20600862074,ASOCIACIÓN DE PRODUCTORES DE MANZANO ORGANICO DEL DISTRITO DE PARIACOTO,ASOCIACION,ACTIVO,HABIDO,ANCASH,HUARAZ,PARIACOTO,,,,2026-09-20T01:43:21.108Z
20600874919,COOPERATIVA AGRARIA DE LA INTER OCEANICA LIMITADA,"COOPERATIVAS, SAIS, CAPS",ACTIVO,HABIDO,MADRE DE DIOS,TAMBOPATA,LAS PIEDRAS,,,S1474282,2026-09-20T01:43:21.108Z
20600920597,COOPERATIVA AGRARIA YURAQ YAKU - CAG YURAQ YAKU,"COOPERATIVAS, SAIS, CAPS",ACTIVO,HABIDO,AYACUCHO,LA MAR,ANCHIHUAY,984979705,denissapardo@gmail.coM,S1690158,2026-09-20T01:43:21.108Z
20600964080,ASOCIACION DE AGRICULTORES KERGUERANOS,ASOCIACION,ACTIVO,HABIDO,LAMBAYEQUE,LAMBAYEQUE,SALAS,,,,2026-09-20T01:43:21.108Z
20600998847,COOPERATIVA AGROINDUSTRIAL TIERRA ANDINA APURIMAC LTDA - CATAA LTDA,"COOPERATIVAS, SAIS, CAPS",SUSPENSION TEMPORAL,HABIDO,APURIMAC,ANDAHUAYLAS,ANDAHUAYLAS,,,,2026-09-20T01:43:21.108Z
20601006368,COOPERATIVA AGRARIA DE SERVICIOS MULTIPLES SUR ANDINO - COOPSUR,"COOPERATIVAS, SAIS, CAPS",ACTIVO,HABIDO,APURIMAC,ANDAHUAYLAS,SAN JERONIMO,965888797,eduardicidio99@gmail.com,S1281063,2026-09-20T01:43:21.108Z
20601022444,CORPORACION GANADERA RAMIREZ SOCIEDAD ANONIMA CERRADA,SOCIEDAD ANONIMA CERRADA,ACTIVO,HABIDO,PUNO,SAN ROMAN,JULIACA,,,,2026-09-20T01:43:21.108Z
20601041830,ASOCIACION DE MUJERES PRODUCTORAS DE FLOR BLANCA,ASOCIACION,ACTIVO,HABIDO,HUANCAVELICA,ACOBAMBA,ROSARIO,950571212,asociacionflorblanca@hotmail.com,S1582817,2026-09-20T01:43:21.108Z
20601043212,ASOCIACION AGROPECUARIA JATUN ÑAN-CCARHUANCHO,ASOCIACION,BAJA DE OFICIO,HABIDO,HUANCAVELICA,HUANCAVELICA,HUANCAVELICA,,,,2026-09-20T01:43:21.108Z
20601067146,COOPERATIVA AGRARIA INDUSTRIAL MONTE ALEGRE - REGION UCAYALI (CAIMARU),"COOPERATIVAS, SAIS, CAPS",SUSPENSION TEMPORAL,HABIDO,UCAYALI,PADRE ABAD,NESHUYA,,,,2026-09-20T01:43:21.108Z
20601074843,ASOCIACION DE MUJERES ALLIN LLAMKAY,ASOCIACION,BAJA PROV. POR OFICIO,HABIDO,HUANCAVELICA,ACOBAMBA,ACOBAMBA,,,,2026-09-20T01:43:21.108Z
20601106699,COOPERATIVA AGRARIA DE PRODUCTOS BIO ORGANICOS Y GRANOS ANDINOS DE VIRACO - COOPRORGANIC,"COOPERATIVAS, SAIS, CAPS",ACTIVO,HABIDO,AREQUIPA,CASTILLA,VIRACO,,,,2026-09-20T01:43:21.108Z
20601119316,COOPERATIVA DE PRODUCTORES DE CACAO FINO Y DE AROMA,"COOPERATIVAS, SAIS, CAPS",ACTIVO,HABIDO,UCAYALI,PADRE ABAD,PADRE ABAD,,,,2026-09-20T01:43:21.108Z
20601125715,COOPERATIVA AGRARIA ECOLOGICA MARKAHUAMACHUCO,"COOPERATIVAS, SAIS, CAPS",ACTIVO,HABIDO,LA LIBERTAD,SANCHEZ CARRION,HUAMACHUCO,,,S3106112,2026-09-20T01:43:21.108Z
20601154499,GRUPO ORO MUNDO SOCIEDAD COMERCIAL DE RESPONSABILIDAD LIMITADA - GRUP. OROMUN S.R.L.,SOC.COM.RESPONS. LTDA,ACTIVO,HABIDO,TACNA,TARATA,ESTIQUE,,,S1573759,2026-09-20T01:43:21.108Z
20601186986,COOPERATIVA AGRARIA LOS AMBIENTALISTAS LTDA,"COOPERATIVAS, SAIS, CAPS",ACTIVO,NO HABIDO,CAJAMARCA,JAEN,JAEN,,,,2026-09-20T01:43:21.108Z
20601209811,ASOCIACION DE PRODUCTORES AGROPECUARIOS Y DESTILADOS NUEVO HORIZONTE HUALLANCHI - APROAGRHU,ASOCIACION,ACTIVO,HABIDO,LIMA,HUAROCHIRI,SANTO DOMINGO DE LOS OLLEROS,,,,2026-09-20T01:43:21.108Z
20601306485,"ASOCIACION DE PRODUCTORES AGROPECUARIOS MI HUAYLILLAS DEL DISTRITO DE CURGOS, PROVINCIA SANCHEZ CARR",ASOCIACION,ACTIVO,HABIDO,LA LIBERTAD,SANCHEZ CARRION,CURGOS,,,,2026-09-20T01:43:21.108Z
20601320348,ASOCIACION DE PRODUCTORES DE PUERTO PERU - APPP,ASOCIACION,ACTIVO,HABIDO,LORETO,ALTO AMAZONAS,YURIMAGUAS,,,,2026-09-20T01:43:21.108Z
20601329159,COOPERATIVA AGRARIA CAFETALERA DE LA NACION YANESHA,"COOPERATIVAS, SAIS, CAPS",ACTIVO,HABIDO,PASCO,OXAPAMPA,VILLA RICA,,,,2026-09-20T01:43:21.108Z
20601339090,COOPERATIVA AGROINDUSTRIAL CAFETALERA CACOTERA MONZON LTDA,"COOPERATIVAS, SAIS, CAPS",ACTIVO,HABIDO,HUANUCO,HUAMALIES,MONZON,,,,2026-09-20T01:43:21.108Z
20601360145,COOPERATIVA AGRARIA DE PRODUCCION ORGANICA SEÑOR DE HUANCA SAN SALVADOR - CAPOSH,"COOPERATIVAS, SAIS, CAPS",ACTIVO,HABIDO,CUSCO,CALCA,SAN SALVADOR,,,,2026-09-20T01:43:21.108Z
20601377781,"""COOPERATIVA AGRARIA DE PRODUCTORES DEL DISTRITO DE TAMBILLO""","COOPERATIVAS, SAIS, CAPS",ACTIVO,HABIDO,AYACUCHO,HUAMANGA,TAMBILLO,,,,2026-09-20T01:43:21.108Z
20601427541,COOPERATIVA AGRARIA ALPAQUERA DEL SUR LIMITADA - COOPAALSUR LTDA - COOPAALSUR LTDA,"COOPERATIVAS, SAIS, CAPS",SUSPENSION TEMPORAL,HABIDO,CUSCO,QUISPICANCHI,MARCAPATA,,,,2026-09-20T01:43:21.108Z
20601460166,"ASOCIACION DE PEQUEÑOS PRODUCTORES AGROPECUARIOS ""25 DE DICIEMBRE""",ASOCIACION,BAJA DE OFICIO,HABIDO,PUNO,LAMPA,CALAPUJA,,,,2026-09-20T01:43:21.108Z
20601537771,ASOCIACION DE PRODUCTORES SOSTENIBLES EL AYNI,ASOCIACION,BAJA DE OFICIO,HABIDO,JUNIN,CHANCHAMAYO,PICHANAQUI,,,,2026-09-20T01:43:21.108Z
20601547458,ASOCIACION DE SEMILLARISTAS DE MAIZ CHOCLO VIRGEN DE LA MERCEDES DEL DISTRITO DE CHINGAS,ASOCIACION,BAJA DE OFICIO,HABIDO,ANCASH,ANTONIO RAYMONDI,CHINGAS,,,,2026-09-20T01:43:21.108Z
20601558204,COOPERATIVA AGRARIA CAFETALERA OCUMAL,"COOPERATIVAS, SAIS, CAPS",ACTIVO,HABIDO,AMAZONAS,LUYA,OCUMAL,,,,2026-09-20T01:43:21.108Z
20601568510,"ASOCIACION DE CRIADORES DE ALPACAS, LLAMAS Y VICUÑAS NEVADOS COJATA",ASOCIACION,BAJA DE OFICIO,HABIDO,PUNO,HUANCANE,COJATA,,,S1928683,2026-09-20T01:43:21.108Z
20601575184,COOPERATIVA AGRARIA DE USUARIOS DE PEQUEÑOS PRODUCTORES DEL PERU,"COOPERATIVAS, SAIS, CAPS",ACTIVO,HABIDO,ANCASH,CASMA,CASMA,,,,2026-09-20T01:43:21.108Z
20601590621,COOPERATIVA AGRARIA DE PRODUCTORES LOS MOROCHUCOS - CANGALLO,"COOPERATIVAS, SAIS, CAPS",ACTIVO,HABIDO,AYACUCHO,CANGALLO,LOS MOROCHUCOS,930323827,coop.agrariamorochucos@gmail.com,S1229975,2026-09-20T01:43:21.108Z
20601643023,ASOC DE PRODUCTORES AGROPECUARIOS Y SERVICIOS MÚLTIPLES SAN NICOLÁS-APASMU NINABAMBA-SAN MIGUEL,ASOCIACION,BAJA DE OFICIO,HABIDO,AYACUCHO,LA MAR,SAN MIGUEL,,,,2026-09-20T01:43:21.108Z
20601667526,COOP BESACARI - PERU,"COOPERATIVAS, SAIS, CAPS",ACTIVO,HABIDO,JUNIN,SATIPO,LLAYLLA,,,,2026-09-20T01:43:21.108Z
20601812151,"""ASOCIACION DE PRODUCTORES AGROPECUARIOS LOS EMPRENDEDORES DEL NORTE""",ASOCIACION,BAJA DE OFICIO,HABIDO,CAJAMARCA,CUTERVO,CUTERVO,970071784,vega2018joel@hotmail.com,S1224499,2026-09-20T01:43:21.108Z
20601919657,COOPERATIVA AGRARIA INNOVACION  CACAO Y CAFE DEL VRAEM,"COOPERATIVAS, SAIS, CAPS",ACTIVO,HABIDO,JUNIN,SATIPO,PANGOA,,,,2026-09-20T01:43:21.108Z
20601939402,COOPERATIVA AGRARIA ASHANINKA KEMITO SANKORI LTDA,"COOPERATIVAS, SAIS, CAPS",ACTIVO,HABIDO,JUNIN,SATIPO,SATIPO,985103448,cackemitosankori@gmail.com,S1652541,2026-09-20T01:43:21.108Z
20601958911,COOPERATIVA AGRARIA CAFETALERA LAGUNA DE LOS CÓNDORES,"COOPERATIVAS, SAIS, CAPS",ACTIVO,HABIDO,AMAZONAS,LUYA,LUYA,948700173,GERENCIA@COOPLDC.ORG,S2514803,2026-09-20T01:43:21.108Z
20602025170,ASOCIACION AGRARIA LOS PIONEROS DE LA COMUNIDAD CAMPESINA DE HUALLMISH,ASOCIACION,BAJA DE OFICIO,HABIDO,HUANUCO,HUANUCO,CHURUBAMBA,,,,2026-09-20T01:43:21.108Z
20602047025,ASOCIACION DE MUJERES CHOCOLATERAS CHOCOLATE CORAZON DE NOLBERTH ALTO URUYA,ASOCIACION,ACTIVO,HABIDO,UCAYALI,PADRE ABAD,NESHUYA,972465874,CHOCOALTOURUYA@GMAIL.COM,S2500328,2026-09-20T01:43:21.108Z
20602054480,COOPERATIVA AGRARIA ECOLOGICA DE MUJERES CAFETALERAS VILLA RICA,"COOPERATIVAS, SAIS, CAPS",ACTIVO,HABIDO,PASCO,OXAPAMPA,VILLA RICA,940159344,CAEMCAVIR2024@HOTMAIL.COM,S2522474,2026-09-20T01:43:21.108Z
20602161081,APROVAPERU,ASOCIACION,BAJA DE OFICIO,HABIDO,JUNIN,CHANCHAMAYO,PERENE,988602968,APROVAPERU@GMAIL.COM,S1449316,2026-09-20T01:43:21.108Z
20602194265,ASOCIACION DE AGRICULTORES DE CACAO Y REFORESTADORES DE CURIMANA - AGRICARE CURIMANA,ASOCIACION,BAJA DE OFICIO,HABIDO,UCAYALI,PADRE ABAD,CURIMANA,,,,2026-09-20T01:43:21.108Z
20602220355,ASOCIACION DE FRUTICULTORES DEL DISTRITO DE YANATILE ASOFRUT YANATILE,ASOCIACION,ACTIVO,HABIDO,CUSCO,CALCA,YANATILE,,,,2026-09-20T01:43:21.108Z
20602227244,ASOCIACION DE MANEJO DE BOSQUES NATURALES ESPERANZA,ASOCIACION,ACTIVO,HABIDO,LORETO,LORETO,PARINARI,942948488,floresimonemilton@gmail.com,S1156252,2026-09-20T01:43:21.108Z
20602242464,COOPERATIVA AGROPECUARIA MARCELINO VASQUEZ HUAMAN - COOPAMAVAHU,"COOPERATIVAS, SAIS, CAPS",ACTIVO,HABIDO,PIURA,PIURA,PIURA,,,,2026-09-20T01:43:21.108Z
20602249175,"""ASOCIACIÓN PRODUCTORES DE GANADO VACUNO Y LECHE KUNTURKANKI""",ASOCIACION,BAJA DE OFICIO,HABIDO,CUSCO,CANAS,KUNTURKANKI,,,,2026-09-20T01:43:21.108Z
20602260021,ASOCIACION DE PRODUCTORES AGROPECUARIOS SURCOS ANDINOS,ASOCIACION,ACTIVO,HABIDO,HUANCAVELICA,TAYACAJA,PAZOS,,,,2026-09-20T01:43:21.108Z
20602264549,ASOCIACION DE PRODUCTORES AGROPECUARIOS 10 DE AGOSTO DE ANCOCALA,ASOCIACION,ACTIVO,HABIDO,TACNA,CANDARAVE,CAIRANI,,,,2026-09-20T01:43:21.108Z
20602446019,ASOCIACION DE PRODUCTORES AGROPECUARIOS Y AGROINDUSTRIALES NUEVA ESPERANZA DE CIUTAY,ASOCIACION,BAJA DE OFICIO,HABIDO,HUANCAVELICA,CASTROVIRREYNA,MOLLEPAMPA,,,,2026-09-20T01:43:21.108Z
20602459960,NEGOCIOS E INVERSIONES HIROMI & HECTOR S.A.C.,SOCIEDAD ANONIMA CERRADA,BAJA DE OFICIO,HABIDO,SAN MARTIN,SAN MARTIN,TARAPOTO,9672816988,danilo_20cm@hotmail.com,S1223206,2026-09-20T01:43:21.108Z
20602488927,COOPERATIVA AGRARIA ECOLOGICO ROSAS PAMPA LTDA - CAECO ROSAS PAMPA LTDA,"COOPERATIVAS, SAIS, CAPS",ACTIVO,HABIDO,JUNIN,SATIPO,RIO NEGRO,,,,2026-09-20T01:43:21.108Z
20602526365,COOPERATIVA AGRARIA DE PRODUCTORES ORGÁNICOS DE PALTA DEL VALLE LAMBRAS VRAEM-COPPAL VRAEM,"COOPERATIVAS, SAIS, CAPS",ACTIVO,HABIDO,HUANCAVELICA,TAYACAJA,HUACHOCOLPA,944702538,Coppalvalle@gmail.com,S1582111,2026-09-20T01:43:21.108Z
20602544495,ASOCIACION DE PRODUCTORES ECOLOGICOS AGRARIOS DEL DISTRITO DE QUICHES PROVINCIA DE SIHUAS-ANCASH,ASOCIACION,BAJA DE OFICIO,HABIDO,ANCASH,SIHUAS,QUICHES,,,,2026-09-20T01:43:21.108Z
20602545025,ASOCIACION DE PRODUCTORES AGROINDUSTRIALES ORGANICOS DE PERU ASPAGRO,ASOCIACION,BAJA DE OFICIO,HABIDO,AYACUCHO,HUAMANGA,CHIARA,,,,2026-09-20T01:43:21.108Z
20602650643,ASOCIACIÓN AGROEXPORTADORA DE LA REGIÓN SAN MARTÍN,ASOCIACION,ACTIVO,HABIDO,SAN MARTIN,MOYOBAMBA,MOYOBAMBA,,,,2026-09-20T01:43:21.108Z
20602682758,ASOCIACION DE PRODUCTORES DE LECHE Y DERIVADOS LACTEOS MICAELA BASTIDAS,ASOCIACION,ACTIVO,HABIDO,CUSCO,CANAS,PAMPAMARCA,,,,2026-09-20T01:43:21.108Z
20602684335,ASOCIACION PRODUCTORES AGROPECUARIOS MARCO VILCA ARGAMA ALTA,ASOCIACION,BAJA DE OFICIO,HABIDO,APURIMAC,ANDAHUAYLAS,PACUCHA,,,,2026-09-20T01:43:21.108Z
20602712657,COOPERATIVA AGRARIA CAFETALERA RIO TAMBO LIMITADA,"COOPERATIVAS, SAIS, CAPS",ACTIVO,HABIDO,JUNIN,SATIPO,RIO TAMBO,,,,2026-09-20T01:43:21.108Z
20602754139,COOPERATIVA AGRARIA DE CULTIVOS ANDINOS CAJAMARCA,"COOPERATIVAS, SAIS, CAPS",ACTIVO,HABIDO,CAJAMARCA,CAJAMARCA,CAJAMARCA,,,,2026-09-20T01:43:21.108Z
20602770860,ASOCIACION DE PRODUCTORES DE ARROZ DEL VALLE DEL SHANUSI,ASOCIACION,ACTIVO,HABIDO,LORETO,ALTO AMAZONAS,YURIMAGUAS,952903614,cherylrocio.9294@gmail.com,B0779828,2026-09-20T01:43:21.108Z
20602862764,ASOCIACION DE AGRICULTORES POZO ESPAÑOL - CULEBRAS,ASOCIACION,ACTIVO,HABIDO,ANCASH,HUARMEY,CULEBRAS,,,,2026-09-20T01:43:21.108Z
20602881971,ASOCIACION DE PRODUCTORES AGRARIOS DE CACAO (APAC) ECHALACPERU DE MANGURIARI,ASOCIACION,ACTIVO,HABIDO,CUSCO,LA CONVENCION,ECHARATE,,,,2026-09-20T01:43:21.108Z
20602902235,COOPERATIVA DE PRODUCTORES AGROPECUARIOS HUALGAYOC,"COOPERATIVAS, SAIS, CAPS",ACTIVO,HABIDO,CAJAMARCA,HUALGAYOC,HUALGAYOC,,,,2026-09-20T01:43:21.108Z
20602920128,COOPAINCA - ANTA,"COOPERATIVAS, SAIS, CAPS",ACTIVO,HABIDO,CUSCO,ANTA,ANTA,,,,2026-09-20T01:43:21.108Z
20603116373,ASOCIACION DE PRODUCTORES AGROFORESTALES ANCOMARCA,ASOCIACION,BAJA DE OFICIO,HABIDO,HUANUCO,PACHITEA,PANAO,,,,2026-09-20T01:43:21.108Z
20603201150,FEDERACION AGROPECUARIA DEL DISTRITO DE UMARI,ASOCIACION,SUSPENSION TEMPORAL,HABIDO,HUANUCO,PACHITEA,UMARI,,,,2026-09-20T01:43:21.108Z
20603223421,COOPERATIVA DE PRODUCTORES AGROECOLOGICOS LA PERLA DE LOS ANDES-CALLEJON DE HUAYLAS ANCASH,"COOPERATIVAS, SAIS, CAPS",ACTIVO,HABIDO,ANCASH,HUAYLAS,CARAZ,,,,2026-09-20T01:43:21.108Z
20603296576,ASOCIACION DE PRODUCTORES AGROPECUARIOS Y DERIVADOS LACTEOS DE ORCOPAMPA - ORCOLAC,ASOCIACION,ACTIVO,HABIDO,AREQUIPA,CASTILLA,ORCOPAMPA,,,,2026-09-20T01:43:21.108Z
20603320621,COOPERATIVA AGRARIA CAFETALERA ALTA MONTAÑA,"COOPERATIVAS, SAIS, CAPS",ACTIVO,HABIDO,AMAZONAS,RODRIGUEZ DE MENDOZA,HUAMBO,949791984,lrh0495@gmail.com,S2664558,2026-09-20T01:43:21.108Z
20603355017,ASOCIACION DE PRODUCTORES VALLE SUMAQ ESMERALDA,ASOCIACION,BAJA DE OFICIO,HABIDO,AYACUCHO,HUANTA,HUANTA,,,,2026-09-20T01:43:21.108Z
20603356404,COOPERATIVA AGROINDUSTRIAL NEBLINA DE CARPISH LIMITADA,"COOPERATIVAS, SAIS, CAPS",ACTIVO,HABIDO,HUANUCO,HUANUCO,CHINCHAO,,,,2026-09-20T01:43:21.108Z
20603368011,ASOCIACION DE AGRICULTORES PLATANEROS DE PADRE ABAD,ASOCIACION,BAJA DE OFICIO,NO HABIDO,UCAYALI,PADRE ABAD,PADRE ABAD,,,,2026-09-20T01:43:21.108Z
20603478879,COOPERATIVA AGRARIA ALTO MAYO NUEVA CAJAMARCA,"COOPERATIVAS, SAIS, CAPS",ACTIVO,HABIDO,SAN MARTIN,RIOJA,NUEVA CAJAMARCA,,,,2026-09-20T01:43:21.108Z
20603526423,COOPERATIVA AGROINDUSTRIAL PERLA DEL HUALLAGA LTDA - CAPH LTDA.,"COOPERATIVAS, SAIS, CAPS",ACTIVO,HABIDO,LORETO,ALTO AMAZONAS,YURIMAGUAS,,,,2026-09-20T01:43:21.108Z
20603557825,COOPERATIVA AGRARIA KAFFEE SATIPO,"COOPERATIVAS, SAIS, CAPS",ACTIVO,HABIDO,JUNIN,SATIPO,SATIPO,,,B1400555,2026-09-20T01:43:21.108Z
20603587627,ASOCIACION PARA LA CONSERVACION Y PRESERVACION DE LA BIODIVERSIDAD CHAUCA,ASOCIACION,ACTIVO,HABIDO,UCAYALI,CORONEL PORTILLO,MANANTAY,993291964,ANTONYCHAUCACASTRO333@GMAIL.COM,S1308516,2026-09-20T01:43:21.108Z
20603675551,ASOCIACION DE PRODUCTORES AGROPECUARIOS MADRE SELVA - LACCO YAVERO,ASOCIACION,ACTIVO,HABIDO,CUSCO,LA CONVENCION,QUELLOUNO,,,,2026-09-20T01:43:21.108Z
20603676476,ASOCIACION DE PRODUCTORES AGROPECUARIOS PONGO MAYNIQUE DE LA COMUNIDAD DE CHINGUIRIATO,ASOCIACION,ACTIVO,HABIDO,CUSCO,LA CONVENCION,ECHARATE,,,,2026-09-20T01:43:21.108Z
20603684487,ASOCIACION DE PRODUCTORES ALPAQUEROS Y ARTESANOS SANTA ROSA APAASAR,ASOCIACION,BAJA DE OFICIO,HABIDO,HUANCAVELICA,HUANCAVELICA,HUACHOCOLPA,,,,2026-09-20T01:43:21.108Z
20603736703,ASOCIACION DE PRODUCTORES DE PALTOS MORO - APROPALMO,ASOCIACION,BAJA MULT.INSCR. Y OTROS,HABIDO,ANCASH,SANTA,MORO,,,,2026-09-20T01:43:21.108Z
20603776616,ASOCIACION DE PRODUCTORES AGROPECUARIOS SARACOCHA,ASOCIACION,BAJA DE OFICIO,HABIDO,HUANCAVELICA,TAYACAJA,DANIEL HERNANDEZ,,,,2026-09-20T01:43:21.108Z
20603820691,COOPERATIVA AGRARIA DE SERVICIOS MULTIPLES CORDILLERA AZUL - CORDILLERA AZUL COOP,"COOPERATIVAS, SAIS, CAPS",ACTIVO,HABIDO,SAN MARTIN,BELLAVISTA,BELLAVISTA,,,,2026-09-20T01:43:21.108Z
20603829515,ASOCIACION DE PRODUCTORES AGROPECUARIOS LOS NOGALES ALTO ITARIATO,ASOCIACION,ACTIVO,HABIDO,CUSCO,LA CONVENCION,KUMPIRUSHIATO,,,,2026-09-20T01:43:21.108Z
20603836325,COOPERATIVA AGRARIA YARINACOCHA,"COOPERATIVAS, SAIS, CAPS",ACTIVO,HABIDO,UCAYALI,CORONEL PORTILLO,YARINACOCHA,,,,2026-09-20T01:43:21.108Z
20603842511,ASOCIACION DE PRODUCTORES AGROPECUARIOS RIQ´CHARI DE TINTINIQUIATO,ASOCIACION,ACTIVO,HABIDO,CUSCO,LA CONVENCION,ECHARATE,,,,2026-09-20T01:43:21.108Z
20603862369,COOPERATIVA AGRARIA TROPICALS PRODUCTS,"COOPERATIVAS, SAIS, CAPS",ACTIVO,HABIDO,JUNIN,CHANCHAMAYO,PICHANAQUI,,,,2026-09-20T01:43:21.108Z
20603864060,ASOCIACION DE PRODUCTORES AGROPECUARIOS CAMPANAYOC,ASOCIACION,BAJA DE OFICIO,HABIDO,CUSCO,LA CONVENCION,QUELLOUNO,,,,2026-09-20T01:43:21.108Z
20603907176,COOPERATIVA AGRARIA INDUSTRIAL FRUITS PICHANAKI,"COOPERATIVAS, SAIS, CAPS",ACTIVO,HABIDO,JUNIN,CHANCHAMAYO,PICHANAQUI,,,,2026-09-20T01:43:21.108Z
20603942028,COOPERATIVA AGRARIA DE PRODUCTORES TIKANKA CHIARA-AYACUCHO,"COOPERATIVAS, SAIS, CAPS",ACTIVO,HABIDO,AYACUCHO,HUAMANGA,CHIARA,,,,2026-09-20T01:43:21.108Z
20603957033,ASOCIACIÓN DE PRODUCTORES AGROINDUSTRIALES Y SERVICIOS MÚLTIPLES HUAYNA PICCHU VRAE,ASOCIACION,ACTIVO,HABIDO,JUNIN,CHANCHAMAYO,PERENE,,,,2026-09-20T01:43:21.108Z
20603979924,ASOCIACION DE PRODUCTORES AGROPECUARIOS MANOS A TRABAJAR PISCOBAMBA BAJA DEL DISTRITO DE OCOBAMBA,ASOCIACION,BAJA DE OFICIO,HABIDO,APURIMAC,CHINCHEROS,OCOBAMBA,,,,2026-09-20T01:43:21.108Z
20604151954,COOPERATIVA AGRARIA DE SERVICIOS MULTIPLES SUR ORIENTE - COOPSSUR ORIENTE,"COOPERATIVAS, SAIS, CAPS",ACTIVO,HABIDO,MADRE DE DIOS,TAMBOPATA,TAMBOPATA,082503628,administracion@coopssur.com.pe,S1475799,2026-09-20T01:43:21.108Z
20604215600,ASOCIACION DE PRODUCTORES DE CACAO ECOLOGICO DE DISTRITO DE QUELLOUNO,ASOCIACION,ACTIVO,HABIDO,CUSCO,LA CONVENCION,QUELLOUNO,,,,2026-09-20T01:43:21.108Z
20604218358,COOPERATIVA AGRARIA COYAPAPI,"COOPERATIVAS, SAIS, CAPS",ACTIVO,HABIDO,ANCASH,HUARAZ,PARIACOTO,,,,2026-09-20T01:43:21.108Z
20604309728,ASOCIACION DE PRODUCTORES CAFETALEROS AGROECOLOGICOS SAN JUAN,ASOCIACION,ACTIVO,HABIDO,CAJAMARCA,SAN IGNACIO,SAN IGNACIO,,,,2026-09-20T01:43:21.108Z
20604315825,"ASOCIACION DE PRODUCTORES DE FLORES NATIVAS, AGROINDUSTRIALES, PISCICOLA Y MEDIO AMBIENTE - UCAYALI",ASOCIACION,BAJA DE OFICIO,HABIDO,UCAYALI,PADRE ABAD,PADRE ABAD,,,,2026-09-20T01:43:21.108Z
20604401187,ORGANIZACION ZONAL SAN MIGUEL DEL FAIQUE,ASOCIACION,BAJA DE OFICIO,HABIDO,PIURA,HUANCABAMBA,SAN MIGUEL DE EL FAIQUE,,,,2026-09-20T01:43:21.108Z
20604419175,ASOCIACION DE PRODUCTORES AGROPECUARIOS ECOLOGICOS DE LAS ZONAS ALTO ANDINAS DE JUNIN,ASOCIACION,BAJA DE OFICIO,HABIDO,JUNIN,HUANCAYO,INGENIO,,,S1579361,2026-09-20T01:43:21.108Z
20604495483,COOPERATIVA DE USUARIOS AGROINDUSTRIAL DE PRODUCTORES INTI RAYMI,"COOPERATIVAS, SAIS, CAPS",ACTIVO,HABIDO,AYACUCHO,VILCAS HUAMAN,VILCAS HUAMAN,,,,2026-09-20T01:43:21.108Z
20604583081,ASOCIACION AGROINDUSTRIAL COMUNIDADES UNIDAS DEL NAPO,ASOCIACION,BAJA DE OFICIO,HABIDO,LORETO,MAYNAS,MAZAN,928394428,angelo_hr@hotmail.com,S2422961,2026-09-20T01:43:21.108Z
20604705411,COOPERATIVA AGRARIA CRUZ DE YANAHUANCA,"COOPERATIVAS, SAIS, CAPS",ACTIVO,HABIDO,LAMBAYEQUE,LAMBAYEQUE,SALAS,,,,2026-09-20T01:43:21.108Z
20604755230,COOPERATIVA AGRARIA ANDINA DE SANTA CRUZ LTDA.,"COOPERATIVAS, SAIS, CAPS",ACTIVO,HABIDO,ANCASH,HUAYLAS,SANTA CRUZ,935852386,coaandinasantacruz@gmail.com,S3013721,2026-09-20T01:43:21.108Z
20604757267,ASOCIACION DE PRODUCTORES AGROPECUARIOS CHAGRAPOCHMUÑA,ASOCIACION,ACTIVO,HABIDO,HUANUCO,PACHITEA,PANAO,,,,2026-09-20T01:43:21.108Z
20604817146,"ASOCIACION DE PRODUCTORES GANADEROS, LECHEROS Y AGRICULTORA ECOLOGICA DE CUYAY - CHUQUIBAMBA",ASOCIACION,BAJA DE OFICIO,HABIDO,AREQUIPA,CONDESUYOS,CHUQUIBAMBA,,,,2026-09-20T01:43:21.108Z
20604988200,ASOCIACION DE PRODUCTORES DE CACAO CCAPAQKILLA,ASOCIACION,ACTIVO,HABIDO,CUSCO,LA CONVENCION,ECHARATE,,,,2026-09-20T01:43:21.108Z
20605025821,ASOCIACION PRODUCTIVA AGROECOLOGICA DE MENDOZA,ASOCIACION,SUSPENSION TEMPORAL,HABIDO,AMAZONAS,RODRIGUEZ DE MENDOZA,OMIA,,,,2026-09-20T01:43:21.108Z
20605141456,ASOCIACION CENTRAL DE PRODUCTORES AGROPECUARIOS Y ECOLOGICO DE YUYAPICHIS,ASOCIACION,ACTIVO,HABIDO,HUANUCO,PUERTO INCA,YUYAPICHIS,,,,2026-09-20T01:43:21.108Z
20605161678,COOPERATIVA AGRARIA DE PRODUCTOS ECOLOGICOS DE PAMPACOLCA - COAPEP,"COOPERATIVAS, SAIS, CAPS",SUSPENSION TEMPORAL,HABIDO,AREQUIPA,CASTILLA,PAMPACOLCA,,,,2026-09-20T01:43:21.108Z
20605197583,ASOCIACION DE PRODUCTORES AGROECOLOGICOS DE PARIACOTO PROMOVIENDO VIDA SALUDABLE - APAPROVIS,ASOCIACION,ACTIVO,HABIDO,ANCASH,HUARAZ,PARIACOTO,,,,2026-09-20T01:43:21.108Z
20605210733,ASOCIACION DE PRODUCTORES DE CITRICOS DE PIGUIATO,ASOCIACION,ACTIVO,HABIDO,CUSCO,LA CONVENCION,ECHARATE,,,,2026-09-20T01:43:21.108Z
20605216812,ASOCIACION DE PRODUCTORES AGROPECUARIOS PAMPAS-CALLEBAMBA,ASOCIACION,BAJA DE OFICIO,HABIDO,APURIMAC,CHINCHEROS,CHINCHEROS,,,,2026-09-20T01:43:21.108Z
20605228489,ASOCIACION AGROINDUSTRIAL DE MUJERES PRODUCTORAS DE CACAO Y CAFE DEL VRAEM-OTARI´S,ASOCIACION,ACTIVO,HABIDO,CUSCO,LA CONVENCION,PICHARI,,,,2026-09-20T01:43:21.108Z
20605272577,ASOCIACION AGROINDUSTRIAL ALLPA WIRAPAK,ASOCIACION,ACTIVO,HABIDO,LORETO,LORETO,NAUTA,,,,2026-09-20T01:43:21.108Z
20605304479,ASOCIACION DE PRODUCTORES DE DERIVADOS LACTEOS SUMAC AUSANGATE DEL DISTRITO DE OCONGATE,ASOCIACION,BAJA PROV. POR OFICIO,HABIDO,CUSCO,QUISPICANCHI,OCONGATE,,,,2026-09-20T01:43:21.108Z
20605348468,ASOCIACION DE PRODUCTORES DE LACTEOS DE CCOLCCA AUSANLAC,ASOCIACION,BAJA DE OFICIO,HABIDO,CUSCO,QUISPICANCHI,OCONGATE,,,,2026-09-20T01:43:21.108Z
20605357122,COOPERATIVA DE PRODUCCION Y SERVICIOS ESPECIALES DE LOS PRODUCTORES DE CUYES DE HUANTA-COOPROCUY HUA,"COOPERATIVAS, SAIS, CAPS",ACTIVO,HABIDO,AYACUCHO,HUANTA,IGUAIN,,,B0917062,2026-09-20T01:43:21.108Z
20605363092,ASOCIACION DE PRODUCTORES AGROPECUARIOS DE CITRICOS SAN ANTONIO DE PAMPA CONCEPCION ECHARATI-APACISA,ASOCIACION,BAJA DE OFICIO,HABIDO,CUSCO,LA CONVENCION,ECHARATE,,,,2026-09-20T01:43:21.108Z
20605371869,ASOCIACION DE AGRICULTORES DE PALTOS EN HUAMAMPALI - ALTO LARAN,ASOCIACION,ACTIVO,HABIDO,ICA,CHINCHA,ALTO LARAN,,,,2026-09-20T01:43:21.108Z
20605430458,"ASOCIACION DE PRODUCTORES AGROPECUARIOS ""VALLE DEL MANTARO TINKUS""",ASOCIACION,BAJA DE OFICIO,HABIDO,JUNIN,JAUJA,SINCOS,,,,2026-09-20T01:43:21.108Z
20605500430,COOPERATIVA AGRARIA DE PRODUCTORES ECOLOGICOS LOS CHANKAS VALLE DEL RIO PERENE,"COOPERATIVAS, SAIS, CAPS",ACTIVO,HABIDO,JUNIN,CHANCHAMAYO,PICHANAQUI,,,,2026-09-20T01:43:21.108Z
20605520058,ASOCIACION DE PRODUCTORES AGROPECUARIOS CAPIRUSHARI DE MAZAMARI - APACM,ASOCIACION,SUSPENSION TEMPORAL,HABIDO,JUNIN,SATIPO,MAZAMARI,,,,2026-09-20T01:43:21.108Z
20605564730,COOPERATIVA DE PRODUCCION ECO AYMARA-ACORA,"COOPERATIVAS, SAIS, CAPS",ACTIVO,HABIDO,PUNO,PUNO,ACORA,,,,2026-09-20T01:43:21.108Z
20605600922,ASOCIACION DE PRODUCTORES AGROPECUARIOS VALLE IRIBAMBA,ASOCIACION,BAJA DE OFICIO,HABIDO,AYACUCHO,HUANTA,LURICOCHA,,,,2026-09-20T01:43:21.108Z
20605688170,COOPERATIVA AGRARIA ALEXANDER VON HUMBOLDT LTDA,"COOPERATIVAS, SAIS, CAPS",ACTIVO,HABIDO,UCAYALI,PADRE ABAD,ALEXANDER VON HUMBOLDT,,,,2026-09-20T01:43:21.108Z
20605783229,ASOCIACION DE PRODUCTORES AGROPECUARIOS LAS CATARATAS DE ILLAPANI,ASOCIACION,BAJA DE OFICIO,HABIDO,CUSCO,LA CONVENCION,ECHARATE,,,,2026-09-20T01:43:21.108Z
20605784047,ASOCIACION DE PRODUCTORES AGROPECUARIOS BUENOS AIRES KM. 2 PACARAN,ASOCIACION,BAJA DE OFICIO,HABIDO,MADRE DE DIOS,TAMBOPATA,LAS PIEDRAS,,,,2026-09-20T01:43:21.108Z
20605910573,ASOCIACION DE ACOPIO Y PRODUCTORES DE GANADO - TRAPICHE,ASOCIACION,BAJA DE OFICIO,HABIDO,PUNO,SAN ANTONIO DE PUTINA,ANANEA,,,,2026-09-20T01:43:21.108Z
20605962450,COOPERATIVA AGRARIA ECOINDUSTRIAL DEL VALLE PAURAN,"COOPERATIVAS, SAIS, CAPS",ACTIVO,HABIDO,JUNIN,HUANCAYO,SANTO DOMINGO DE ACOBAMBA,,,,2026-09-20T01:43:21.108Z
20606017406,ASOCIACION DE PRODUCTORES AGROPECUARIOS Y ARTESANALES YAWARCOCHA,ASOCIACION,BAJA DE OFICIO,HABIDO,HUANUCO,AMBO,AMBO,,,,2026-09-20T01:43:21.108Z
20606041382,ASOCIACION AROMA DE MUJER LLAQUE,ASOCIACION,BAJA DE OFICIO,HABIDO,LAMBAYEQUE,LAMBAYEQUE,SALAS,,,,2026-09-20T01:43:21.108Z
20606047364,ASOCIACIÓN AGROPECUARIO ARTESANAL E INDUSTRIAL WIÑAY LLANKAQ RACCHI AYLLO,ASOCIACION,BAJA DE OFICIO,HABIDO,CUSCO,URUBAMBA,HUAYLLABAMBA,,,,2026-09-20T01:43:21.108Z
20606101423,ASOCIACION DE PRODUCTORES AGROPECUARIOS DON LORENZO DEL DISTRITO DE SAMAN,ASOCIACION,ACTIVO,HABIDO,PUNO,AZANGARO,SAMAN,,,,2026-09-20T01:43:21.108Z
20606161655,COOPERATIVA DE SERVICIOS ESPECIALES DE ALPAQUEROS LOS ANDES DE HUANCAVELICA - COOPAH,"COOPERATIVAS, SAIS, CAPS",SUSPENSION TEMPORAL,HABIDO,HUANCAVELICA,HUANCAVELICA,ASCENSION,,,,2026-09-20T01:43:21.108Z
20606192119,ASOC. DE MUJERES AGROPECUARIAS ARTESANALES Y TURISTICA GRANJA DE CUYES VIRGEN LA ASUNTA DE CURIBAYA,ASOCIACION,BAJA PROV. POR OFICIO,HABIDO,TACNA,CANDARAVE,CURIBAYA,,,,2026-09-20T01:43:21.108Z
20606214082,COOPERATIVA AGRARIA QORI QUINUA TARACO LTDA,"COOPERATIVAS, SAIS, CAPS",SUSPENSION TEMPORAL,HABIDO,PUNO,HUANCANE,TARACO,,,S1653300,2026-09-20T01:43:21.108Z
20606226013,ASOCIACION DE PRODUCTORES AGROPECUARIOS CONTUCNA NUEVA GENERACION APACNG,ASOCIACION,ACTIVO,HABIDO,APURIMAC,ANDAHUAYLAS,TURPO,,,,2026-09-20T01:43:21.108Z
20606257172,ASOCIACIÓN DE AGRICULTORES EXPORTADORES MAJES CON FUTURO,ASOCIACION,BAJA PROV. POR OFICIO,HABIDO,AREQUIPA,CAYLLOMA,MAJES,,,,2026-09-20T01:43:21.108Z
20606293888,ASOCIACION DE PRODUCTORES AGROPECUARIOS ORO VERDE DE SOTCCOMAYO,ASOCIACION,BAJA PROV. POR OFICIO,HABIDO,APURIMAC,ANDAHUAYLAS,KISHUARA,,,,2026-09-20T01:43:21.108Z
20606307625,ASOCIACION DE PRODUCTORES AGRICOLAS VILLA HERMOSA - CHUQUIBAMBA,ASOCIACION,BAJA DE OFICIO,HABIDO,CAJAMARCA,CAJABAMBA,CACHACHI,,,,2026-09-20T01:43:21.108Z
20606396849,COOPERATIVA AGRARIA DE SERVICIOS MULTIPLES CAMPO VERDE DE JOSE MARIA ARGUEDAS - CASMUCAV,"COOPERATIVAS, SAIS, CAPS",ACTIVO,HABIDO,APURIMAC,ANDAHUAYLAS,ANDAHUAYLAS,,,,2026-09-20T01:43:21.108Z
20606451122,ASOCIACIÓN DE PRODUCTORES CERRO BLANCO,ASOCIACION,ACTIVO,HABIDO,SAN MARTIN,MOYOBAMBA,JEPELACIO,,,,2026-09-20T01:43:21.108Z
20606485281,COOPERATIVA AGROINDUSTRIAL DE LA GRAN NACION ASHANINKA,"COOPERATIVAS, SAIS, CAPS",ACTIVO,HABIDO,JUNIN,SATIPO,SATIPO,,,,2026-09-20T01:43:21.108Z
20606497122,ASOCIACION DE PRODUCTORES AGROPECUARIOS Y FORESTALES COBARRIANOS DE SINCOS - APAFCOS,ASOCIACION,ACTIVO,HABIDO,JUNIN,JAUJA,SINCOS,,,,2026-09-20T01:43:21.108Z
20606538465,ASOCIACION LAS TUYAS DE CARAMPA,ASOCIACION,BAJA DE OFICIO,HABIDO,HUANCAVELICA,TAYACAJA,PAZOS,954 100 216,arauconz@gmail.com,S2655826,2026-09-20T01:43:21.108Z
20606556331,ASOCIACIÓN ABISEO SAN MARTIN - ASABISAM,ASOCIACION,ACTIVO,HABIDO,SAN MARTIN,MARISCAL CACERES,JUANJUI,,,,2026-09-20T01:43:21.108Z
20606590301,ASOCIACION PRODUCTORES AGROPECUARIOS DE PALTO VALLE VERDE PINCOS MATAPUQUIO,ASOCIACION,ACTIVO,HABIDO,APURIMAC,ANDAHUAYLAS,KISHUARA,,,,2026-09-20T01:43:21.108Z
20606701846,ASOCIACION ALPACAS Y LLAMAS REGISTRADAS DE PAQUENTA,ASOCIACION,ACTIVO,HABIDO,AREQUIPA,CAYLLOMA,TISCO,942424876,condorinoaalipio@gmail.com,S1700164,2026-09-20T01:43:21.108Z
20606717475,ASOCIACION DE PEQUEÑOS PRODUCTORES AGROPECUARIOS ULLMA,ASOCIACION,BAJA PROV. POR OFICIO,HABIDO,PIURA,HUANCABAMBA,LALAQUIZ,,,,2026-09-20T01:43:21.108Z
20606930101,ASOCIACIÓN BOSQUE DE LAS NUWAS,ASOCIACION,ACTIVO,HABIDO,SAN MARTIN,RIOJA,AWAJUN,,,,2026-09-20T01:43:21.108Z
20606942762,COOPERATIVA AGRARIA COOPSAA LTDA.,"COOPERATIVAS, SAIS, CAPS",ACTIVO,HABIDO,SAN MARTIN,BELLAVISTA,BELLAVISTA,990149930,coop.arroselva@gmail.com,S2228480,2026-09-20T01:43:21.108Z
20607009261,ASOCIACION DE PRODUCTORES AGROPECUARIOS E INDUSTRIALES DE APALIN - AGROAPA,ASOCIACION,BAJA PROV. POR OFICIO,HABIDO,CAJAMARCA,CAJAMARCA,LOS BAÑOS DEL INCA,,,,2026-09-20T01:43:21.108Z
20607057363,ASOCIACION AGROINDUSTRIAL DE PLANTAS AROMATICAS ECOANDES,ASOCIACION,BAJA PROV. POR OFICIO,HABIDO,TACNA,CANDARAVE,QUILAHUANI,,,,2026-09-20T01:43:21.108Z
20607063576,"""ASOCIACIÓN DE PRODUCTORES AGROPECUARIOS CHASKAS DE HUANCALLAMA""-""APACHAHUA""",ASOCIACION,ACTIVO,HABIDO,HUANCAVELICA,CASTROVIRREYNA,MOLLEPAMPA,,,,2026-09-20T01:43:21.108Z
20607106313,ASOCIACION DE PRODUCTORES AGROFORESTALES Y CONSERVACION NUEVA AMAZONIA - APAYCNA,ASOCIACION,SUSPENSION TEMPORAL,HABIDO,MADRE DE DIOS,TAMBOPATA,TAMBOPATA,,,,2026-09-20T01:43:21.108Z
20607144347,ASOCIACION NUEVO AMANECER CASERIO PURUAY BAJO,ASOCIACION,BAJA DE OFICIO,HABIDO,CAJAMARCA,CAJAMARCA,CAJAMARCA,,,,2026-09-20T01:43:21.108Z
20607148881,ASOCIACION DE PRODUCTORES DE OREGANO VERDE AMANECER CHALLAVIENTO,ASOCIACION,ACTIVO,HABIDO,TACNA,TACNA,PACHIA,,,,2026-09-20T01:43:21.108Z
20607264237,ASOCIACION DE PRODUCTORES AGROPECUARIOS DE AGRICULTORES DE MAIZ DE HUARO,ASOCIACION,ACTIVO,HABIDO,CUSCO,QUISPICANCHI,HUARO,,,,2026-09-20T01:43:21.108Z
20607265624,ASOCIACION DE PEQUEÑOS PRODUCTORES AGROPECUARIOS PENACHI-KERGUER,ASOCIACION,ACTIVO,HABIDO,LAMBAYEQUE,LAMBAYEQUE,SALAS,,,,2026-09-20T01:43:21.108Z
20607331104,ASOCIACION DE PRODUCTORES AGROPECUARIOS ECOLOGICOS CRUZ DE PLATA TUTI-COLCA - AGROECOTUTI - COLCA,ASOCIACION,BAJA DE OFICIO,HABIDO,AREQUIPA,CAYLLOMA,TUTI,,,S2342173,2026-09-20T01:43:21.108Z
20607382604,ASOCIACION DE PEQUEÑOS PRODUCTORES AGROPECUARIOS SAN LORENZO DE LALAQUIZ,ASOCIACION,ACTIVO,HABIDO,PIURA,PIURA,PIURA,,,,2026-09-20T01:43:21.108Z
20607442585,ASOCIACION AGROPECUARIA VIRGEN INMACULADA CONCEPCION DE ACOS VINCHOS - HUAMANGA,ASOCIACION,BAJA DE OFICIO,HABIDO,AYACUCHO,HUAMANGA,ACOS VINCHOS,,,,2026-09-20T01:43:21.108Z
20607520748,COOPERATIVA AGRARIA DE CRIADORES DE CAMÉLIDOS ANDINOS DE LA COMUNIDAD CAMPESINA LAGUNILLAS,"COOPERATIVAS, SAIS, CAPS",ACTIVO,HABIDO,PUNO,LAMPA,SANTA LUCIA,,,,2026-09-20T01:43:21.108Z
20607536016,COOPERATIVA AGRARIA COOPAGRO LTDA - COOPERATIVA COOPAGRO,"COOPERATIVAS, SAIS, CAPS",ACTIVO,HABIDO,CAJAMARCA,JAEN,JAEN,953612634,gerencia@coopagroperu.com,S2562947,2026-09-20T01:43:21.108Z
20607558559,COOPERATIVA AGRARIA INDÍGENA AWAJUN WAMPIS TUNTANAIN LTDA,"COOPERATIVAS, SAIS, CAPS",ACTIVO,HABIDO,AMAZONAS,CONDORCANQUI,NIEVA,,,,2026-09-20T01:43:21.108Z
20607580023,ASOCIACION DE PRODUCTORES AGROPECUARIOS ARTESANIA Y ACUICULTURA SANTA RITA,ASOCIACION,ACTIVO,HABIDO,PUNO,SAN ROMAN,JULIACA,,,,2026-09-20T01:43:21.108Z
20607660515,ASOCIACION DE PRODUCTORES OLIVICOLAS DE ILO - APROLIVO ILO,ASOCIACION,ACTIVO,HABIDO,MOQUEGUA,ILO,ILO,,,,2026-09-20T01:43:21.108Z
20607735761,ASOCIACION DE PRODUCTORES AGROPECUARIOS Y PLANTAS AROMATICAS SAN JUNE,ASOCIACION,SUSPENSION TEMPORAL,HABIDO,MOQUEGUA,MARISCAL NIETO,TORATA,,,,2026-09-20T01:43:21.108Z
20607754579,ASOCIACION DE PRODUCTORES AGROPECUARIOS HUAYLLANI APU TORRINI AYAVIRI,ASOCIACION,BAJA DE OFICIO,HABIDO,PUNO,MELGAR,AYAVIRI,,,,2026-09-20T01:43:21.108Z
20607775185,ASOCIACION DE PRODUCTORES ANDINOS SOLIDARIOS-KAÑARIS,ASOCIACION,BAJA DE OFICIO,HABIDO,LAMBAYEQUE,FERREÑAFE,CAÑARIS,,,,2026-09-20T01:43:21.108Z
20607875724,ASOCIACION DE PRODUCTORES AGROPECUARIOS LOS ANDENES EN LA CUMBRE DE LA TIERRA,ASOCIACION,SUSPENSION TEMPORAL,HABIDO,CAJAMARCA,SAN PABLO,TUMBADEN,,,,2026-09-20T01:43:21.108Z
20607878413,ASOCIACION DE CRIADORES AGROPECUARIOS MULTIPLES AGUA DULCE UMAJALA - ACRAMADU,ASOCIACION,ACTIVO,HABIDO,AREQUIPA,AREQUIPA,AREQUIPA,,,,2026-09-20T01:43:21.108Z
20608017501,ASOCIACION DE PLATANEROS AGROPECUARIOS DE INAMBARI,ASOCIACION,BAJA DE OFICIO,HABIDO,MADRE DE DIOS,TAMBOPATA,INAMBARI,,,,2026-09-20T01:43:21.108Z
20608030949,ASOCIACION DE PRODUCTORES EL PIÑAL DE UNION PROGRESO,ASOCIACION,BAJA DE OFICIO,HABIDO,MADRE DE DIOS,TAMBOPATA,LABERINTO,,,,2026-09-20T01:43:21.108Z
20608049721,ASOCIACION DE AGRICULTORES Y PRODUCTORES UIKANA SAMUNAS,ASOCIACION,ACTIVO,HABIDO,LORETO,MAYNAS,SAN JUAN BAUTISTA,,,,2026-09-20T01:43:21.108Z
20608058291,ASOCIACION AGROPECUARIA COMUNAL USHUMAYO DEL DISTRIRO UMARI ASACUDU,ASOCIACION,ACTIVO,HABIDO,HUANUCO,PACHITEA,UMARI,,,,2026-09-20T01:43:21.108Z
20608124935,ASOCIACIÓN DE PRODUCTORES AGROPECUARIOS DEL CASERÍO DE CHACHASPATA,ASOCIACION,ACTIVO,HABIDO,HUANUCO,PACHITEA,UMARI,,,,2026-09-20T01:43:21.108Z
20608190776,ASOCIACIÓN DE PRODUCTORES AGROPECUARIOS AYLLU ROMERO - ASPROAGRO ROMERO,ASOCIACION,BAJA DE OFICIO,HABIDO,HUANCAVELICA,HUANCAVELICA,HUANCAVELICA,,,,2026-09-20T01:43:21.108Z
20608206346,ASOCIACION DE PRODUCTORES AGROPECUARIOS DEL CASERIO DE PANAOCOCHA,ASOCIACION,ACTIVO,HABIDO,HUANUCO,PACHITEA,UMARI,,,,2026-09-20T01:43:21.108Z
20608235648,ASOCIACIÓN DE PRODUCTORES DE CACAO ORGÁNICO PUSHARO MANU,ASOCIACION,ACTIVO,HABIDO,MADRE DE DIOS,MANU,MANU,,,,2026-09-20T01:43:21.108Z
20608294512,COOPERATIVA AGRARIA KURI VALLE DEL SISA LTDA,"COOPERATIVAS, SAIS, CAPS",ACTIVO,HABIDO,SAN MARTIN,EL DORADO,SAN JOSE DE SISA,,,,2026-09-20T01:43:21.108Z
20608311387,ASOCIACION DE PRODUCTORES AGRARIOS LOS TRIUNFADORES,ASOCIACION,ACTIVO,HABIDO,LORETO,LORETO,PARINARI,,,,2026-09-20T01:43:21.108Z
20608389734,ASOCIACION AGROPECUARIO COMUNAL DE GOYAR PUNTA DEL DISTRITO DE UMARI,ASOCIACION,ACTIVO,HABIDO,HUANUCO,PACHITEA,UMARI,,,,2026-09-20T01:43:21.108Z
20608453815,ASOCIACIÓN AGROPECUARIA COMUNAL MIRANDO HACIA EL FUTURO DEL CASERIO DE CUCHO DEL DISTRITO DE UMARI,ASOCIACION,ACTIVO,HABIDO,HUANUCO,PACHITEA,UMARI,,,,2026-09-20T01:43:21.108Z
20608470388,ASOCIACION DE PRODUCTORES AGROPECUARIOS HUALLAHUALLANI-CURIBAYA,ASOCIACION,ACTIVO,HABIDO,TACNA,CANDARAVE,CANDARAVE,,,,2026-09-20T01:43:21.108Z
20608478311,COOPERATIVA AGRARIA YAKATHEO DEL AMAZONAS COOPAYAKAT,"COOPERATIVAS, SAIS, CAPS",ACTIVO,HABIDO,AMAZONAS,UTCUBAMBA,EL MILAGRO,,,,2026-09-20T01:43:21.108Z
20608506706,COOPERATIVA AGRARIA SOSTENIBLE AGROPERU LTDA - CAS AGROPERU LTDA,"COOPERATIVAS, SAIS, CAPS",ACTIVO,HABIDO,JUNIN,SATIPO,SATIPO,,,,2026-09-20T01:43:21.108Z
20608517741,ASOCIACION DE PRODUCTORES AGROPECUARIOS AGROECOLOGICOS BARRIAL Y YANATILE,ASOCIACION,BAJA DE OFICIO,HABIDO,CUSCO,CALCA,YANATILE,,,,2026-09-20T01:43:21.108Z
20608562886,FUENTE DE ACOPIO DE FIBRA DE ALPACA SURI DE ORO CAPASO,ASOCIACION,SUSPENSION TEMPORAL,HABIDO,PUNO,EL COLLAO,CAPAZO,,,,2026-09-20T01:43:21.108Z
20608571648,ASOCIACION DE PRODUCTORES AGROPECUARIOS UNION CHANQUIL,ASOCIACION,ACTIVO,HABIDO,HUANCAVELICA,ACOBAMBA,ROSARIO,,,,2026-09-20T01:43:21.108Z
20608597973,ASOCIACION AGROPECUARIA COMUNAL DE HUANIN DEL DISTRITO DE UMARI,ASOCIACION,ACTIVO,HABIDO,HUANUCO,PACHITEA,UMARI,,,,2026-09-20T01:43:21.108Z
20608609467,ASOCIACION DE PRODUCTORES FRUTICOLAS HUAQUISH POCOR - APROFRUT HUAQUISH POCOR,ASOCIACION,ACTIVO,HABIDO,ANCASH,RECUAY,PARARIN,,,,2026-09-20T01:43:21.108Z
20608664450,COOPERATIVA AGRARIA DE SERVICIOS MULTIPLES APU RIMAQ LTDA-COOP. APU RIMAQ LTDA,"COOPERATIVAS, SAIS, CAPS",SUSPENSION TEMPORAL,HABIDO,APURIMAC,ANDAHUAYLAS,ANDAHUAYLAS,,,,2026-09-20T01:43:21.108Z
20608668951,ASOCIACIÓN DE PRODUCTORES LA FRUTA DEL DRAGÓN-CHURUJA,ASOCIACION,BAJA DE OFICIO,HABIDO,AMAZONAS,BONGARA,CHURUJA,,,,2026-09-20T01:43:21.108Z
20608699041,ASOCIACION DE PRODUCTORES AGROPECUARIOS AGROINDUSTRIALES VALLE DEL PARAISO DE TICRAPO,ASOCIACION,BAJA DE OFICIO,HABIDO,HUANCAVELICA,CASTROVIRREYNA,TICRAPO,,,,2026-09-20T01:43:21.108Z
20608734628,"ASOCIACION DE PRODUCTORES AGROPECUARIOS HUASCARAN DEL DISTRITO DE RANRAHIRCA, PROVINCIA DE YUNGAY",ASOCIACION,ACTIVO,HABIDO,ANCASH,YUNGAY,RANRAHIRCA,,,,2026-09-20T01:43:21.108Z
20608734725,ASOCIACION DE FRUCTICULTORES DE QUESQUENTO,ASOCIACION,SUSPENSION TEMPORAL,HABIDO,CUSCO,LA CONVENCION,QUELLOUNO,,,,2026-09-20T01:43:21.108Z
20608748921,"ASOCIACION DE PRODUCTORES AGROPECUARIOS DEL DISTRITO DE GUADALUPE, CHEPEN Y ANEXOS",ASOCIACION,ACTIVO,HABIDO,LA LIBERTAD,PACASMAYO,GUADALUPE,,,,2026-09-20T01:43:21.108Z
20608820672,ASOCIACION AGROPECUARIA COMUNAL DEL PUEBLO DE RACO DEL DISTRITO DE UMARI,ASOCIACION,ACTIVO,HABIDO,HUANUCO,PACHITEA,UMARI,,,,2026-09-20T01:43:21.108Z
20608834746,ASOCIACION DE PRODUCTORES LAGUNA LA BOA,ASOCIACION,ACTIVO,HABIDO,HUANUCO,LEONCIO PRADO,JOSE CRESPO Y CASTILLO,,,,2026-09-20T01:43:21.108Z
20608860771,ASOCIACIÓN COMUNAL AGROPECUARIA DEL CASERIO DE NIÑA COCHA,ASOCIACION,ACTIVO,HABIDO,HUANUCO,PACHITEA,UMARI,,,,2026-09-20T01:43:21.108Z
20608865927,LAS PUINAHUINAS S.A.C.,SOCIEDAD ANONIMA CERRADA,ACTIVO,HABIDO,LORETO,REQUENA,PUINAHUA,,,,2026-09-20T01:43:21.108Z
20608952315,NUMBERI S.A.C.,SOCIEDAD ANONIMA CERRADA,ACTIVO,HABIDO,MADRE DE DIOS,TAMBOPATA,TAMBOPATA,,,,2026-09-20T01:43:21.108Z
20609013487,ASOCIACION DE PRODUCTORES DE CHANCCAYMARCA,ASOCIACION,ACTIVO,HABIDO,APURIMAC,CHINCHEROS,RANRACANCHA,,,,2026-09-20T01:43:21.108Z
20609025353,ASOCIACION DE PRODUCTORES AGROPERU MANDOVA,ASOCIACION,ACTIVO,HABIDO,CAJAMARCA,JAEN,JAEN,,,,2026-09-20T01:43:21.108Z
20609057361,ASOCIACION DE PRODUCTORES AGROPECUARIOS Y LACTEOS DEL DISTRITO DE PLATERIA,ASOCIACION,BAJA DE OFICIO,HABIDO,PUNO,PUNO,PLATERIA,,,,2026-09-20T01:43:21.108Z
20609069555,"ASOCIACIÓN AGROPECUARIA TURÍSTICO INDUSTRIAL ""CCORI WAYRA CHINA"" DEL CASERIO DE IRHUACA",ASOCIACION,BAJA DE OFICIO,HABIDO,AYACUCHO,LUCANAS,CHAVIÑA,,,,2026-09-20T01:43:21.108Z
20609078074,ASOCIACION AGROPECUARIA DE CHALLHUALLA,ASOCIACION,ACTIVO,HABIDO,AYACUCHO,LUCANAS,LUCANAS,,,,2026-09-20T01:43:21.108Z
20609119421,ASOCIACION AGROPECUARIA LLOQICHAYOCC,ASOCIACION,ACTIVO,HABIDO,AYACUCHO,HUAMANGA,SAN JUAN BAUTISTA,,,,2026-09-20T01:43:21.108Z
20609166500,ASOCIACION DE PRODUCTORES AGROPECUARIOS Y SERVICIOS TURISTICOS YURAQ - WASI,ASOCIACION,ACTIVO,HABIDO,AYACUCHO,PARINACOCHAS,PUYUSCA,,,,2026-09-20T01:43:21.108Z
20609201259,ASOCIACION DE PRODUCTORES AGROECOLOGICOS DEL HUALLAGA,ASOCIACION,ACTIVO,HABIDO,HUANUCO,LEONCIO PRADO,RUPA-RUPA,,,,2026-09-20T01:43:21.108Z
20609203359,ASOCIACION AGROPECUARIA HIJOS DE TICRAPO,ASOCIACION,ACTIVO,HABIDO,HUANCAVELICA,CASTROVIRREYNA,TICRAPO,,,,2026-09-20T01:43:21.108Z
20609343355,ASOCIACION DE PRODUCTORES Y EXPORTADORES FUNDO LUISA VICTORIA ASPREXFLV,ASOCIACION,ACTIVO,HABIDO,ANCASH,SANTA,MORO,,,,2026-09-20T01:43:21.108Z
20609411423,ASOCIACION DE PRODUCTORES AGROPECUARIOS ÑAUPAQMAN PURISUN DE YALAGUA,ASOCIACION,ACTIVO,HABIDO,MOQUEGUA,GENERAL SANCHEZ CERRO,UBINAS,,,,2026-09-20T01:43:21.108Z
20609488621,ASOCIACION DE PRODUCTORES AGROECOLOGICOS E INDUSTRIALES SUPER CAMPO,ASOCIACION,BAJA DE OFICIO,HABIDO,LA LIBERTAD,SANCHEZ CARRION,SANAGORAN,,,,2026-09-20T01:43:21.108Z
20609518643,SOCIEDAD PERUANA DE CRIADORES DE ALPACAS Y LLAMAS REGISTRADAS DE LA REGION DE APURIMAC,ASOCIACION,BAJA DE OFICIO,HABIDO,APURIMAC,ABANCAY,ABANCAY,,,,2026-09-20T01:43:21.108Z
20609529891,ASOCIACIÓN CENTRAL PRODUCTORES Y CRIADORES DE ALPACAS Y LLAMAS OCONGATE CUSCO-APROCALLOC,ASOCIACION,BAJA DE OFICIO,HABIDO,CUSCO,QUISPICANCHI,OCONGATE,,,,2026-09-20T01:43:21.108Z
20609542129,ASOCIACIÓN DE PRODUCTORES DE GRANOS ANDINOS APURIMAQ,ASOCIACION,ACTIVO,HABIDO,APURIMAC,ANDAHUAYLAS,TALAVERA,,,,2026-09-20T01:43:21.108Z
20609555395,COOPERATIVA AGRARIA BANAQUI CURIMANA,"COOPERATIVAS, SAIS, CAPS",ACTIVO,HABIDO,UCAYALI,PADRE ABAD,CURIMANA,,,,2026-09-20T01:43:21.108Z
20609623056,ASOCIACION DE AGROPECUARIOS LLANGANUCO,ASOCIACION,ACTIVO,HABIDO,ANCASH,YUNGAY,YUNGAY,,,,2026-09-20T01:43:21.108Z
20609726262,ASOCIACION CENTRAL DE PRODUCTORES LACTEOS DEL DISTRITO DE YARABAMBA,ASOCIACION,BAJA DE OFICIO,HABIDO,AREQUIPA,AREQUIPA,YARABAMBA,,,,2026-09-20T01:43:21.108Z
20609787202,ASOCIACION CENTRAL DE PIÑEROS AGRO TECNIFICADOS DE MADRE DE DIOS,ASOCIACION,ACTIVO,HABIDO,MADRE DE DIOS,TAMBOPATA,LABERINTO,,,,2026-09-20T01:43:21.108Z
20609813688,ASOCIACIÓN DE PRODUCTORES AGROECOLOGICO AGROPECUARIO MULTISERVICIOS ALTA SIERRA CASACOTO - TAPO,ASOCIACION,ACTIVO,HABIDO,JUNIN,TARMA,TAPO,,,,2026-09-20T01:43:21.108Z
20609846314,COOPERATIVA AGRARIA DE FAMILIAS CAMPESINAS EMPRENDEDORAS Y RESILIENTES DEL PERÚ - CAFCER,"COOPERATIVAS, SAIS, CAPS",ACTIVO,HABIDO,SAN MARTIN,LAMAS,PINTO RECODO,,,,2026-09-20T01:43:21.108Z
20609862492,ASOCIACION DE MUJERES EMPRENDEDORAS DE LA COMUNIDAD CAMPESINA DE EXCHAJE,ASOCIACION,BAJA PROV. POR OFICIO,HABIDO,MOQUEGUA,GENERAL SANCHEZ CERRO,YUNGA,,,,2026-09-20T01:43:21.108Z
20609875276,ASOCIACIÓN DE PRODUCTORES DE CUY - EL OLIVO / APROCUYOL,ASOCIACION,BAJA PROV. POR OFICIO,HABIDO,CAJAMARCA,CAJABAMBA,CACHACHI,,,,2026-09-20T01:43:21.108Z
20609917840,ASOCIACION DE PRODUCTORES REPRESA TAPASH,ASOCIACION,SUSPENSION TEMPORAL,HABIDO,LA LIBERTAD,SANTIAGO DE CHUCO,MOLLEPATA,,,,2026-09-20T01:43:21.108Z
20609941406,COMUNIDAD NATIVA DE HUITOTOS DE FORTALEZA,"COMUNIDAD CAMPESINA, NATIVA",ACTIVO,HABIDO,LORETO,MAYNAS,NAPO,,,,2026-09-20T01:43:21.108Z
20609948044,COOPERATIVA AGRARIA DE FRUTICULTORES DE SANDIA,"COOPERATIVAS, SAIS, CAPS",ACTIVO,HABIDO,PUNO,SANDIA,SANDIA,,,S2200147,2026-09-20T01:43:21.108Z
20609979471,ASOCIACION DE PRODUCTORES AGROPECUARIOS ECOLOGICOS SAN ANTONIO HEROINAS TOLEDO,ASOCIACION,ACTIVO,HABIDO,JUNIN,CONCEPCION,HEROINAS TOLEDO,,,,2026-09-20T01:43:21.108Z
20610024085,"COOPERATIVA AGRARIA DE PRODUCTORES DE PALTA HASS, DEL ANEXO DE RONDAYACU, DISTRITO DE MONOBAMBA","COOPERATIVAS, SAIS, CAPS",SUSPENSION TEMPORAL,HABIDO,JUNIN,CHANCHAMAYO,SAN RAMON,,,,2026-09-20T01:43:21.108Z
20610032185,ASOCIACION DE PRODUCTORES SOSTENIBLES AWAJUN DEL MARAÑON,ASOCIACION,ACTIVO,HABIDO,LORETO,DATEM DEL MARAÑON,MANSERICHE,,,,2026-09-20T01:43:21.108Z
20610124977,ASOCIACION DE PRODUCTORES ALPAQUEROS PISCICULTORES Y ARTESANOS DEL DISTRITO DE CAYLLOMA,ASOCIACION,ACTIVO,HABIDO,AREQUIPA,CAYLLOMA,CAYLLOMA,,,,2026-09-20T01:43:21.108Z
20610159789,ASOCIACION DE PRODUCTORES AGROPECUARIOS NUEVO MILENIO DE CHUQUIBAMBA - APANMIC,ASOCIACION,BAJA DE OFICIO,HABIDO,CAJAMARCA,CAJABAMBA,CACHACHI,,,,2026-09-20T01:43:21.108Z
20610286519,COOPERATIVA AGRARIA LINE COFFEE MARAÑÓN - LINE COFFEE MARAÑON,"COOPERATIVAS, SAIS, CAPS",ACTIVO,HABIDO,AMAZONAS,UTCUBAMBA,LONYA GRANDE,,,,2026-09-20T01:43:21.108Z
20610507701,ASOCIACION DE RECOLECTORES DE CASTAÑA ORGANICA DE MADRE DE DIOS - ARCOMAD,ASOCIACION,ACTIVO,HABIDO,MADRE DE DIOS,TAMBOPATA,TAMBOPATA,,,,2026-09-20T01:43:21.108Z
20610524231,COOPERATIVA AGRARIA ARTESANAL ORO ANDINO DE PARIA - CAAOPAR,"COOPERATIVAS, SAIS, CAPS",ACTIVO,HABIDO,HUANCAVELICA,HUAYTARA,PILPICHACA,,,,2026-09-20T01:43:21.108Z
20610555811,COOPERATIVA AGRARIA TOTORAL,"COOPERATIVAS, SAIS, CAPS",ACTIVO,HABIDO,APURIMAC,ANDAHUAYLAS,SAN JERONIMO,,,,2026-09-20T01:43:21.108Z
20610585184,COOPERATIVA AGRARIA DEL DESARROLLO ARTESANAL DE FIBRA DE ALPACA DE PICHCCAHUASI,"COOPERATIVAS, SAIS, CAPS",ACTIVO,HABIDO,HUANCAVELICA,HUAYTARA,PILPICHACA,,,,2026-09-20T01:43:21.108Z
20610592474,ASOCIACION DE PRODUCTORES AGROPECUARIOS PIEDRA TROMPA,ASOCIACION,ACTIVO,HABIDO,CAJAMARCA,SAN MIGUEL,CALQUIS,,,,2026-09-20T01:43:21.108Z
20610598880,COOPERATIVA AGRARIA INTERANDINO,"COOPERATIVAS, SAIS, CAPS",ACTIVO,HABIDO,APURIMAC,ABANCAY,ABANCAY,,,,2026-09-20T01:43:21.108Z
20610739491,ASOCIACION DE PRODUCTORES AGROPECUARIOS DON ANDRES-AMAZONAS,ASOCIACION,ACTIVO,HABIDO,AMAZONAS,LUYA,CAMPORREDONDO,,,,2026-09-20T01:43:21.108Z
20610739505,COOPERATIVA AGRARIA HUAYHUASH,"COOPERATIVAS, SAIS, CAPS",ACTIVO,HABIDO,ANCASH,BOLOGNESI,HUASTA,,,,2026-09-20T01:43:21.108Z
20610772553,ASOCIACION DE MUJERES CAFICULTORAS DE CHINYAMA,ASOCIACION,BAJA DE OFICIO,HABIDO,LAMBAYEQUE,FERREÑAFE,CAÑARIS,,,,2026-09-20T01:43:21.108Z
20611055669,ASOCIACION DE EMPRENDEDORES VIRGEN NATIVIDAD DE EXCHAJE,ASOCIACION,ACTIVO,HABIDO,MOQUEGUA,GENERAL SANCHEZ CERRO,YUNGA,,,,2026-09-20T01:43:21.108Z
20611065044,ASOCIACIÓN DE PRODUCTORES LOS SEMBRADORES DE HUARIBAMBA,ASOCIACION,BAJA PROV. POR OFICIO,HABIDO,HUANCAVELICA,TAYACAJA,HUARIBAMBA,,,,2026-09-20T01:43:21.108Z
20611080817,ASOCIACION DE PRODUCTORES OCCIDENTAL DE QUERAL,ASOCIACION,BAJA DE OFICIO,HABIDO,ANCASH,HUAYLAS,CARAZ,,,,2026-09-20T01:43:21.108Z
20611141298,COOPERATIVA AGRARIA GANADERA DE CAMELIDOS SUDAMERICANOS 24 DE SETIEMBRE DE CONDURIRI,"COOPERATIVAS, SAIS, CAPS",ACTIVO,HABIDO,PUNO,EL COLLAO,CONDURIRI,,,,2026-09-20T01:43:21.108Z
20611142162,ASOCIACION DE PRODUCTORES AGROPECUARIOS MUSOQ ALLPA DE PICHOS,ASOCIACION,BAJA DE OFICIO,HABIDO,HUANCAVELICA,TAYACAJA,PICHOS,,,,2026-09-20T01:43:21.108Z
20611153571,ASOCIACION DE PRODUCTORES DE MANGO Y PALTA - SANTIAGO DE HUIÑA - VALLE HUARMEY,ASOCIACION,SUSPENSION TEMPORAL,NO HABIDO,ANCASH,HUARMEY,HUARMEY,,,,2026-09-20T01:43:21.108Z
20611180625,ASOCIACION DE PRODUCTORES AGROPECUARIOS-ISCOCUCHO - APROAGRI,ASOCIACION,SUSPENSION TEMPORAL,HABIDO,CAJAMARCA,CAJABAMBA,CONDEBAMBA,,,,2026-09-20T01:43:21.108Z
20611182661,COOPERATIVA AGRARIA PITAHAYA AMAZONAS,"COOPERATIVAS, SAIS, CAPS",ACTIVO,HABIDO,AMAZONAS,BONGARA,CHURUJA,,,,2026-09-20T01:43:21.108Z
20611198923,COOPERATIVA AGRARIA LAND PERÚ,"COOPERATIVAS, SAIS, CAPS",SUSPENSION TEMPORAL,NO HABIDO,JUNIN,CHANCHAMAYO,PICHANAQUI,,,,2026-09-20T01:43:21.108Z
20611254068,COOPERATIVA AGRARIA WARMI TARPUY,"COOPERATIVAS, SAIS, CAPS",ACTIVO,HABIDO,APURIMAC,ANDAHUAYLAS,SAN JERONIMO,987901580,cooperativawarmitarpuy@gmail.com,S3078027,2026-09-20T01:43:21.108Z
20611321482,COOPERATIVA AGRARIA LOS GANADEROS DE MARCABAL,"COOPERATIVAS, SAIS, CAPS",ACTIVO,HABIDO,LA LIBERTAD,SANCHEZ CARRION,MARCABAL,,,,2026-09-20T01:43:21.108Z
20611340002,COOPERATIVA AGRARIA INTERCULTURAL CAFE PUI PUI LTDA,"COOPERATIVAS, SAIS, CAPS",ACTIVO,HABIDO,JUNIN,SATIPO,SATIPO,,,,2026-09-20T01:43:21.108Z
20611444053,ASOCIACION DE PRODUCTORES AGROPECUARIOS Y AGROINDUSTRIALES VIZCACHANI,ASOCIACION,ACTIVO,HABIDO,PUNO,PUNO,VILQUE,,,,2026-09-20T01:43:21.108Z
20611451602,ASOCIACION SUMAQ URPIKUNA DE COALAQUE,ASOCIACION,ACTIVO,HABIDO,MOQUEGUA,GENERAL SANCHEZ CERRO,UBINAS,,,,2026-09-20T01:43:21.108Z
20611472529,COOPERATIVA AGRARIA ALTO ANDINO CULTA-ACORA,"COOPERATIVAS, SAIS, CAPS",ACTIVO,HABIDO,PUNO,PUNO,PLATERIA,,,,2026-09-20T01:43:21.108Z
20611480262,COOPERATIVA AGRARIA SAN CRISTOBAL DE COALLACA - CABANILLAS,"COOPERATIVAS, SAIS, CAPS",ACTIVO,HABIDO,PUNO,SAN ROMAN,JULIACA,,,,2026-09-20T01:43:21.108Z
20611510731,AGROPECUARIO FORESTAL E INDUSTRIAL VALLE NUEVO - AFI VALLE NUEVO,ASOCIACION,BAJA PROV. POR OFICIO,HABIDO,TACNA,TACNA,TACNA,,,,2026-09-20T01:43:21.108Z
20611531088,"ASOCIACION DE AGRICULTORES INNOVADORES DE ANCASH, EDIFLOR",ASOCIACION,ACTIVO,HABIDO,ANCASH,SANTA,CHIMBOTE,,,S3118380,2026-09-20T01:43:21.108Z
20611567449,COOPERATIVA AGRARIA PROCUY MANTARO LTDA,"COOPERATIVAS, SAIS, CAPS",ACTIVO,HABIDO,JUNIN,JAUJA,ATAURA,,,,2026-09-20T01:43:21.108Z
20611631686,COOPERATIVA AGRARIA EMPRENDEDORAS Y DEFENSORAS FRUTOS DEL VALLE,"COOPERATIVAS, SAIS, CAPS",ACTIVO,HABIDO,CAJAMARCA,CAJABAMBA,CACHACHI,,,,2026-09-20T01:43:21.108Z
20611650524,ASOCIACION DE PRODUCTORES AGROPECUARIOS INCACHAQUI-ISCOCUCHO,ASOCIACION,BAJA PROV. POR OFICIO,HABIDO,CAJAMARCA,CAJABAMBA,CAJABAMBA,,,,2026-09-20T01:43:21.108Z
20611831570,ASOCIACION JUNTOS POR UN SUEÑO VERDE,ASOCIACION,ACTIVO,HABIDO,MOQUEGUA,MARISCAL NIETO,SAN ANTONIO,,,,2026-09-20T01:43:21.108Z
20611854553,COOPERATIVA AGRARIA EL SEMBRADOR,"COOPERATIVAS, SAIS, CAPS",ACTIVO,HABIDO,LA LIBERTAD,VIRU,VIRU,,,,2026-09-20T01:43:21.108Z
20611935243,COOPERATIVA AGRARIA ECOLOGICA CANIARI AMAZONICA CAECAM,"COOPERATIVAS, SAIS, CAPS",ACTIVO,HABIDO,UCAYALI,PADRE ABAD,ALEXANDER VON HUMBOLDT,969074926,caecam.ucayali@gmail.com,S2942652,2026-09-20T01:43:21.108Z
20611967056,COOPERATIVA AGRARIA NUEVA ESPERANZA DE RANCHOPAMPA - PATALA,"COOPERATIVAS, SAIS, CAPS",ACTIVO,HABIDO,JUNIN,HUANCAYO,PUCARA,,,,2026-09-20T01:43:21.108Z
20612023655,ASOCIACION DE PRODUCTORES AGROPECUARIOS Y APICULTORES MARCABALINOS,ASOCIACION,ACTIVO,HABIDO,LA LIBERTAD,SANCHEZ CARRION,MARCABAL,,,,2026-09-20T01:43:21.108Z
20612079111,ASOCIACIÒN AGROPECUARIA FUTUROS DE HUAIRAG DEL DISTRITO DE UMARI,ASOCIACION,ACTIVO,HABIDO,HUANUCO,PACHITEA,UMARI,,,,2026-09-20T01:43:21.108Z
20612142361,ASOCIACIÓN DE PRODUCTORES AGROPECUARIOS SIN FRONTERAS DE VILLA GLORIA,ASOCIACION,ACTIVO,HABIDO,HUANUCO,HUANUCO,CHINCHAO,,,,2026-09-20T01:43:21.108Z
20612229105,ASOCIACION DE PRODUCTORES AGROPECUARIOS Y VECINOS COLINDANTES DE LA PLANTA COMPRESORA KAMANI ABRA,ASOCIACION,BAJA DE OFICIO,HABIDO,CUSCO,LA CONVENCION,KUMPIRUSHIATO,,,,2026-09-20T01:43:21.108Z
20612331821,ASOCIACIÓN DE MUJERES LAS FLORES DE LUYA,ASOCIACION,ACTIVO,HABIDO,AMAZONAS,LUYA,PISUQUIA,,,,2026-09-20T01:43:21.108Z
20612380571,"ASOCIACION DE PRODUCTORES AGROPECUARIOS, GANADEROS, CHAQUILBAMBA, LA LECHERIA",ASOCIACION,BAJA DE OFICIO,HABIDO,LA LIBERTAD,SANCHEZ CARRION,MARCABAL,,,,2026-09-20T01:43:21.108Z
20612473626,ASOCIACION DE PRODUCTORES PRODUCTIVOS  MISHKI MUYU DEL MEDIO TIGRE,ASOCIACION,ACTIVO,HABIDO,LORETO,LORETO,TIGRE,,,,2026-09-20T01:43:21.108Z
20612512320,ASOC. DE PRODUCTORES AGROPECUARIOS INDUSTRIALES Y CADENAS PRODUCTIVAS JAHUAY LA RINCONADA QUERAPI,ASOCIACION,ACTIVO,HABIDO,MOQUEGUA,MARISCAL NIETO,MOQUEGUA,,,,2026-09-20T01:43:21.108Z
20612596833,ASOCIACION DE PRODUCTORES AGRICOLAS SUMAC SARA DEL DISTRITO DE LUCRE,ASOCIACION,ACTIVO,HABIDO,CUSCO,QUISPICANCHI,LUCRE,,,,2026-09-20T01:43:21.108Z
20612601462,COOPERATIVA AGRARIA DE PRODUCCION ORGANICA DE USUARIOS CHANKILLO COOPAGROCHANKILLO,"COOPERATIVAS, SAIS, CAPS",ACTIVO,HABIDO,ANCASH,CASMA,CASMA,,,,2026-09-20T01:43:21.108Z
20612652075,COOPERATIVA AGROINDUSTRIAL DE BAMBU DE LA REGION AMAZONAS,"COOPERATIVAS, SAIS, CAPS",ACTIVO,HABIDO,AMAZONAS,BAGUA,ARAMANGO,,,,2026-09-20T01:43:21.108Z
20612751111,COOPERATIVA AGRARIA INDUSTRIAL VALLE VERDE SELVA CENTRAL,"COOPERATIVAS, SAIS, CAPS",ACTIVO,HABIDO,JUNIN,CHANCHAMAYO,PERENE,,,,2026-09-20T01:43:21.108Z
20612779598,"""COOPERATIVA AGRARIA TIAMBRA VALLE HUASAHUASI""","COOPERATIVAS, SAIS, CAPS",SUSPENSION TEMPORAL,HABIDO,JUNIN,TARMA,HUASAHUASI,,,,2026-09-20T01:43:21.108Z
20612976857,COOPERATIVA AGRARIA YALPA LIMITADA,"COOPERATIVAS, SAIS, CAPS",ACTIVO,HABIDO,TACNA,TACNA,LA YARADA LOS PALOS,,,,2026-09-20T01:43:21.108Z
20612982407,ASOCIACION DE PRODUCTORES DE CAMU CAMU DE VILLA LAGUNAS,ASOCIACION,SUSPENSION TEMPORAL,HABIDO,LORETO,ALTO AMAZONAS,LAGUNAS,,,,2026-09-20T01:43:21.108Z
20613016253,ASOCIACION DE PRODUCTORES MULTIPLES AGRARIOS DEL DISTRITO DE INCLAN,ASOCIACION,ACTIVO,HABIDO,TACNA,TACNA,INCLAN,,,,2026-09-20T01:43:21.108Z
20613037595,ASOCIACION DE PRODUCTORES PALTO MARCAHUASI-MOLLEPATA,ASOCIACION,BAJA DE OFICIO,HABIDO,CUSCO,ANTA,MOLLEPATA,,,,2026-09-20T01:43:21.108Z
20613068075,ASOCIACIÓN DE PRODUCTORES AGROPECUARIOS CORAZON DE LA SELVA - APROAGROCOSEL,ASOCIACION,ACTIVO,HABIDO,SAN MARTIN,MOYOBAMBA,CALZADA,,,,2026-09-20T01:43:21.108Z
20613233106,ASOCIACION DE PRODUCTORES FRUTICOLAS QUIACA,ASOCIACION,ACTIVO,HABIDO,PUNO,SANDIA,QUIACA,,,,2026-09-20T01:43:21.108Z
20613667203,ASOCIACION DE PRODUCTORES AGROINDUSTRIALES HACIENDA SAN JOSE DE LA VILLA DE YARABAMBA,ASOCIACION,BAJA DE OFICIO,HABIDO,AREQUIPA,AREQUIPA,YARABAMBA,,,,2026-09-20T01:43:21.108Z
20613899287,COOPERATIVA AGRARIA AGROFRUTOS ORGANICOS,"COOPERATIVAS, SAIS, CAPS",ACTIVO,HABIDO,LAMBAYEQUE,LAMBAYEQUE,MOTUPE,,,,2026-09-20T01:43:21.108Z
20613911279,COOPERATIVA AGRARIA ARTESANAL CCORI PACCO DE INGAHUASI - PILPICHACA,"COOPERATIVAS, SAIS, CAPS",ACTIVO,HABIDO,HUANCAVELICA,HUAYTARA,PILPICHACA,,,,2026-09-20T01:43:21.108Z
