ruc,razon_social,tipo_contribuyente,profesion_oficio,nombre_comercial,condicion_contribuyente,estado_contribuyente,fecha_inscripcion,fecha_inicio_actividades,departamento,provincia,distrito,direccion,telefono,fax,actividad_comercio_exterior,ciiu_principal,ciiu_secundario_1,ciiu_secundario_2,afecto_nuevo_rus,buen_contribuyente,agente_retencion,agente_percepcion_venta_interna,agente_percepcion_combustible,fecha_consulta
20118578415,CENT.DE COOP.AGR. CAF.VALLES SANDIA LTDA,"COOPERATIVAS, SAIS, CAPS",,CECOVASA LTDA,HABIDO,ACTIVO,1993-04-25,1970-05-02,PUNO,SANDIA,SAN JUAN DEL ORO,AV. AGRICULTURA NRO. 99,,,EXPORTADOR,VTA.  MAY. DE MATERIAS PRIMAS AGROPEC.,ELAB DE OTROS PROD. ALIMENTICIOS.,,NO,,"NO, Excluido del Régimen de Agentes de Retención de IGV a partir del 01/01/2025",,,2026-09-19T21:40:58.666Z
20118588135,CENTRAL DE COOPERATIVAS DE SERVICIOS ESPECIALES ALPAQUERAS DE PUNO LTDA. - CECOALP,"COOPERATIVAS, SAIS, CAPS",,CECOALP,HABIDO,ACTIVO,1993-04-25,1991-01-01,PUNO,SAN ROMAN,JULIACA,JR. MIRAFLORES NRO. 1496 URB. SAN FRANCISCO (A UNA ACUADRA MERDO.PEDRO VILCA A.),,,IMPORTADOR/EXPORTADOR,VTA.  MAY. DE MATERIAS PRIMAS AGROPEC.,,,NO,,,,,2026-09-19T21:40:58.666Z
20119208026,FONGAL TACNA,ASOCIACION,,FONGAL TACNA,HABIDO,ACTIVO,1993-04-29,1980-09-04,TACNA,TACNA,CRL. GREG. ALBARRACIN LANCHIPA,OVL. CUSCO NRO. S/N FND. LA AGRONOMICA,,,SIN ACTIVIDAD,ELAB DE OTROS PROD. ALIMENTICIOS.,"SERVICIOS AGRICOLAS, GANADERAS.",,NO,,,,,2026-09-19T21:44:11.515Z
20129156083,COOP AGRARIA CAFET VALLE RIO APURIMAC,"COOPERATIVAS, SAIS, CAPS",,CAC VALLE RIO APURIMAC,HABIDO,ACTIVO,1993-05-04,1969-12-14,AYACUCHO,LA MAR,AYNA,AV. 28 DE JULIO NRO. 4 (PUERTO SAN FRANCISCO),,,EXPORTADOR,"VTA. MAY. ALIMENTOS, BEBIDAS Y TABACO.","ELAB. CACAO, CHOCOLATE Y CONFIT.",,NO,,,,,2026-09-19T21:40:58.666Z
20129529530,COOP AGRARIA CAFETALERA SATIPO LTDA,"COOPERATIVAS, SAIS, CAPS",,C.A.C. SATIPO LTDA.,HABIDO,ACTIVO,1993-05-04,1993-03-11,JUNIN,SATIPO,SATIPO,JR. MANUEL PRADO NRO. 433,,,EXPORTADOR,CULTIVO DE FRUTAS.,,ACTIVIDADES INMOBILIARIAS,NO,,"SI, incorporado al Régimen de Agentes de Retención de IGV (R.S.229-2024) a partir del 01/01/2025",,,2026-09-19T21:40:58.666Z
20129772043,COOPERATIVA COMUNAL VICCO LTDA,"COOPERATIVAS, SAIS, CAPS",,COOPERATIVA COMUNAL VICCO LTDA,HABIDO,ACTIVO,1993-05-04,1972-09-05,PASCO,PASCO,VICCO,AV. CERRO DE PASCO NRO. 990 CERCADO (COST. CAPILLA 3 DE MAYO),,,SIN ACTIVIDAD,CRIA DE GANADO.,TRANSPORTE  DE CARGA POR CARRETERA.,,NO,,,,,2026-09-19T21:44:11.515Z
20129830426,COOPERATIVA COMUNAL HUAYLLAY LTDA 16,"COOPERATIVAS, SAIS, CAPS",,,HABIDO,ACTIVO,1993-05-04,1972-02-13,PASCO,PASCO,HUAYLLAY,PZA. RAMON CASTILLA NRO. 121 HUAYLLAY,,,SIN ACTIVIDAD,CRIA DE GANADO.,ELAB DE PRODUCTOS LACTEOS.,,NO,,,,,2026-09-19T21:44:11.515Z
20129842351,COOPERATIVA COMUNAL SAN ANTONIO DE RANCAS LTDA. 289,"COOPERATIVAS, SAIS, CAPS",,RANCAS,HABIDO,ACTIVO,1993-05-04,1957-10-31,PASCO,PASCO,SIMON BOLIVAR,CAL. SAN MARTIN NRO. 121 SN ANTONIO RANCAS (PLAZA PRINCIPAL),,,SIN ACTIVIDAD,CRIA DE GANADO.,TRANSPORTE  DE CARGA POR CARRETERA.,OTROS TIPOS DE VENTA AL POR MENOR.,NO,,,,,2026-09-19T21:44:11.515Z
20131453427,COOPERATIVA COMUNAL SAN PEDRO DE RACCO,"COOPERATIVAS, SAIS, CAPS",,,HABIDO,ACTIVO,1993-05-04,1969-09-23,PASCO,PASCO,SIMON BOLIVAR,AV. FEDERICO ROJAS HERRERA NRO. S/N ANX. SAN PEDRO DE RACCO,,,SIN ACTIVIDAD,CRIA DE GANADO.,ALQUILER OTROS TIPOS MAQ.Y EQUI. NCP.,CRIA DE ANIMALES DOMESTICOS.,NO,"SI, incorporado al Régimen de Buenos Contribuyentes (Resolución N° 1930050007770) a partir del 01/02/2022",,,,2026-09-19T21:44:11.515Z
20132489824,COOPERATIVA AGRARIA CAFETALERA CHANCAMAYO LTDA. N° 008-B-VII,"COOPERATIVAS, SAIS, CAPS",,,HABIDO,ACTIVO,1993-05-06,1974-02-15,CUSCO,LA CONVENCION,SANTA ANA,AV. EDGAR DE LA TORRE NRO. 1353 (CENTRAL COCLA),,,SIN ACTIVIDAD,TRANSPORTE  DE CARGA POR CARRETERA.,"SERVICIOS AGRICOLAS, GANADERAS.",ACTIVIDADES INMOBILIARIAS,NO,,,,,2026-09-19T21:42:35.997Z
20132505455,COOPERATIVA AGRARIA CAFETALERA AGUILAYOC  LTDA. 084,"COOPERATIVAS, SAIS, CAPS",,,HABIDO,ACTIVO,1993-05-06,1980-04-06,CUSCO,LA CONVENCION,SANTA ANA,JR. OLLANTA NRO. 130 URB. SANTA ANA,,,SIN ACTIVIDAD,EXPLOTACION MIXTA.,ACTIVIDADES INMOBILIARIAS,,NO,"SI, incorporado al Régimen de Buenos Contribuyentes (Resolución N° 0930050010724) a partir del 01/04/2018",,,,2026-09-19T21:42:35.997Z
20132509795,COOPERATIVA AGRARIA CAFETALERA JOSE OLAYA LTDA  N° 252,"COOPERATIVAS, SAIS, CAPS",,CAC JOSE OLAYA LTDA 252,HABIDO,ACTIVO,1993-05-06,1972-04-12,CUSCO,LA CONVENCION,SANTA ANA,AV. EDGAR DE LA TORRE NRO. 232 COO. QUILLABAMBA,,,IMPORTADOR/EXPORTADOR,CULTIVO DE FRUTAS.,ACTIVIDADES INMOBILIARIAS,,NO,,,,,2026-09-19T21:42:35.997Z
20132509876,COOPERATIVA AGRARIA CAFETALERA MARANURA LTDA. 129,"COOPERATIVAS, SAIS, CAPS",,,HABIDO,ACTIVO,1993-05-06,1964-12-02,CUSCO,LA CONVENCION,MARANURA,NRO. SN SEC. PAMPA MARANURA (CARRTERA QBBA CUSCO KM10 EX FUNDOMARANUR),,,IMPORTADOR/EXPORTADOR,TRANSPORTE  DE CARGA POR CARRETERA.,"ELAB. CACAO, CHOCOLATE Y CONFIT.",,NO,,,,,2026-09-19T21:42:35.997Z
20132517119,COOPERATIVA AGRARIA CAFETALERA MATEO PUMACAHUA LTDA N° 185,"COOPERATIVAS, SAIS, CAPS",,COOP. AGRARIA CAFETALERA,HABIDO,ACTIVO,1993-05-06,1965-11-20,CUSCO,LA CONVENCION,SANTA ANA,JR. LIBERTAD NRO. 631,,,IMPORTADOR/EXPORTADOR,"ELAB. CACAO, CHOCOLATE Y CONFIT.",ACTIVIDADES INMOBILIARIAS,,NO,,,,,2026-09-19T21:42:35.997Z
20136201132,COOPERATIVA AGRARIA CAFETALERA ALTO URUBAMBA LTDA N° 239,"COOPERATIVAS, SAIS, CAPS",,C.A.C. ALTO URUBAMBA,HABIDO,ACTIVO,1993-05-13,1967-09-29,CUSCO,LA CONVENCION,SANTA ANA,AV. FRANCISCA ZUBIAGA NRO. 427 QUILLABAMBA (COSTADO DE ELECTRO SUR S.A.),,,SIN ACTIVIDAD,VTA.  MAY. DE MATERIAS PRIMAS AGROPEC.,"RESTAURANTES, BARES Y CANTINAS.",,NO,,,,,2026-09-19T21:42:35.997Z
20136201213,CENTRAL DE COOPERATIVAS AGRARIAS CAFETALERAS COCLA LTDA. N° 281,"COOPERATIVAS, SAIS, CAPS",,CENTRAL COCLA LTDA. 281,HABIDO,ACTIVO,1993-05-13,1966-07-26,CUSCO,LA CONVENCION,SANTA ANA,AV. EDGAR DE LA TORRE NRO. 1353 QUILLABAMBA (LOCAL DE COCLA),,,EXPORTADOR,VTA. MAY. DE OTROS PRODUCTOS.,ELAB DE OTROS PROD. ALIMENTICIOS.,ACTIVIDADES INMOBILIARIAS,NO,,"NO, Excluido del Régimen de Agentes de Retención de IGV a partir del 01/02/2015",,,2026-09-19T21:40:58.666Z
20140181405,COOPERATIVA AGRARIA CAFETALERA LA FLORIDA,"COOPERATIVAS, SAIS, CAPS",,COOPERATIVA LA FLORIDA,HABIDO,ACTIVO,1993-06-09,1970-10-08,JUNIN,CHANCHAMAYO,PERENE,AV. CHANCHAMAYO MZA. O LOTE. 24 C.P. PUERTO YURINAKI (A UNA CDRA PARQUE PTO YURINAKI S75098560),,,EXPORTADOR,CULTIVO DE FRUTAS.,"RESTAURANTES, BARES Y CANTINAS.",,NO,,"NO, Excluido del Régimen de Agentes de Retención de IGV a partir del 01/01/2025",,,2026-09-19T21:42:35.997Z
20140292657,COOPERATIVA AGRARIA CAFETALERA CCOCHAPAMPA LTDA.,"COOPERATIVAS, SAIS, CAPS",,COOP AGRARIA CAFETALERA,HABIDO,ACTIVO,1993-06-09,1992-11-01,CUSCO,LA CONVENCION,SANTA ANA,AV. EDGAR DE LA TORRE NRO. 350 (FT I.E TUPAC AMAR LOCAL COOP. 2P CELESTE),,,EXPORTADOR,CULTIVO DE FRUTAS.,VTA. MAY. DE OTROS PRODUCTOS.,,NO,,,,,2026-09-19T21:42:35.997Z
20143224857,COOPERATIVA AGRARIA DE USUARIOS AMAYBAMBA PISTIPATA LTDA. N°34,"COOPERATIVAS, SAIS, CAPS",,COOPERATIVA AGRARIA,HABIDO,ACTIVO,1993-06-24,1971-01-01,CUSCO,LA CONVENCION,HUAYOPATA,CAR. QUILLABAMBA CUSCO NRO. KM35,,,SIN ACTIVIDAD,CULTIVO DE FRUTAS.,,,NO,,,,,2026-09-19T21:42:35.997Z
20143692010,COOPERATIVA AGRARIA EL QUINACHO LTDA. N° 078,"COOPERATIVAS, SAIS, CAPS",,CAC. EL QUINACHO,HABIDO,ACTIVO,1993-06-24,1971-01-09,AYACUCHO,HUANTA,SIVIA,AV. QUINACHO MZA. V LOTE. 1 (COSTADO DE LA PLAZA PRINCIPAL),,,IMPORTADOR/EXPORTADOR,"ELAB. CACAO, CHOCOLATE Y CONFIT.",,,NO,,,,,2026-09-19T21:42:35.997Z
20145484597,COOPERATIVA AGRARIA CAFETALERA SAN IGNACIO LTDA.,"COOPERATIVAS, SAIS, CAPS",,,HABIDO,ACTIVO,1993-06-30,1993-01-21,PUNO,SANDIA,SAN PEDRO DE PUTINA PUNCO,JR. PROGRESO MZA. L LOTE. 15 BAR. BELLAVISTA (AL FRENTE DEL CENTRO DE SALUD),,,SIN ACTIVIDAD,VTA.  MAY. DE MATERIAS PRIMAS AGROPEC.,TRANSPORTE  DE CARGA POR CARRETERA.,,NO,,,,,2026-09-19T21:42:35.997Z
20146696041,COOP AGRARIA CAFET JOSE GABRIEL CONDORCA,"COOPERATIVAS, SAIS, CAPS",,COOP AGRA CAF JOSE GAB COND,HABIDO,ACTIVO,1993-07-01,1969-11-10,PIURA,HUANCABAMBA,CANCHAQUE,NRO. S/N INT. S/N C.P.M COYONA (A 500M DEL PUESTO DE SALUD DE COYONA),,,SIN ACTIVIDAD,"VTA. MAY. ALIMENTOS, BEBIDAS Y TABACO.",,,NO,"SI, incorporado al Régimen de Buenos Contribuyentes (Resolución N° 0830050012681) a partir del 01/02/2022",,,,2026-09-19T21:40:58.666Z
20147443120,COOPERATIVA AGRARIA CAFETALERA TIRIJUAY PAVAYOC LTDA 013-B-VII,"COOPERATIVAS, SAIS, CAPS",,,NO HABIDO,SUSPENSION TEMPORAL,1993-07-01,1975-10-01,CUSCO,LA CONVENCION,OCOBAMBA,NRO. SN C.P. DE VERSALLES (CALLE PRINCIPAL FRENT A ESCUELA C2P AZUL),,,SIN ACTIVIDAD,VTA. MAY. MATERIALES DE CONSTRUCCION.,"SERVICIOS AGRICOLAS, GANADERAS.",,NO,,,,,2026-09-19T21:49:13.930Z
20166786861,COMITE CENTRAL DE PRODUCTORES AGROPECUARIOS DE SAN ALEJANDRO,ASOCIACION,,,HABIDO,ACTIVO,1993-08-13,1991-02-26,UCAYALI,PADRE ABAD,IRAZOLA,JR. JR. JHON F. KENNEDY MZA. 0 LOTE. 01 C.V. JJ.VV. MIGUEL GRAU (CERCA AL PUERTO GRAU),,,SIN ACTIVIDAD,EXPLOTACION MIXTA.,"ELAB. CACAO, CHOCOLATE Y CONFIT.",,NO,,,,,2026-09-19T21:40:58.666Z
20170142773,COOPERATIVA AGRARIA CAFETALERA BAGUA GRANDE LIMITADA,"COOPERATIVAS, SAIS, CAPS",,CAC.BAGUA GRANDE LTDA,HABIDO,ACTIVO,1993-08-21,1978-12-16,AMAZONAS,UTCUBAMBA,BAGUA GRANDE,JR. ISIDRO MAMANI NRO. 120 SECTOR SAN LUIS (FRENTE A LA PLAZA DE GANADO),,,IMPORTADOR/EXPORTADOR,CULTIVO DE FRUTAS.,OTRAS ACTIVID.DE TIPO SERVICIO NCP,,NO,,,,,2026-09-19T21:42:35.997Z
20175089111,COOP. AG. SOCIEDAD AGRICOLA DE INTERES SOCIAL JOSE CARLOS MARIATEGUI LTDA.N°16 SUNCHUBAMBA Y ANEXOS,"COOPERATIVAS, SAIS, CAPS",,,HABIDO,ACTIVO,1993-09-17,1972-10-22,CAJAMARCA,CAJAMARCA,COSPAN,CAL. CENTRO POBLADO SUNCHUBAMB NRO. S/N C.P. SUNCHUBAMBA,,,EXPORTADOR,EXPLOTACION MIXTA.,TRANSPORTE  DE CARGA POR CARRETERA.,,NO,,,,,2026-09-19T21:40:58.666Z
20183732031,ASOCIACION DE PRODUCTORES DE ROCOTO Y PRODUCTOS AGRICOLAS DE OXAPAMPA,ASOCIACION,,,HABIDO,BAJA DE OFICIO,2023-05-10,2023-05-10,PASCO,OXAPAMPA,OXAPAMPA,JR. MULLER NRO. S/N LA ESPERANZA (CDRA. 8 - PLANTA ROCOTERA),,,SIN ACTIVIDAD,CULTIVO DE HORTALIZAS Y LEGUMBRES.,,,NO,,,,,2026-09-19T21:49:12.014Z
20200880448,COOPERATIVA AGRARIA CAFETALERA JORGE CHAVEZ LTDA,"COOPERATIVAS, SAIS, CAPS",,,HABIDO,ACTIVO,1993-12-18,1982-10-07,CUSCO,CALCA,YANATILE,NRO. S/N INT. S/N C.C.CUQUIPATA (CARRETERA KM.117),,,SIN ACTIVIDAD,VTA. MAY. DE OTROS PRODUCTOS.,,,NO,,,,,2026-09-19T21:42:35.997Z
20204028061,COOPERATIVA COMUNAL SAN PEDRO DE CAJAS,"COOPERATIVAS, SAIS, CAPS",,COOP COMUNAL SN PEDRO DE CAJAS,HABIDO,ACTIVO,1994-01-07,1977-08-14,JUNIN,TARMA,SAN PEDRO DE CAJAS,JR. AREQUIPA Y GRAU NRO. SN (CERCA PLAZA PRINCIPAL),,,SIN ACTIVIDAD,CRIA DE ANIMALES DOMESTICOS.,CRIA DE GANADO.,,NO,,,,,2026-09-19T21:44:11.515Z
20287980672,COMUNIDAD NATIVA TRES ISLAS,"COMUNIDAD CAMPESINA, NATIVA",,CN. TRES ISCAS,HABIDO,ACTIVO,1995-07-26,1995-07-01,MADRE DE DIOS,TAMBOPATA,TAMBOPATA,CAR. TRES ISLAS KM. 18 COMUNIDAD TRES ISLAS (MISMO SALON COMUNAL TRES ISLAS),,,SIN ACTIVIDAD,SILVICULTURA Y EXT. DE MADERA.,"EXT. DE PIEDRA, ARENA Y ARCILLA.",,NO,,,,,2026-09-19T21:40:58.666Z
20323699365,INVERSIONES PERUALP S.A.,SOCIEDAD ANONIMA,,FLORALP,HABIDO,ACTIVO,1997-10-16,1997-10-15,PASCO,OXAPAMPA,CHONTABAMBA,CAR. PRINCIPAL KM. 2 BAR. BARRIO NUEVA FLORIDA (MARGEN DERECHA CARRETERA A CHONTABAMBA),,,IMPORTADOR/EXPORTADOR,ELAB DE PRODUCTOS LACTEOS.,TRANSPORTE  DE CARGA POR CARRETERA.,,NO,,,,,2026-09-19T21:44:11.515Z
20326767400,ASOC.C.DE ACOPIO D.LECHE SR.D.L.MILAGROS,ASOCIACION,,,HABIDO,ACTIVO,1996-07-11,1996-07-11,AREQUIPA,CAYLLOMA,LLUTA,PARCELAMIENTO NRO. B (FRENTE A PARCELA B2-80 IRRIG. MAJES),,,SIN ACTIVIDAD,ACTIVIDADES OTRAS ASOCIACIONES NCP.,ELAB DE PRODUCTOS LACTEOS.,TRANSPORTE  DE CARGA POR CARRETERA.,NO,,,,,2026-09-19T21:35:37.435Z
20327993705,CENTRO DE ACOPIO DE LECHE LUIS PASTEUR,ASOCIACION,,,HABIDO,ACTIVO,1997-02-04,1997-02-04,AREQUIPA,CAYLLOMA,MAJES,"SECCION NRO. D INT. 1 IRRIGACION MAJES (1ER. RAMAL ALTURA 908, PANAMERICANA SUR)",,,SIN ACTIVIDAD,ELAB DE PRODUCTOS LACTEOS.,TRANSPORTE  DE CARGA POR CARRETERA.,,NO,,,,,2026-09-19T21:40:58.666Z
20352266052,ASOCIACION DE PRODUCTORES DE PALMITO DE AGUAYTIA,ASOCIACION,,,NO HABIDO,BAJA DE OFICIO,2010-06-17,2010-06-17,UCAYALI,PADRE ABAD,PADRE ABAD,JR. GENARO PAREDES MZA. 167 LOTE. 2 JJ.VV. PAMPA YURAC,,,SIN ACTIVIDAD,CULTIVOS DE CEREALES.,,,NO,,,,,2026-09-19T21:49:12.014Z
20352417018,COOPERATIVA AGRARIA DE CACAOTEROS TECNIFICADOS DE PADRE ABAD,"COOPERATIVAS, SAIS, CAPS",,ACATPA,HABIDO,SUSPENSION TEMPORAL,2008-03-31,2008-04-01,UCAYALI,PADRE ABAD,IRAZOLA,MZA. Ñ LOTE. 10 SAN ALEJANDRO (JUNTA VECINAL MIGUEL GRAU),,,IMPORTADOR/EXPORTADOR,CULTIVO DE FRUTAS.,OTROS TIPOS TRANSPORTE REG. VIA TER.,,NO,,,,,2026-09-19T21:49:13.930Z
20352423921,COOPERATIVA AGRARIA CAFETALERA DIVISORIA LTDA,"COOPERATIVAS, SAIS, CAPS",,,HABIDO,ACTIVO,2001-03-14,2001-03-14,HUANUCO,LEONCIO PRADO,LUYANDO,CAL. CARRETERA  TINGO MARIA-PU MZA. A LOTE. 23 ZONA HABILITACION URBANA (BALANZA MAPRESA),,,IMPORTADOR/EXPORTADOR,VTA.  MAY. DE MATERIAS PRIMAS AGROPEC.,ELAB DE OTROS PROD. ALIMENTICIOS.,,NO,,,,,2026-09-19T21:42:35.997Z
20365575674,COMUNIDAD CAMPESINA SAN ANTONIO DE RANCAS,"COMUNIDAD CAMPESINA, NATIVA",,,HABIDO,ACTIVO,1998-11-19,1998-11-01,PASCO,PASCO,SIMON BOLIVAR,CAL. SUCRE NRO. 127 RANCAS (SEGUNDO PISO FRENTE A LA BODEGA CHAVEZ),,,SIN ACTIVIDAD,EXPLOTACION MIXTA.,FAB. DE CALZADO.,,NO,,,,,2026-09-19T21:40:58.666Z
20393152207,COOPERATIVA AGRO INDUSTRIAL APCTVASH,"COOPERATIVAS, SAIS, CAPS",,,HABIDO,ACTIVO,2020-08-26,2020-09-01,UCAYALI,PADRE ABAD,PADRE ABAD,KM. 6 P.J. CASERIO SHAMBILLO,,,SIN ACTIVIDAD,VTA.  MAY. DE MATERIAS PRIMAS AGROPEC.,"ELAB. CACAO, CHOCOLATE Y CONFIT.",OTROS TIPOS DE VENTA POR MENOR.,NO,,,,,2026-09-19T21:44:11.515Z
20393335620,ASOCIACIÓN DE PRODUCTORES ECOLÓGICOS DEL CASERÍO SAN CRISTÓBAL DE AGUA BLANCA,ASOCIACION,,,HABIDO,BAJA DE OFICIO,2012-06-06,2012-06-06,UCAYALI,CORONEL PORTILLO,CAMPOVERDE,JR. SAN MARTIN MZA. 57 LOTE. 5 (ENTRANDO POR EL MERCADO 250 METROS),,,SIN ACTIVIDAD,CULTIVOS DE CEREALES.,,,NO,,,,,2026-09-19T21:49:12.014Z
20393415062,ASOCIACION AGROINDUSTRIAS PROGRESO,ASOCIACION,,,HABIDO,ACTIVO,2012-08-29,2012-08-29,UCAYALI,PADRE ABAD,PADRE ABAD,AV. LAS INDUSTRIAS MZA. A LOTE. 1 CAS. MARIELA (AGUAYTIA),,,SIN ACTIVIDAD,TRANSPORTE  DE CARGA POR CARRETERA.,ELAB DE OTROS PROD. ALIMENTICIOS.,OTROS TIPOS DE VENTA AL POR MENOR.,NO,,,,,2026-09-19T21:35:37.435Z
20393449471,CENTRO UNICO DE AGRICULTORES PLATANEROS DE LA PROVINCIA DE PADRE ABAD,ASOCIACION,,CUAPPPA,HABIDO,BAJA DE OFICIO,2008-07-23,2008-08-01,UCAYALI,PADRE ABAD,PADRE ABAD,CAR. FEDERICO BASADRE MZA. 155 LOTE. 4A JUNTA VECINAL PAMPAYURAC,,,SIN ACTIVIDAD,ACTIVIDADES OTRAS ASOCIACIONES NCP.,,,NO,,,,,2026-09-19T21:49:13.930Z
20393576660,ASOCIACION DE PRODUCTORES ECOLOGICOS EL PIMENTAL,ASOCIACION,,,HABIDO,ACTIVO,2012-01-24,2012-01-24,UCAYALI,CORONEL PORTILLO,CAMPOVERDE,JR. ISAO SASAGAWA MZA. 1 LOTE. 01A CAS. PIMENTAL (CARRETERA TOURNAVISTA 5KM),,,SIN ACTIVIDAD,ACTIVIDADES OTRAS ASOCIACIONES NCP.,,,NO,,,,,2026-09-19T21:40:58.666Z
20393593670,COMITE CENTRAL CON DESARROLLO AL FUTURO DE CURIMANA,ASOCIACION,,,NO HABIDO,BAJA DE OFICIO,2010-05-12,2010-06-01,UCAYALI,PADRE ABAD,CURIMANA,JR. GARIBALDI BARDALES MZA. 54 LOTE. 6 (AL COSTADO DE LA PNP CURIMANA),,,IMPORTADOR/EXPORTADOR,VTA.  MAY. DE MATERIAS PRIMAS AGROPEC.,OTROS TIPOS DE VENTA AL POR MENOR.,,NO,,,,,2026-09-19T21:49:12.014Z
20393692228,COOPERATIVA AGRARIA CACAOTERA SAN ALEJANDRO LTDA,"COOPERATIVAS, SAIS, CAPS",,CACSA,HABIDO,ACTIVO,2011-05-16,2011-05-16,UCAYALI,PADRE ABAD,IRAZOLA,CAL. LAS FLORES NRO. S/N SAN ALEJANDRO (A 1 KM. DEL BANCO DE LA NACION),,,EXPORTADOR,CULTIVO DE FRUTAS.,VTA.  MAY. DE MATERIAS PRIMAS AGROPEC.,,NO,,,,,2026-09-19T21:42:35.997Z
20393757290,ASOCIACION DE AGRICULTORES DEL CENTRO POBLADO SAN JOSE DE YARINACOCHA,ASOCIACION,,,HABIDO,BAJA DE OFICIO,2024-05-23,2024-05-23,UCAYALI,CORONEL PORTILLO,YARINACOCHA,JR. TUPAC AMARU MZA. 12 LOTE. 06 C.P. SAN JOSE,,,SIN ACTIVIDAD,CULTIVO DE HORTALIZAS Y LEGUMBRES.,CULTIVO DE FRUTAS.,,NO,,,,,2026-09-19T21:49:13.930Z
20393786044,COOPERATIVA AGRARIA CAFETALERA COORDILLERA AZUL DE UCAYALI LTDA,"COOPERATIVAS, SAIS, CAPS",,,HABIDO,ACTIVO,2012-04-04,2012-09-03,UCAYALI,PADRE ABAD,PADRE ABAD,CAR. FEDERICO BASADRE MZA. 8 LOTE. 11 (POR LA MUNICIPALDAD CP DIVISORIA),,,SIN ACTIVIDAD,CULTIVO DE FRUTAS.,,,NO,,,,,2026-09-19T21:42:35.997Z
20393816211,COOPERATIVA AGRARIA SAN JUAN BAUTISTA,"COOPERATIVAS, SAIS, CAPS",,,HABIDO,ACTIVO,2015-10-22,2015-10-22,UCAYALI,PADRE ABAD,IRAZOLA,CAR. FEDERICO BASADRE KM. 130 C.P. SAN JUAN BAUTISTA (FRENTE AL CONSEJO MUNICIPAL),,,IMPORTADOR/EXPORTADOR,EXPLOTACION MIXTA.,CULTIVOS DE CEREALES.,,NO,,,,,2026-09-19T21:44:11.515Z
20393882868,COOPERATIVA AGRARIA ASCAH,"COOPERATIVAS, SAIS, CAPS",,,HABIDO,ACTIVO,2015-08-11,2015-08-11,UCAYALI,PADRE ABAD,PADRE ABAD,JR. ANCASH ULTIMA CDRA NRO. S/N C.P. HUIPOCA (AL COSTADO DEL I.E. ELIAS AGUIRRE),,,SIN ACTIVIDAD,"ELAB. CACAO, CHOCOLATE Y CONFIT.",CULTIVO DE FRUTAS.,,NO,,,,,2026-09-19T21:42:35.997Z
20393972000,ASOCIACION DE MUJERES EMPRENDEDORAS FLOR DE BOQUERON,ASOCIACION,,,HABIDO,ACTIVO,2013-12-11,2013-12-11,UCAYALI,PADRE ABAD,BOQUERON,CAL. 23 DE SETIEMBRE MZA. I LOTE. 17,,,SIN ACTIVIDAD,"ELAB. CACAO, CHOCOLATE Y CONFIT.",ELAB. PROD. DE PANADERIA.,"RESTAURANTES, BARES Y CANTINAS.",NO,,,,,2026-09-19T21:35:37.435Z
20393981173,ASOCIACION DE PRODUCTORES AGRARIOS SANTA ELENA,ASOCIACION,,,HABIDO,ACTIVO,2014-01-14,2014-01-14,UCAYALI,CORONEL PORTILLO,CALLERIA,JR. NICOLAS DE PIEROLA NRO. 398 (POR MAESTRO),,,SIN ACTIVIDAD,ACTIVIDADES OTRAS ASOCIACIONES NCP.,,,NO,,,,,2026-09-19T21:38:03.020Z
20402648504,COOPERATIVA AGRARIA KIVINAKI,"COOPERATIVAS, SAIS, CAPS",,AGRO CAFÉ,HABIDO,ACTIVO,1999-05-27,1999-06-01,JUNIN,CHANCHAMAYO,PERENE,AV. MARGINAL MZA. A LOTE. 1 C.P. SAN FERNANDO DE KIVINAKI (A 2 CUADRAS DEL CENTRO DE SALUD),,,EXPORTADOR,"ELAB. FRUTAS, LEG. Y HORTALIZAS.",CULTIVOS DE CEREALES.,CULTIVO DE FRUTAS.,NO,,,,,2026-09-19T21:44:11.515Z
20404057805,COOPERATIVA AGRARIA ACOPAGRO LTDA,"COOPERATIVAS, SAIS, CAPS",,,HABIDO,ACTIVO,1997-07-23,1997-07-23,SAN MARTIN,MARISCAL CACERES,JUANJUI,JR. ARICA NRO. 284,,,IMPORTADOR/EXPORTADOR,CULTIVOS DE CEREALES.,TRANSPORTE  DE CARGA POR CARRETERA.,,NO,,,,,2026-09-19T21:29:53.208Z
20406542671,SOCIEDAD PERUANA DE CRIADORES DE ALPACAS Y LLAMAS DE MACUSANI,ASOCIACION,,SPAR MACUSANI,HABIDO,ACTIVO,2014-12-03,2014-12-03,PUNO,CARABAYA,MACUSANI,AV. CENTENARIO NRO. 118 CERCADO (A MEDIA CUADRA DE LA PLAZA DE ARMAS),,,SIN ACTIVIDAD,CRIA DE ANIMALES DOMESTICOS.,,,NO,,,,,2026-09-19T21:44:11.515Z
20407808666,COOPERATIVA AGRARIA PURIFOR - COOP PURIFOR,"COOPERATIVAS, SAIS, CAPS",,COOP PURIFOR,HABIDO,ACTIVO,2008-11-20,2008-12-01,ANCASH,BOLOGNESI,COLQUIOC,JR. SAN JUAN NRO. SN C.P. CHASQUITAMBO,,,SIN ACTIVIDAD,"SERVICIOS AGRICOLAS, GANADERAS.",VTA. MIN. EN PUESTOS DE VENTA.,,NO,,,,,2026-09-19T21:44:11.515Z
20447686407,ASOCIACION DE PRODUCTORES DE PIÑA DEL VALLE DE SAN GABAN,ASOCIACION,,,HABIDO,ACTIVO,2020-10-16,2020-10-16,PUNO,CARABAYA,SAN GABAN,NRO. SN URB. ORINETAL (A 1 CDRA DE LA PLAZA DE ARMAS),,,SIN ACTIVIDAD,OTRAS ACTIVID.DE TIPO SERVICIO NCP,"VTA.  MIN. ALIMENTOS, BEBIDAS, TABACO.",EXPLOTACION MIXTA.,NO,,,,,2026-09-19T21:40:58.666Z
20447688281,SOCIEDAD PERUANA DE CRIADORES DE ALPACAS Y LLAMAS DE PARATIA,ASOCIACION,,,HABIDO,ACTIVO,2026-09-08,2026-09-08,PUNO,LAMPA,PARATIA,NRO. ___ C.C. LLANCA (AL FRENTE DE LA ESCUELA),,,SIN ACTIVIDAD,CRIA DE ANIMALES DOMESTICOS.,,,NO,,,,,2026-09-19T21:49:12.014Z
20447888701,COOPERATIVA AGRARIA INDUSTRIAL SAN GABAN LTDA.,"COOPERATIVAS, SAIS, CAPS",,,HABIDO,ACTIVO,2008-05-09,2010-05-01,PUNO,CARABAYA,SAN GABAN,JR. LA CULTURA NRO. SN URB. NUEVO MIRAFLORES,,,SIN ACTIVIDAD,"SERVICIOS AGRICOLAS, GANADERAS.","ELAB. CACAO, CHOCOLATE Y CONFIT.",EXPLOTACION MIXTA.,NO,,,,,2026-09-19T21:44:11.515Z
20448031358,ASOCIACION DE PRODUCTORES DE PAPAYA ANDINA ORGÁNICA DE LA PROVINCIA DE SANDIA,ASOCIACION,,,NO HABIDO,BAJA DE OFICIO,2011-11-21,2011-11-21,PUNO,SANDIA,SANDIA,JR. LIMA NRO. 322,,,SIN ACTIVIDAD,CULTIVO DE FRUTAS.,ELAB DE OTROS PROD. ALIMENTICIOS.,,NO,,,,,2026-09-19T21:49:12.014Z
20448277781,COOPERATIVA AGRARIA INDUSTRIALIZADA CABANA LTDA,"COOPERATIVAS, SAIS, CAPS",,COOPAIN CABANA,HABIDO,ACTIVO,2011-02-16,2011-03-01,PUNO,SAN ROMAN,CABANA,JR. LIMA NRO. SN (INGRESO DEL DISTRITO DE CABANA),,,IMPORTADOR/EXPORTADOR,EXPLOTACION MIXTA.,ELAB. DE PRODUCTOS DE MOLINERIA.,ELAB. PROD. DE PANADERIA.,NO,,,,,2026-09-19T21:44:11.515Z
20448748902,INDUSTRIAS AGROALIMENTOS EL ESTABLO SOCIEDAD COMERCIAL DE RESPONSABILIDAD LIMITADA,SOC.COM.RESPONS. LTDA,,,HABIDO,ACTIVO,2013-06-07,2013-09-05,PUNO,LAMPA,LAMPA,DOBLE CANCHA TIKA ESKINA KM. 24 C.C. DE CATACHA (CARRETERA JULIACA LAMPA KM 24),,,SIN ACTIVIDAD,ELAB DE OTROS PROD. ALIMENTICIOS.,,,NO,"SI, incorporado al Régimen de Buenos Contribuyentes (Resolución N° 2130050004348) a partir del 01/02/2017",,,,2026-09-19T21:44:11.515Z
20448766471,COOPERATIVA DE SERVICIOS SAN SANTIAGO - ACORA,"COOPERATIVAS, SAIS, CAPS",,,HABIDO,ACTIVO,2013-07-08,2014-03-20,PUNO,PUNO,ACORA,CAR. PUNO-DESAGUADERO KM. 1397 SEC. WISCALLPUTI CARITAMAYA (EN LA MISMA MUNICIPALIDAD DE CARITAMAYA),,,SIN ACTIVIDAD,ELAB DE PRODUCTOS LACTEOS.,"SERVICIOS AGRICOLAS, GANADERAS.",EXPLOTACION MIXTA.,NO,,,,,2026-09-19T21:44:11.515Z
20448791310,COOPERATIVA AGROINDUSTRIAL DE PRODUCTORES AGROPECUARIOS CABANA LIMITADA,"COOPERATIVAS, SAIS, CAPS",,,HABIDO,ACTIVO,2013-08-22,2013-08-22,PUNO,SAN ROMAN,CABANA,AV. SANTA ASUNCION NRO. SN CABANA (AL COSTADO DE I.E.PRIMARIA 70556),,,SIN ACTIVIDAD,ELAB DE PRODUCTOS LACTEOS.,OTRAS ACTIVIDADES EMPRESARIALES NCP.,,NO,,,,,2026-09-19T21:44:11.515Z
20448807500,CONSORCIO ALPAQUERO PERU EXPORT,CONTRATOS COLABORACION EMPRESARIAL,,,HABIDO,SUSPENSION TEMPORAL,2013-09-20,2013-09-20,PUNO,SAN ROMAN,JULIACA,JR. AZANGARO NRO. 338 BARRIO ZARUMILLA (CERCA AL COLEGIO DE ABOGADOS),,,EXPORTADOR,CRIA DE GANADO.,,,NO,,,,,2026-09-19T21:49:12.014Z
20448843051,ASOCIACION DE PRODUCTORES AGROPECUARIOS PIEDRA BLANCA DE CHALLAPAMPA,ASOCIACION,,,HABIDO,ACTIVO,2020-11-23,2020-12-01,PUNO,YUNGUYO,COPANI,YUNGUYO - COPANI SAM 38 NRO. -- (SECTOR MARCACHANI),,,SIN ACTIVIDAD,CRIA DE GANADO.,EXPLOTACION MIXTA.,,NO,,,,,2026-09-19T21:38:03.020Z
20449558902,ASOCIACION CIVIL DE MANTENIMIENTO VIAL Y DESARROLLO AGROPECUARIO CALVARIO,ASOCIACION,,,HABIDO,ACTIVO,1999-11-09,1999-11-15,AYACUCHO,LA MAR,SAN MIGUEL,NRO. S/N CONCEJO MENOR PATIBAMBA (CENTRO POBLADO DE PATIBAMBA),,,SIN ACTIVIDAD,CONSTRUCCION EDIFICIOS COMPLETOS.,EXPLOTACION MIXTA.,,NO,,,,,2026-09-19T21:35:37.435Z
20450105113,COOPERATIVA AGRARIA DEL PALMITO APROPAL,"COOPERATIVAS, SAIS, CAPS",,,HABIDO,ACTIVO,2007-05-29,2007-06-01,SAN MARTIN,LAMAS,CAYNARACHI,AV. LA MARGINAL NRO. 177 BAR. SAN MARTIN -CPM.ALIANZA (C.P.M. ALIANZA / CERCA A PAMPA HERMOSA),,,IMPORTADOR/EXPORTADOR,"ELAB. FRUTAS, LEG. Y HORTALIZAS.",OTROS TIPOS DE VENTA AL POR MENOR.,CULTIVO DE HORTALIZAS Y LEGUMBRES.,NO,"SI, incorporado al Régimen de Buenos Contribuyentes (Resolución N° 1830050014304) a partir del 01/02/2022",,,,2026-09-19T21:42:35.997Z
20450189201,COOPERATIVA DE SERVICIOS MULTIPLES FRUTOS DE SELVA,"COOPERATIVAS, SAIS, CAPS",,FRUTOS DE SELVA,HABIDO,ACTIVO,2006-12-05,2006-12-05,SAN MARTIN,MOYOBAMBA,MOYOBAMBA,CAR. FERNANDO BELAUNDE TERRY KM. 491 SEC. PERLA DE INDAÑE,,,IMPORTADOR/EXPORTADOR,"SERVICIOS AGRICOLAS, GANADERAS.",TRANSPORTE  DE CARGA POR CARRETERA.,,NO,,,,,2026-09-19T21:44:11.515Z
20450207544,COOPERATIVA AGRARIA UCHIZA LTDA,"COOPERATIVAS, SAIS, CAPS",,CAU LTDA,HABIDO,ACTIVO,2007-02-14,2007-04-01,SAN MARTIN,TOCACHE,UCHIZA,AV. RICARDO PALMA NRO. C-16 (COSTADO DEL INSTITUTO TECNOLOGICO FVC),,,IMPORTADOR/EXPORTADOR,CULTIVOS DE CEREALES.,"PESCA, EXPLOT. CRIADEROS DE PECES.",,NO,,,,,2026-09-19T21:44:11.515Z
20450242021,"""COOPERATIVA DE SERVICIOS MULTIPLES CAPEMA""","COOPERATIVAS, SAIS, CAPS",,CAPEMA,HABIDO,ACTIVO,2007-07-02,2007-07-02,SAN MARTIN,RIOJA,NUEVA CAJAMARCA,AV. CAJAMARCA SUR NRO. 1135,,,EXPORTADOR,ACTIVIDADES OTRAS ASOCIACIONES NCP.,VTA.  MAY. DE MATERIAS PRIMAS AGROPEC.,,NO,,,,,2026-09-19T21:35:37.435Z
20450319423,COOPERATIVA AGRARIA DE SERVICIOS MULTIPLES CAFE DONCEL,"COOPERATIVAS, SAIS, CAPS",,,HABIDO,ACTIVO,2008-04-17,2008-04-20,SAN MARTIN,MOYOBAMBA,SORITOR,AV. CAJAMARCA NRO. S/N (C-1 BARRIO TANGUMI  SALIDA A SAN MARCOS),,,SIN ACTIVIDAD,CULTIVOS DE CEREALES.,TRANSPORTE  DE CARGA POR CARRETERA.,,NO,,,,,2026-09-19T21:42:35.997Z
20450638791,ASOCIACION DE CASTAÑEROS DE LA RESERVA DE TAMBOPATA LOS PIONEROS - ASCART,ASOCIACION,,,HABIDO,ACTIVO,2008-09-18,2008-09-18,MADRE DE DIOS,TAMBOPATA,LAS PIEDRAS,JR. CESAR VALLEJO NRO. SN (A ESPALDAS DE COLEGIO MIGUEL GRAU),,,IMPORTADOR/EXPORTADOR,CULTIVO DE HORTALIZAS Y LEGUMBRES.,"ELAB. FRUTAS, LEG. Y HORTALIZAS.",,NO,,,,,2026-09-19T21:35:37.435Z
20452774705,COOPERATIVA AGRARIA CACAO VRAE,"COOPERATIVAS, SAIS, CAPS",,,HABIDO,ACTIVO,2006-05-03,2006-05-03,CUSCO,LA CONVENCION,KIMBIRI,NRO. 549 BQ. CIRCUNVALACION (A UNA CUADRA DE LOS BOMBEROS),,,EXPORTADOR,"ELAB. CACAO, CHOCOLATE Y CONFIT.",OTROS TIPOS DE VENTA POR MENOR.,,NO,,,,,2026-09-19T21:42:35.997Z
20454319169,ASOCIACION LA JOYA AGRO EXPORT,ASOCIACION,,,HABIDO,ACTIVO,2025-06-16,2025-06-16,AREQUIPA,AREQUIPA,JACOBO HUNTER,NRO. -- C.P. LA JOYA LATERAL 5 (A 8 KM DE LA ESTACION DE LECHE GLORIA),,,SIN ACTIVIDAD,ACTIVIDADES OTRAS ASOCIACIONES NCP.,,,NO,,,,,2026-09-19T21:40:58.666Z
20454864604,ASOCIACION DE PRODUCTORES AGROINDUSTRIALES SIGUAS MAJES - PRASIMEX,ASOCIACION,,,HABIDO,ACTIVO,2011-02-07,2011-02-07,AREQUIPA,CAYLLOMA,MAJES,MZA. K LOTE. 3 EL PEDREGAL (AV. ISLAY AL FRENTE DE MERCADO OVALO),,,SIN ACTIVIDAD,EXPLOTACION MIXTA.,ACTIVIDADES OTRAS ASOCIACIONES NCP.,,NO,,,,,2026-09-19T21:38:03.020Z
20455129321,ASOCIACIÓN DE CRIADORES DE ALPACAS DEL DISTRITO DE SIBAYO ASCADIS,ASOCIACION,,,NO HABIDO,BAJA PROV. POR OFICIO,2012-09-28,2012-10-01,AREQUIPA,CAYLLOMA,SIBAYO,PLAZA PRINCIPAL S/N NRO. --- (DENTRO MUNICIPALIDAD DISTRITAL DE SIBAYO),,,SIN ACTIVIDAD,PRODUC. CARNE Y PROD. CARNICOS.,PREP Y TEJ DE FIBRAS TEXTILES.,,NO,,,,,2026-09-19T21:49:12.014Z
20455429120,ASOCIACION DE PRODUCTORES AGROPECUARIOS DE AGROEXPORTACION E-4 IRRIGACION  MAJES-AREQUIPA,ASOCIACION,,,HABIDO,BAJA PROV. POR OFICIO,2009-12-07,2009-12-07,AREQUIPA,CAYLLOMA,MAJES,ASENTAMIENTO 8 PARCELA NRO. 39 SECCION E (A LA ALTURA DE LA UNSA),,,EXPORTADOR,ACTIVIDADES OTRAS ASOCIACIONES NCP.,"SERVICIOS AGRICOLAS, GANADERAS.",,NO,,,,,2026-09-19T21:49:12.014Z
20479595276,COOPERATIVA AGRARIA CAFETALERA CASIL LTDA.,"COOPERATIVAS, SAIS, CAPS",,,HABIDO,ACTIVO,2003-03-14,2003-03-01,CAJAMARCA,SAN IGNACIO,SAN IGNACIO,AV. SAN IGNACIO NRO. 625 (COSTADO CEMENTERIO),,,EXPORTADOR,CULTIVOS DE CEREALES.,,EXPLOTACION MIXTA.,NO,,"SI, incorporado al Régimen de Agentes de Retención de IGV (R.S.229-2024) a partir del 01/01/2025",,,2026-09-19T21:42:35.997Z
20479622699,COOPERATIVA AGRARIA JUAN MARCO EL PALTO,"COOPERATIVAS, SAIS, CAPS",,,HABIDO,ACTIVO,2003-06-05,2003-06-01,AMAZONAS,UTCUBAMBA,LONYA GRANDE,CAL. PRIMERO DE OCTUBRE NRO. REF SEC. NUEVA DELLI (A 1 CDRA DEL PARQUE INFANTIL),,,EXPORTADOR,CULTIVO DE FRUTAS.,,OTROS TIPOS DE VENTA AL POR MENOR.,NO,,,,,2026-09-19T21:44:11.515Z
20479728501,ASOCIACION AGROPECUARIA DE MOLINOPAMPA,ASOCIACION,,,HABIDO,ACTIVO,2004-04-05,2004-11-17,AMAZONAS,CHACHAPOYAS,MOLINOPAMPA,JR. EL MOLINO NRO. S/N (COSTADO A LA FISCALIA),,,SIN ACTIVIDAD,ELAB DE PRODUCTOS LACTEOS.,FAB. OTROS PRODUCTOS DE MADERA.,TRANSPORTE  DE CARGA POR CARRETERA.,NO,,,,,2026-09-19T21:35:37.435Z
20479856258,ASOCIACION DE PRODUCTORES AGROPECUARIOS LUIS SOLIBARRIA,ASOCIACION,,,HABIDO,BAJA DE OFICIO,2005-04-29,2005-05-01,AMAZONAS,UTCUBAMBA,BAGUA GRANDE,AV. CHACHAPOYAS NRO. 3125,,,SIN ACTIVIDAD,"ELAB. CACAO, CHOCOLATE Y CONFIT.",VTA.  MAY. DE MATERIAS PRIMAS AGROPEC.,,NO,,,,,2026-09-19T21:49:13.930Z
20479917141,COOPERATIVA AGRARIA CENTRAL DE PRODUCTORES DE AMAZONAS,"COOPERATIVAS, SAIS, CAPS",,CEPROAA,HABIDO,ACTIVO,2005-09-30,2005-09-30,AMAZONAS,UTCUBAMBA,CAJARURO,JR. ATAHUALPA NRO. 150 (AL COSTADO DE LA POSTA MEDICA),,,IMPORTADOR/EXPORTADOR,VTA.  MAY. DE MATERIAS PRIMAS AGROPEC.,,,NO,,,,,2026-09-19T21:42:35.997Z
20480118295,ASOCIACION DE PRODUCTORES AGROPECUARIOS SANTO TOMAS,ASOCIACION,,BELLA TOMASINA,HABIDO,ACTIVO,2007-02-05,2007-02-01,AMAZONAS,LUYA,SANTO TOMAS,PRO. JUNIN NRO. 100 (FRENTE AL MIRADOR PERLAS),,,SIN ACTIVIDAD,ELAB DE PRODUCTOS LACTEOS.,,,NO,,,,,2026-09-19T21:38:03.020Z
20480458550,COOPERATIVA AGRARIA APROCAM,"COOPERATIVAS, SAIS, CAPS",,,HABIDO,ACTIVO,2008-09-09,2008-09-01,AMAZONAS,BAGUA,BAGUA,OTR. CARRETERA BAGUA COPALLIN KM. 4 C.P. CERCADO (KILOMETRO 4.5 C.P. TOMAQUE),,,EXPORTADOR,VTA.  MAY. DE MATERIAS PRIMAS AGROPEC.,"ELAB. CACAO, CHOCOLATE Y CONFIT.",,NO,,,,,2026-09-19T21:42:35.997Z
20480762895,ASOCIACION DE PRODUCTORES AGROPECUARIOS LA FLOR DE CAFE,ASOCIACION,,,HABIDO,BAJA DE OFICIO,2009-12-22,2009-12-01,AMAZONAS,RODRIGUEZ DE MENDOZA,SAN NICOLAS,JR. ALONSO DE ALVARADO NRO. S/ N BARRIO DE ONCHE (FRENTE A FISCALIA. COLOR BLANCA),,,EXPORTADOR,ACTIVIDADES OTRAS ASOCIACIONES NCP.,"SERVICIOS AGRICOLAS, GANADERAS.",TRANSPORTE  DE CARGA POR CARRETERA.,NO,,,,,2026-09-19T21:49:13.930Z
20481402540,ASOCIACION DE APICULTORES NECTAR DE VIDA DEL VALLE CHICAMA,ASOCIACION,,,HABIDO,BAJA DE OFICIO,2024-06-20,2024-06-20,LA LIBERTAD,ASCOPE,PAIJAN,CAL. CASA GRANDE NRO. 198 SEC. LICAPA,,,SIN ACTIVIDAD,CRIA DE ANIMALES DOMESTICOS.,OTROS TIPOS DE VENTA POR MENOR.,,NO,,,,,2026-09-19T21:49:13.930Z
20481929122,ASOCIACION DE PEQUEÑOS PRODUCTORES AGROPECUARIOS PERLA DEL PARAISO,ASOCIACION,,,HABIDO,ACTIVO,2016-11-10,2016-11-10,LA LIBERTAD,OTUZCO,AGALLPAMPA,NRO. 25 CAS. EL PARAISO,,,SIN ACTIVIDAD,CRIA DE GANADO.,ELAB DE PRODUCTOS LACTEOS.,,NO,,,,,2026-09-19T21:35:37.435Z
20482423320,ASOCIACION DE PRODUCTORES AGROINDUSTRIALES SANTA ROSA,ASOCIACION,,,HABIDO,BAJA DE OFICIO,2016-03-09,2016-03-09,LA LIBERTAD,OTUZCO,OTUZCO,LOS ROSALES NRO. SN BAR. RAMON CASTILLA,,,SIN ACTIVIDAD,OTROS TIPOS DE VENTA POR MENOR.,,,NO,,,,,2026-09-19T21:49:13.930Z
20482572163,COOPERATIVA AGRARIA DE PRODUCTORES LA VICTORIA CACHICADAN - COAPROLAVIC,"COOPERATIVAS, SAIS, CAPS",,,HABIDO,ACTIVO,2020-12-09,2020-12-07,LA LIBERTAD,SANTIAGO DE CHUCO,CACHICADAN,CASERIO SANTA ROSA NRO. S/N CAS. SANTA ROSA,,,SIN ACTIVIDAD,CRIA DE GANADO.,ELAB DE PRODUCTOS LACTEOS.,,NO,,,,,2026-09-19T21:42:35.997Z
20484163902,COOPERATIVA AGRARIA APPROCAP LTDA,"COOPERATIVAS, SAIS, CAPS",,APPROCAP,HABIDO,ACTIVO,2004-03-08,2004-04-23,PIURA,MORROPON,SAN JUAN DE BIGOTE,CAL. JOSE CARLOS MARIATEGUI NRO. S/N (COLISEO MUNICIPAL DEL DISTRITO),,,IMPORTADOR/EXPORTADOR,"ELAB. FRUTAS, LEG. Y HORTALIZAS.",ACTIVIDADES OTRAS ASOCIACIONES NCP.,"SERVICIOS AGRICOLAS, GANADERAS.",NO,,,,,2026-09-19T21:42:35.997Z
20485945815,COOPERATIVA AGRARIA CAFETALERA ECOLOGICO ALTO PALOMAR,"COOPERATIVAS, SAIS, CAPS",,,HABIDO,SUSPENSION TEMPORAL,2002-03-01,2002-03-01,JUNIN,CHANCHAMAYO,SAN LUIS DE SHUARO,CAR. SANCHIRIO SANTA HERMINIA KM. 6 C.P. ALTO PALOMAR (COSTADO COOP. COPCHEVI),,,IMPORTADOR/EXPORTADOR,CULTIVO DE FRUTAS.,,,NO,,,,,2026-09-19T21:49:13.930Z
20486049198,COOPERATIVA AGROPECUARIA DE SERVICIOS VALLE DEL CUNAS LIMITADA (CAS VALLE DEL CUNAS LTDA),"COOPERATIVAS, SAIS, CAPS",,,HABIDO,SUSPENSION TEMPORAL,2003-03-20,2003-04-01,JUNIN,CONCEPCION,SAN JOSE DE QUERO,JR. PARRA DEL RIEGO NRO. SN (S76294270-COSTADO DE LA PLAZA PRINCIPAL),,,EXPORTADOR,"SERVICIOS AGRICOLAS, GANADERAS.",ELAB DE OTROS PROD. ALIMENTICIOS.,CULTIVO DE HORTALIZAS Y LEGUMBRES.,NO,,,,,2026-09-19T21:49:13.930Z
20486073145,ASOCIACION AGRO GANADERO ECOLOGICO DEL ALTO CACAZU - VILLA RICA,ASOCIACION,,,HABIDO,BAJA DE OFICIO,2023-06-15,2023-06-15,PASCO,OXAPAMPA,VILLA RICA,CAR. MARGINAL NRO. SN C.P. LA CUMBRE SECT. SAN PABLO (S78997430  A 100 MTS DE CATARATA CACAZU),,,SIN ACTIVIDAD,VTA.  MAY. DE MATERIAS PRIMAS AGROPEC.,,,NO,,,,,2026-09-19T21:49:12.014Z
20486094657,ASOCIACION DE PRODUCTORES DE CAFES ESPECIALES MOUNTAIN COFFE,ASOCIACION,,,NO HABIDO,ACTIVO,2003-08-01,2003-08-01,JUNIN,CHANCHAMAYO,PICHANAQUI,JR. ANDRES A CACERES NRO. 875,,,EXPORTADOR,CULTIVOS DE CEREALES.,TRANSPORTE  DE CARGA POR CARRETERA.,,NO,,,,,2026-09-19T21:40:58.666Z
20486217830,COMUNIDAD CAMPESINA DE SANTA BARBARA,"COMUNIDAD CAMPESINA, NATIVA",,,HABIDO,ACTIVO,2004-08-10,2004-08-10,HUANCAVELICA,HUANCAVELICA,HUANCAVELICA,JR. MERCURIO NRO. 105 BARRIO SANTA BARABARA (LOCAL COMUNAL),,,SIN ACTIVIDAD,ALQUILER OTROS TIPOS MAQ.Y EQUI. NCP.,TRANSPORTE  DE CARGA POR CARRETERA.,,NO,,,,,2026-09-19T21:40:58.666Z
20486255090,COOPERATIVA AGRARIA SANGARENI,"COOPERATIVAS, SAIS, CAPS",,,HABIDO,ACTIVO,2004-12-17,2004-12-17,JUNIN,SATIPO,PANGOA,AV. SONOMORO NRO. 199 (UNA CUADRA ANTES DEL PUENTE SAN RAMON),,,EXPORTADOR,CULTIVOS DE CEREALES.,"SERVICIOS AGRICOLAS, GANADERAS.",,NO,,,,,2026-09-19T21:44:11.515Z
20486668335,COOPERATIVA AGROINDUSTRIAL SONOMORO LTDA,"COOPERATIVAS, SAIS, CAPS",,CAI SONOMORO LTDA,HABIDO,SUSPENSION TEMPORAL,2007-07-25,2007-08-01,JUNIN,SATIPO,PANGOA,CAL. 3 DE NOVIEMBRE NRO. S/N (ESQ. AV SONOMORO Y 3 DE NOVIEMBRE),,,IMPORTADOR/EXPORTADOR,CULTIVOS DE CEREALES.,"PESCA, EXPLOT. CRIADEROS DE PECES.",,NO,,,,,2026-09-19T21:49:13.930Z
20486876019,COOPERATIVA AGROECOLOGICO INDUSTRIAL MAZAMARI LTDA,"COOPERATIVAS, SAIS, CAPS",,CAI MAZAMARI LTDA,HABIDO,ACTIVO,2008-07-16,2008-07-16,JUNIN,SATIPO,MAZAMARI,AV. BOTTO BERNALES NRO. 1082 (ALTURA GRASA SINTÉTICO LA PICHANGA),,,SIN ACTIVIDAD,EXPLOTACION MIXTA.,,,NO,,,,,2026-09-19T21:44:11.515Z
20486973219,COOPERATIVA AGRARIA SONOMORO DEL VRAEM LTDA,"COOPERATIVAS, SAIS, CAPS",,COAS LTDA,HABIDO,ACTIVO,2010-10-19,2011-01-01,JUNIN,SATIPO,PANGOA,JR. LAS PALMERAS NRO. SN CP NAYLAMP DE SONOMORO (A 1 CDRA DE CE 30671 NAYLAMP DE SONOMOR),,,IMPORTADOR/EXPORTADOR,"ELAB. CACAO, CHOCOLATE Y CONFIT.","SERVICIOS AGRICOLAS, GANADERAS.",,NO,,,,,2026-09-19T21:44:11.515Z
20487226875,ORGANIZACION CENTRAL DE PRODUCTORES DE GRANADILLAS ESPECIALES DE LA PROVINCIA DE OXAPAMPA-PASCO,ASOCIACION,,,HABIDO,ACTIVO,2009-12-30,2010-01-01,PASCO,OXAPAMPA,OXAPAMPA,PJ. RICHLE NRO. 182 INT. 2 URB. OXAPAMPA (S72827129 DETRAS DE HOSPITAL GENERAL),,,IMPORTADOR/EXPORTADOR,TRANSPORTE  DE CARGA POR CARRETERA.,CULTIVO DE FRUTAS.,,NO,,,,,2026-09-19T21:44:11.515Z
20487242994,COOPERATIVA AGRARIA ECOLOGICA CACAOTERA VALLE RIO ENE - COOPAVRE,"COOPERATIVAS, SAIS, CAPS",,COOPAVRE,HABIDO,ACTIVO,2010-01-27,2010-01-27,JUNIN,SATIPO,SATIPO,AV. MICAELA BASTIDAS NRO. 839 URB. SATIPO (A CUADRA Y MEDIA DEL CENTRO CIVICO SATIP),,,IMPORTADOR/EXPORTADOR,CULTIVO DE FRUTAS.,,,NO,,,,,2026-09-19T21:42:35.997Z
20487351343,ASOCIACION DE PRODUCTORES AGROPECUARIOS TUPAC AMARU DE CHIÑAMA,ASOCIACION,,,HABIDO,BAJA DE OFICIO,2024-10-30,2024-11-01,LAMBAYEQUE,CHICLAYO,CHICLAYO,CAL. TORRES PAZ NRO. 338,,,SIN ACTIVIDAD,ACTIVIDADES OTRAS ASOCIACIONES NCP.,,,NO,,,,,2026-09-19T21:49:12.014Z
20487558363,ASOCIACION DE PRODUCTORES DE BAMBU RIO MARAÑON,ASOCIACION,,,HABIDO,ACTIVO,2016-07-01,2016-07-01,AMAZONAS,BAGUA,ARAMANGO,NRO. REF C.P. EL MUYO (FRENTE A CENTRO DE ACOPIO DE CACAO),,,SIN ACTIVIDAD,TRANSPORTE  DE CARGA POR CARRETERA.,SILVICULTURA Y EXT. DE MADERA.,,NO,,,,,2026-09-19T21:40:58.666Z
20487589242,ASOCIACION PRODUCTORES AGROPECUARIOS CERRO NEGRO,ASOCIACION,,ASOCIACION PRODUC. CERRO NEGRO,HABIDO,BAJA DE OFICIO,2016-03-28,2016-03-01,LAMBAYEQUE,FERREÑAFE,INCAHUASI,NRO. SN CAS. KUTIQIRU (EN EL LOCAL DE LA ASOCIACION),,,SIN ACTIVIDAD,SILVICULTURA Y EXT. DE MADERA.,CULTIVO DE HORTALIZAS Y LEGUMBRES.,,NO,,,,,2026-09-19T21:49:13.930Z
20487661539,ASOCIACION DE PRODUCTORES CACAOTEROS DEL DISTRITO DE HUARANGO,ASOCIACION,,,HABIDO,ACTIVO,2015-12-30,2016-01-01,CAJAMARCA,SAN IGNACIO,HUARANGO,CAL. SANTA ROSA NRO. C-01 CAS. CIGARRO DE ORO (COSTADO DE LA LOZA DEPORTIVA-1PISO-VERDE),,,SIN ACTIVIDAD,CULTIVO DE FRUTAS.,,,NO,,,,,2026-09-19T21:40:58.666Z
20489293898,COMUNIDAD CAMPESINA DE CHINCHE TINGO,"COMUNIDAD CAMPESINA, NATIVA",,,HABIDO,ACTIVO,2003-10-06,2003-10-01,PASCO,DANIEL ALCIDES CARRION,YANAHUANCA,JR. CARRION NRO. SN. PUEBLO CHINCHE TINGO (PLAZA DE ARMAS),,,SIN ACTIVIDAD,VTA. MIN. EN ALMACENES NO ESPECIALIZ.,TRANSPORTE  DE CARGA POR CARRETERA.,VTA. MAY. MATERIALES DE CONSTRUCCION.,NO,,,,,2026-09-19T21:40:58.666Z
20489969221,ASOCIACION FORESTAL INDIGENA MADRE DE DIOS - AFIMAD,ASOCIACION,,,HABIDO,ACTIVO,2013-04-29,2013-04-29,MADRE DE DIOS,TAMBOPATA,TAMBOPATA,AV. 26 DE DICIEMBRE NRO. 276 (A MEDIA CDRA DE SUNAT),,,IMPORTADOR/EXPORTADOR,ACTIVIDADES OTRAS ASOCIACIONES NCP.,OTRAS ACTIVIDADES DE TRANSPORTES.,"ELAB. FRUTAS, LEG. Y HORTALIZAS.",NO,,,,,2026-09-19T21:40:58.666Z
20490195301,ASOCIACION DE MUJERES PRODUCTORAS SANTO DOMINGO TALLARIN DE CASA,ASOCIACION,,,HABIDO,ACTIVO,2018-02-01,2018-02-01,APURIMAC,ABANCAY,ABANCAY,AV. SANTO DOMINGO MZA. D LOTE. 3 URB. SAN LUIS ALTA (3CASAS DE PUENTE SAN LUIS C2P BLANCO),,,SIN ACTIVIDAD,"VTA.  MIN. ALIMENTOS, BEBIDAS, TABACO.",ELAB DE OTROS PROD. ALIMENTICIOS.,,NO,,,,,2026-09-19T21:35:37.435Z
20490264397,ASOCIACION DE PRODUCTORES FRUTICOLAS Y PALTOS DEL VALLE DE LIMATAMBO,ASOCIACION,,,HABIDO,ACTIVO,2026-08-14,2026-08-14,CUSCO,ANTA,LIMATAMBO,NRO. SN SAUCEDA BAJA - CARRIZALES (FRENTE A RESTAURANTE CARRIZALES),,,SIN ACTIVIDAD,"SERVICIOS AGRICOLAS, GANADERAS.",,,NO,,,,,2026-09-19T21:40:58.666Z
20490395653,ASOCIACION DE PRODUCTORES AGROPECUARIOS LA VICTORIA OSCCOLLO COCHARCAS,ASOCIACION,,,HABIDO,ACTIVO,2025-12-04,2025-12-04,APURIMAC,CHINCHEROS,COCHARCAS,PZA. LA VICTORIA NRO. S/N (C2PISO MAT.NOBLE FAM IBAÑEZ CHUMBE),,,SIN ACTIVIDAD,CULTIVOS DE CEREALES.,CULTIVO DE FRUTAS.,CRIA DE GANADO.,NO,,,,,2026-09-19T21:38:03.020Z
20490415603,EJECUTOR DE CONTRATO DE ADMINISTRACION DE LA RESERVA COMUNAL AMARAKAERI - ECA AMARAKAERI,ASOCIACION,,ECA AMARAKAERI,HABIDO,ACTIVO,2012-12-19,2013-01-01,MADRE DE DIOS,TAMBOPATA,TAMBOPATA,JR. AMZONAS NRO. 342 (FRENTE AL IPD),,,SIN ACTIVIDAD,ACTIVIDADES OTRAS ASOCIACIONES NCP.,,,NO,,,,,2026-09-19T21:44:11.515Z
20490594265,ASOCIACION DE PRODUCTORES AGROPECUARIOS ORGANICOS VALLE PAMPAS - APAOVAP,ASOCIACION,,,HABIDO,BAJA DE OFICIO,2014-07-03,2014-07-03,APURIMAC,CHINCHEROS,HUACCANA,NRO. SN C.P. AHUAYRO (SECTOR LA FLORIDA AV. LOS CHANKAS),,,SIN ACTIVIDAD,"SERVICIOS AGRICOLAS, GANADERAS.",ACTIVIDADES OTRAS ASOCIACIONES NCP.,,NO,,,,,2026-09-19T21:49:13.930Z
20490672835,ASOCIACION DE PRODUCTORES FLOR DE PAPA DE CHULLCUISA ALTA - ASOCIACION FLOR DE PAPA,ASOCIACION,,,HABIDO,BAJA DE OFICIO,2019-05-07,2019-05-07,APURIMAC,ANDAHUAYLAS,SAN JERONIMO,NRO. SN COM. CHULLCUISA ALTA (A 50 MTS APROX DE IE INICIAL),,,SIN ACTIVIDAD,CULTIVO DE HORTALIZAS Y LEGUMBRES.,,,NO,,,,,2026-09-19T21:49:13.930Z
20490726196,ASOCIACIÓN DE PRODUCTORES AGROPECUARIOS VALLESITO - CHAHUARES,ASOCIACION,,,HABIDO,ACTIVO,2018-06-15,2018-06-15,CUSCO,LA CONVENCION,ECHARATE,NRO. SN SEC. ALTO CHAHUARES (PLANTA DE APA VALLESITO CHAHUARES),,,SIN ACTIVIDAD,ACTIVIDADES OTRAS ASOCIACIONES NCP.,,,NO,,,,,2026-09-19T21:40:58.666Z
20490790447,COOPERATIVA SERVICIOS ESPECIALES DE LAS COMUNIDADES CAMPESINAS DE CHUMBIVILCAS LTDA - COOSE - CCCH,"COOPERATIVAS, SAIS, CAPS",,,NO HABIDO,SUSPENSION TEMPORAL,2012-01-20,2012-01-20,CUSCO,CHUMBIVILCAS,SANTO TOMAS,CAL. TUPAC AMARU NRO. S/N BARRIO LOS CLAVELES (AL COSTADO DE CCCCH PORTON GUINTA),,,SIN ACTIVIDAD,ELAB DE OTROS PROD. ALIMENTICIOS.,"VTA. MAY. ALIMENTOS, BEBIDAS Y TABACO.",,NO,,,,,2026-09-19T21:49:12.014Z
20490810146,COOPERATIVA AGRARIA MACHUPICCHU LTDA - CAGMA LTDA,"COOPERATIVAS, SAIS, CAPS",,,HABIDO,ACTIVO,2012-02-06,2012-05-28,APURIMAC,ANDAHUAYLAS,SAN JERONIMO,JR. CHASQUI CALLE NRO. 506 (PARALELA AL EIE SANTA TERESITA DEL NIÑO),,,IMPORTADOR/EXPORTADOR,"SERVICIOS AGRICOLAS, GANADERAS.",EXPLOTACION MIXTA.,ALQUILER OTROS TIPOS MAQ.Y EQUI. NCP.,NO,,,,,2026-09-19T21:44:11.515Z
20490822071,ASOCIACION DE MODULOS DE MEJORAMIENTO GENETICO DE CAMELIDOS SUDAMERICANOS DE CONDOROMA,ASOCIACION,,,HABIDO,BAJA DE OFICIO,2014-03-24,2014-03-24,CUSCO,ESPINAR,CONDOROMA,AV. AREQUIPA NRO. S/N (ESQ. PLAZA DE ARMAS CON CALLE CANCHINITA),,,SIN ACTIVIDAD,CRIA DE GANADO.,,,NO,,,,,2026-09-19T21:49:12.014Z
20490989871,ASOCIACIÓN DE PRODUCTORES AGROPECUARIOS TUPAC AMARU - TUNGASUCA,ASOCIACION,,,HABIDO,ACTIVO,2012-06-14,2012-07-20,CUSCO,CANAS,TUPAC AMARU,CAL. MICAELA BASTIDAS NRO. S/N (A MEDIA CDRA PLAZA DE ARMAS CASA CREMA B),,,SIN ACTIVIDAD,ELAB DE PRODUCTOS LACTEOS.,CRIA DE GANADO.,,NO,,,,,2026-09-19T21:40:58.666Z
20491050960,COOPERATIVA AGRARIA INDUSTRIAL DEL VALLE SAGRADO AGROVAS LTDA,"COOPERATIVAS, SAIS, CAPS",,AGROVAS LTDA,HABIDO,ACTIVO,2012-08-02,2012-08-01,CUSCO,CALCA,CALCA,KM. 57.5 SECTOR HUANDAR CHICO (CARRETERA CALCA URUBAMBA KM 57.5),,,SIN ACTIVIDAD,PRODUC. CARNE Y PROD. CARNICOS.,EXPLOTACION MIXTA.,"RESTAURANTES, BARES Y CANTINAS.",NO,,,,,2026-09-19T21:42:35.997Z
20491086727,ASOCIACION DE PEQUEÑOS PRODUCTORES AGROPECUARIOS Y FORESTALES ORGANICOS ITAHUANIA - MANU,ASOCIACION,,,HABIDO,BAJA DE OFICIO,2021-05-17,2021-05-17,MADRE DE DIOS,MANU,MANU,NRO. -- ITAHUANIA II,,,SIN ACTIVIDAD,"SERVICIOS AGRICOLAS, GANADERAS.",,,NO,,,,,2026-09-19T21:49:13.930Z
20491149664,ASOCIACION DE PRODUCTORES VIRGEN DE CONCEPCION - APVC,ASOCIACION,,,HABIDO,ACTIVO,2024-05-06,2024-05-06,APURIMAC,ANDAHUAYLAS,ANDAHUAYLAS,NRO. SN OTR. TAPAYA (A 2CDRAS DEL SALON COMUNAL),,,SIN ACTIVIDAD,CRIA DE ANIMALES DOMESTICOS.,,,NO,,,,,2026-09-19T21:40:58.666Z
20491164469,ASOCIACION DE PRODUCTORES AGROPECUARIOS SUMACC INTI DE HUANCABAMBA - APASIHA,ASOCIACION,,,HABIDO,ACTIVO,2025-09-18,2025-09-18,APURIMAC,ANDAHUAYLAS,ANDAHUAYLAS,JR. RAMON CASTILLA NRO. 468 (FRENTE  A PANADERIA PANCHITO),,,SIN ACTIVIDAD,ACTIVIDADES OTRAS ASOCIACIONES NCP.,"PESCA, EXPLOT. CRIADEROS DE PECES.",,NO,,,,,2026-09-19T21:38:03.020Z
20491172135,ASOCIACION DE PRODUCTORES DE ALPACAS TAMBOINCA,ASOCIACION,,,HABIDO,BAJA DE OFICIO,2012-11-07,2012-12-01,APURIMAC,ABANCAY,ABANCAY,JR. APURIMAC NRO. 420,,,SIN ACTIVIDAD,"SERVICIOS AGRICOLAS, GANADERAS.",CRIA DE GANADO.,ACTIVIDADES OTRAS ASOCIACIONES NCP.,NO,,,,,2026-09-19T21:49:12.014Z
20491199769,ASOCIACION DE FRUTICULTORES DE LA MICROCUENCA DE ONGOY LOS AYNIS - AFRUMCO,ASOCIACION,,,HABIDO,BAJA DE OFICIO,2019-09-06,2019-09-06,APURIMAC,CHINCHEROS,ONGOY,AV. 22 DE JUNIO NRO. SN ROCCHACC (CSTD CENTRO SALUD PRG X ROGELIO CURI),,,SIN ACTIVIDAD,CULTIVO DE FRUTAS.,,,NO,,,,,2026-09-19T21:49:13.930Z
20491204436,COOPERATIVA AGRARIA DE SERVICIOS MULTIPLES TESORO CHANKA DE KISHUARA - COOPAGROS - KISHUARA,"COOPERATIVAS, SAIS, CAPS",,,HABIDO,ACTIVO,2012-12-03,2013-02-01,APURIMAC,ANDAHUAYLAS,KISHUARA,NRO. SN KISHUARA (AV.AREQUIPA 312 PREG.LOCAL MUNICIPAL),,,SIN ACTIVIDAD,"SERVICIOS AGRICOLAS, GANADERAS.",,,NO,,,,,2026-09-19T21:42:35.997Z
20491248646,ASOCIACION DE PRODUCTORES AGROPECUARIOS QUISAGUI - RIO BLANCO,ASOCIACION,,,HABIDO,BAJA DE OFICIO,2020-02-11,2020-02-11,APURIMAC,CHINCHEROS,HUACCANA,ANEXO SAPICHACA NRO. SN C.P. RIO BLANCO (FT LLANTERIA DANY C19 LADRILLO),,,SIN ACTIVIDAD,CULTIVO DE FRUTAS.,,,NO,,,,,2026-09-19T21:49:13.930Z
20491717221,DERIVADOS LACTEOS BARRETO S.R.L.,SOC.COM.RESPONS. LTDA,,,HABIDO,ACTIVO,2010-05-26,2010-06-01,LIMA,LIMA,LOS OLIVOS,AV. UNIVERSITARIA NORTE MZA. M LOTE. 7,,,SIN ACTIVIDAD,ELAB DE PRODUCTOS LACTEOS.,TRANSPORTE  DE CARGA POR CARRETERA.,,NO,"SI, incorporado al Régimen de Buenos Contribuyentes (Resolución N° 1630050003685) a partir del 01/02/2017",,,,2026-09-19T21:44:11.515Z
20493934822,COOPERATIVA AGRARIA NUEVO AMANECER LTDA.,"COOPERATIVAS, SAIS, CAPS",,COPANA,HABIDO,ACTIVO,2010-12-03,2010-12-03,SAN MARTIN,LAMAS,BARRANQUITA,JR. SAN MARTIN NRO. S/N,,,IMPORTADOR/EXPORTADOR,"SERVICIOS AGRICOLAS, GANADERAS.","VTA.  MIN. ALIMENTOS, BEBIDAS, TABACO.",,NO,,,,,2026-09-19T21:44:11.515Z
20493959574,COOPERATIVA AGRARIA DE SERVICIOS MUJERES TECNOLOGAS CACAOTERAS DE LA PROVINCIA DE HUALLAGA LTDA,"COOPERATIVAS, SAIS, CAPS",,,HABIDO,SUSPENSION TEMPORAL,2011-01-31,2011-10-01,SAN MARTIN,HUALLAGA,SAPOSOA,AV. LORETO NRO. 385,,,SIN ACTIVIDAD,CULTIVO DE FRUTAS.,,,NO,,,,,2026-09-19T21:49:12.014Z
20494126819,ASOCIACION DE PRODUCTORES AGROPECUARIOS RIO MAYO SHANAO,ASOCIACION,,APARMASH,HABIDO,ACTIVO,2012-02-20,2012-08-01,SAN MARTIN,LAMAS,SHANAO,JR. VICTOR M. GONZALES NRO. S/N (LOCAL DEL CAMPESINO),,,SIN ACTIVIDAD,VTA.  MAY. DE MATERIAS PRIMAS AGROPEC.,CULTIVOS DE CEREALES.,,NO,,,,,2026-09-19T21:38:03.020Z
20494145791,ASOCIACION ECOLOGICA Y DE PRODUCTORES AGROPECUARIOS SAN JOSE OBRERO,ASOCIACION,,,HABIDO,ACTIVO,2026-02-02,2026-02-02,LORETO,ALTO AMAZONAS,TENIENTE CESAR LOPEZ ROJAS,SHUCUSHYACU NRO. SN BAR. EL PARAISO (SALIDA A CARRETERA SOL DE ORO),,,SIN ACTIVIDAD,"SERVICIOS AGRICOLAS, GANADERAS.",,,NO,,,,,2026-09-19T21:40:58.666Z
20494699690,ASOCIACION DE PRODUCTORES DE CACAO ECOLOGICO DE KIMBIRI - APROCEK,ASOCIACION,,,HABIDO,ACTIVO,2019-05-27,2019-05-27,CUSCO,LA CONVENCION,KIMBIRI,NRO. S/N HILARES (C.P. SAMANIATO ANEXO HILARES),,,SIN ACTIVIDAD,"ELAB. CACAO, CHOCOLATE Y CONFIT.",CULTIVO DE FRUTAS.,,NO,,,,,2026-09-19T21:40:58.666Z
20494923832,ASOCIACION NUEVA ESPERANZA ALLPACHACA,ASOCIACION,,,HABIDO,BAJA DE OFICIO,2015-06-18,2016-02-01,AYACUCHO,HUAMANGA,CHIARA,NRO. S/N C.C. ALLPACHACA (3 CUADRAS DE PLAZA DE ARMAS),,,SIN ACTIVIDAD,ELAB DE PRODUCTOS LACTEOS.,"PESCA, EXPLOT. CRIADEROS DE PECES.",VTA.  MAY. DE MATERIAS PRIMAS AGROPEC.,NO,,,,,2026-09-19T21:49:13.930Z
20494939160,ASOCIACION DE PRODUCTORES AGRICOLAS Y GANADEROS INTI RAYMI,ASOCIACION,,,HABIDO,BAJA DE OFICIO,2025-09-29,2025-09-29,AYACUCHO,VILCAS HUAMAN,VILCAS HUAMAN,AV. QATUN AYLLU NRO. S/N,,,SIN ACTIVIDAD,ACTIV.ORGANIZACIONES EMPRESARIALES,,,NO,,,,,2026-09-19T21:49:13.930Z
20495177697,ASOCIACION DE PRODUCTORES AGROPECUARIOS DE CAMAYOC,ASOCIACION,,,HABIDO,ACTIVO,2024-08-08,2024-08-09,HUANCAVELICA,CASTROVIRREYNA,SAN JUAN,CAL. SAN MARTIN NRO. SN (ANEXOS DE CAMAYOC),,,SIN ACTIVIDAD,ACTIV.ORGANIZACIONES EMPRESARIALES,,,NO,,,,,2026-09-19T21:38:03.020Z
20517247805,COORDINADORA NACIONAL DE PRODUCTORES DE PAPA DEL PERU- CORPAPA,ASOCIACION,,CORPAPA,HABIDO,BAJA DE OFICIO,2007-10-12,2008-07-18,LIMA,LIMA,LIMA,"JR. ANTONIO MIROQUESADA NRO. 327 (ESPALDA DE METRO, PISO 2)",,,IMPORTADOR/EXPORTADOR,VTA. MAY. DE OTROS PRODUCTOS.,,,NO,,,,,2026-09-19T21:49:12.014Z
20520081152,ASOCIACION DE PRODUCTORES AGRARIOS DE SUSAPAYA,ASOCIACION,,,HABIDO,BAJA DE OFICIO,2015-09-02,2015-09-02,TACNA,TACNA,ALTO DE LA ALIANZA,MZA. E LOTE. 04 AGR.VIV. TUPAC AMARU (4CUADR.ARRIBA PORTADA SOL-COST LOCAL MUL),,,SIN ACTIVIDAD,CULTIVO DE HORTALIZAS Y LEGUMBRES.,,,NO,,,,,2026-09-19T21:49:13.930Z
20520081233,ASOCIACION DE VITIVINICULTORES DE MOQUEGUA 'AVIMO',ASOCIACION,,,NO HABIDO,BAJA DE OFICIO,2017-07-05,2018-07-01,MOQUEGUA,MARISCAL NIETO,SAN ANTONIO,MZA. C LOTE. 2 APV. MACCHU PICCHU (3 CDRAS. ABAJO DE LA COCHERA MUNICIPAL),,,SIN ACTIVIDAD,"VTA. MAY. ALIMENTOS, BEBIDAS Y TABACO.",,,NO,,,,,2026-09-19T21:49:12.014Z
20521131218,ASOCIACION DE PRODUCTORES DE TUNA Y COCHINILLA-APROTYC,ASOCIACION,,,HABIDO,BAJA DE OFICIO,2013-06-04,2013-06-04,LIMA,LIMA,SAN MARTIN DE PORRES,MZA. A LOTE. 16 PROVIV VILLA ESPERANZA (PDRO.LINEA 24),,,SIN ACTIVIDAD,ACTIVIDADES OTRAS ASOCIACIONES NCP.,,,NO,,,,,2026-09-19T21:49:12.014Z
20525839690,ASOCIACION DE PRODUCTORES AGROPECUARIOS DE LA PROVINCIA DE MORROPON,ASOCIACION,,,HABIDO,ACTIVO,2024-08-29,2024-09-01,PIURA,MORROPON,MORROPON,CAR. SECTOR GILO LEON NRO. SN SEC. CARRETERA MORROPON KM 1 S,,,SIN ACTIVIDAD,ACTIVIDADES OTRAS ASOCIACIONES NCP.,,,NO,,,,,2026-09-19T21:38:03.020Z
20525955843,COOPERATIVA AGRARIA ECOLÓGICA Y SOLIDARIA PIURA - CAES PIURA,"COOPERATIVAS, SAIS, CAPS",,,HABIDO,ACTIVO,2009-08-03,2009-08-03,PIURA,PIURA,PIURA,CAL. AREQUIPA SUR NRO. 1120,,,IMPORTADOR/EXPORTADOR,CULTIVOS DE CEREALES.,ELAB DE OTROS PROD. ALIMENTICIOS.,,NO,,,,,2026-09-19T21:42:35.997Z
20525969551,"COOPERATIVA AGRARIA DE PRODUCTORES DE BANANO, CACAO ORGANICO Y OTROS CULTIVOS AGRARIOS LTDA","COOPERATIVAS, SAIS, CAPS",,,HABIDO,ACTIVO,2009-08-24,2009-09-01,PIURA,MORROPON,BUENOS AIRES,CAL. B NVO LINDEROS NRO. S/N,,,EXPORTADOR,"ELAB. FRUTAS, LEG. Y HORTALIZAS.",TRANSPORTE  DE CARGA POR CARRETERA.,,NO,,,,,2026-09-19T21:42:35.997Z
20526179367,COOPERATIVA AGRARIA DE USUARIOS ASPRAOSRA LTDA,"COOPERATIVAS, SAIS, CAPS",,COOPERATIVA AGRARIA ASPRAOSRA,HABIDO,ACTIVO,2010-08-10,2010-08-10,PIURA,MORROPON,BUENOS AIRES,BQ PUEBLO NUEVO MZA. A LOTE. 183 C.P.M PUEBLO NUEVO BUENOS (COSTADO DE POSTA MÉDICA),,,IMPORTADOR/EXPORTADOR,"ELAB. FRUTAS, LEG. Y HORTALIZAS.",ACTIVIDADES OTRAS ASOCIACIONES NCP.,,NO,,,,,2026-09-19T21:42:35.997Z
20526514689,ASOCIACION DE PRODUCTORES AGROPECUARIOS ARTESANALES E INDUSTRIALES SAN FRANCISCO DE LOMA LARGA,ASOCIACION,,,HABIDO,BAJA DE OFICIO,2016-11-22,2016-11-22,PIURA,HUANCABAMBA,SAN MIGUEL DE EL FAIQUE,MZA. C LOTE. 36 CAS. PIEDRA AZUL (ANTES PEAJA PIURA - HUANCABAMBA),,,SIN ACTIVIDAD,ACTIVIDADES OTRAS ASOCIACIONES NCP.,,,NO,,,,,2026-09-19T21:49:12.014Z
20526888686,CENTRAL DE COMUNIDADES CAMPESINAS DE RANRACANCHA,ASOCIACION,,,HABIDO,SUSPENSION TEMPORAL,2001-01-17,2001-02-01,APURIMAC,CHINCHEROS,RANRACANCHA,NRO. S/N C.CAMPESINA RANRACANCHA (A 3CDAS. PLAZA ARMAS RANRACANCHA),,,SIN ACTIVIDAD,ELAB DE PRODUCTOS LACTEOS.,ELAB. DE PRODUCTOS DE MOLINERIA.,,NO,,,,,2026-09-19T21:49:12.014Z
20527491232,RECOLECTORES ORGANICOS DE LA NUEZ AMAZONICA DEL PERU,ASOCIACION,,,HABIDO,ACTIVO,2018-01-24,2018-01-24,MADRE DE DIOS,TAMBOPATA,TAMBOPATA,JR. BILLINGHURST NRO. 431 RES. S/N (FRENTE A LA ANTENA TV PERU),,,EXPORTADOR,CULTIVO DE HORTALIZAS Y LEGUMBRES.,,,NO,,,,,2026-09-19T21:44:11.515Z
20527492638,COMUNIDAD NATIVA SHIPETIARI,"COMUNIDAD CAMPESINA, NATIVA",,,HABIDO,ACTIVO,2005-05-04,2005-05-04,MADRE DE DIOS,MANU,MANU,RIO MADRE DE DIOS NRO. S/N DPTO. S/N COM. NATIVA SHIPETIARI (A 4 HORAS POR RIOS DESDE SHINTUYA),,,SIN ACTIVIDAD,CULTIVO DE HORTALIZAS Y LEGUMBRES.,"HOTELES, CAMPAMENTOS Y OTROS.",ACTIVIDADES INMOBILIARIAS,NO,,,,,2026-09-19T21:40:58.666Z
20527504741,ASOCIACION DE AGRICULTORES DE QQUEROHUASI,ASOCIACION,,,HABIDO,BAJA DE OFICIO,2019-01-22,2019-01-22,CUSCO,QUISPICANCHI,ANDAHUAYLILLAS,NRO. S/N A.V. QUEROHUASI (1 CDRA.S.COMUNAL C1P F. IRHUAY),,,SIN ACTIVIDAD,"SERVICIOS AGRICOLAS, GANADERAS.",,,NO,,,,,2026-09-19T21:49:13.930Z
20527565376,COOPERATIVA AGRARIA CAFETALERA VALLE DE INCAHUASI,"COOPERATIVAS, SAIS, CAPS",,,HABIDO,ACTIVO,2005-10-04,2005-10-04,APURIMAC,ANDAHUAYLAS,ANDAHUAYLAS,AV. SAN ANTONIO NRO. 418 (MEDIA CDRA ANTES DE PRONAA),,,IMPORTADOR/EXPORTADOR,CULTIVO DE FRUTAS.,TRANSPORTE  DE CARGA POR CARRETERA.,,NO,,"SI, incorporado al Régimen de Agentes de Retención de IGV (R.S.229-2024) a partir del 01/01/2025",,,2026-09-19T21:42:35.997Z
20527622434,ASOCIACION DE PRODUCTORES LACTEOS DE CUATRO LAGUNAS POMACANCHI,ASOCIACION,,,HABIDO,ACTIVO,2006-02-08,2006-02-08,CUSCO,ACOMAYO,POMACANCHI,"CAL. GARCILASO NRO. SN (CERCA ALA PLAZA, PLANTA DE QUESOS)",,,SIN ACTIVIDAD,ELAB DE PRODUCTOS LACTEOS.,,,NO,,,,,2026-09-19T21:40:58.666Z
20527644675,ASOCIACION DE PALMICULTORES SAN JUAN,ASOCIACION,,,HABIDO,ACTIVO,2012-06-16,2012-07-01,MADRE DE DIOS,TAMBOPATA,TAMBOPATA,AV. FITZCARRALD NRO. 1048,,,SIN ACTIVIDAD,ACTIVIDADES OTRAS ASOCIACIONES NCP.,OTRAS ACTIVIDADES EMPRESARIALES NCP.,"ELAB. FRUTAS, LEG. Y HORTALIZAS.",NO,,,,,2026-09-19T21:35:37.435Z
20527890285,ASOCIACION DE FRUTICULTORES DEL VALLE PAMPAS- AFRUVAP,ASOCIACION,,,HABIDO,BAJA DE OFICIO,2017-10-27,2017-10-27,APURIMAC,CHINCHEROS,CHINCHEROS,NRO. SN C.P. CALLEBAMBA (C1P NOBLE PRTAR POR  FAM QUISPE URRUTIA),,,SIN ACTIVIDAD,CULTIVO DE FRUTAS.,,,NO,,,,,2026-09-19T21:49:12.014Z
20528270434,ASOCIACION DE PRODUCTORES DE CAMU CAMU DE LAS CUENCAS AMAZONAS NAPO Y TIGRE,ASOCIACION,,,NO HABIDO,BAJA DE OFICIO,2018-12-07,2018-12-07,LORETO,MAYNAS,PUNCHANA,CAL. COLON MZA. L LOTE. 27 A.H. SIMON BOLIVAR (ENTRE PSJ 11 DE SETIEMBRE Y PSJ COLON),,,SIN ACTIVIDAD,"SERVICIOS AGRICOLAS, GANADERAS.",ACTIVIDADES OTRAS ASOCIACIONES NCP.,,NO,,,,,2026-09-19T21:49:12.014Z
20528396535,ASOCIACION DE PRODUCTORES Y MANEJO DE AGUAJE,ASOCIACION,,,HABIDO,ACTIVO,2022-02-28,2022-02-28,LORETO,DATEM DEL MARAÑON,PASTAZA,NRO. S/N C.C. NATIVA PUERTO INDUSTRIAL (COSTADO DEL COLEGIO CESAR VALLEJO),,,SIN ACTIVIDAD,SILVICULTURA Y EXT. DE MADERA.,ELAB. DE ACEITE Y GRASAS.,,NO,,,,,2026-09-19T21:40:58.666Z
20528996214,COOPERATIVA AGRARIA CAFETALERA MILAGROS - MONZON,"COOPERATIVAS, SAIS, CAPS",,,HABIDO,ACTIVO,2014-01-02,2014-01-02,HUANUCO,HUAMALIES,MONZON,JR. CENTENARIO NRO. S/N MONZON (FRENTE AL PARADERO DE AUTOS),,,SIN ACTIVIDAD,CULTIVOS DE CEREALES.,"VTA.  MIN. ALIMENTOS, BEBIDAS, TABACO.",,NO,,,,,2026-09-19T21:42:35.997Z
20529088176,"PRODUCTORES ASOCIADOS DE PAPA AMARILLA TUMBAY ""PAPATY""",ASOCIACION,,PAPATY,HABIDO,ACTIVO,2012-01-16,2012-01-16,HUANUCO,AMBO,TOMAY KICHWA,CAL. HUALLAGA NRO. 1596 OTR. LAS PAMPAS (3 CDRAS ANTES D LLEGAR A IGLESIA HERMITA),,,SIN ACTIVIDAD,CULTIVO DE FRUTAS.,ELAB DE OTROS PROD. ALIMENTICIOS.,OTRAS ACTIVIDADES DE TRANSPORTES.,NO,,,,,2026-09-19T21:44:11.515Z
20529095971,ASOCIACION DE PRODUCTORES AGROPECUARIOS NUEVA ALTERNATIVA PRODUCTIVA Y PROTECCION AMBIENTAL,ASOCIACION,,APRONAPPA,HABIDO,ACTIVO,2010-09-22,2010-09-22,PASCO,DANIEL ALCIDES CARRION,YANAHUANCA,CAR. BARRIO PACHAMPAGNA NRO. S/N CAS. 12 DE OCTUBRE (NRO MEDIDOR 00000060795065-ELECTRON),,,SIN ACTIVIDAD,VTA. MAY. DE OTROS PRODUCTOS.,VTA. MIN. EN PUESTOS DE VENTA.,,NO,,,,,2026-09-19T21:38:03.020Z
20529126523,ASOCIACION DE PRODUCTORES AGROPECUARIOS PARAISO DE HORTENSIAS,ASOCIACION,,,HABIDO,BAJA DE OFICIO,2023-11-29,2023-11-29,HUANUCO,HUANUCO,CHINCHAO,BQ TULLCA NRO. 065 INT. A CPME. TULLCA (KM 42 CARRET. HCO A TINGO MARIA),,,SIN ACTIVIDAD,CULTIVOS DE CEREALES.,,,NO,,,,,2026-09-19T21:49:13.930Z
20529538988,COOPERATIVA DE SERVICIOS ESPECIALES REDES DE PRODUCTORES DE CUYES DEL CRISNEJAS,"COOPERATIVAS, SAIS, CAPS",,COOPREDESCUY,HABIDO,ACTIVO,2015-04-23,2015-04-01,CAJAMARCA,CAJABAMBA,CONDEBAMBA,MZA. C LOTE. 42 CAS. CHAQUICOCHA,,,SIN ACTIVIDAD,PRODUC. CARNE Y PROD. CARNICOS.,VTA.  MAY. DE MATERIAS PRIMAS AGROPEC.,CRIA DE ANIMALES DOMESTICOS.,NO,,,,,2026-09-19T21:44:11.515Z
20529801433,OPA MARAY-ULLMA SAN LORENZO,ASOCIACION,,,HABIDO,BAJA DE OFICIO,2017-06-27,2017-06-27,PIURA,HUANCABAMBA,LALAQUIZ,NRO. S/N C.P. MARAY SAN LORENZO,,,SIN ACTIVIDAD,ACTIVIDADES OTRAS ASOCIACIONES NCP.,,,NO,,,,,2026-09-19T21:49:12.014Z
20529822350,OPA PAPAYO - LA LAGUNA,ASOCIACION,,,NO HABIDO,BAJA DE OFICIO,2016-11-22,2016-11-22,PIURA,HUANCABAMBA,LALAQUIZ,NRO. S/N CAS. LA LAGUNA,,,SIN ACTIVIDAD,ACTIVIDADES OTRAS ASOCIACIONES NCP.,,,NO,,,,,2026-09-19T21:49:13.930Z
20531405723,COOPERATIVA DE SERVICIOS MULTIPLES ADISA NARANJOS,"COOPERATIVAS, SAIS, CAPS",,ADISA,HABIDO,ACTIVO,2003-05-16,2003-05-16,SAN MARTIN,RIOJA,PARDO MIGUEL,CAR. FERNANDO BELAUNDE TERRY KM. 419,,,IMPORTADOR/EXPORTADOR,CULTIVOS DE CEREALES.,TRANSPORTE  DE CARGA POR CARRETERA.,,NO,,,,,2026-09-19T21:44:11.515Z
20531441797,COOPERATIVA AGRARIA ALLIMA CACAO LTDA.,"COOPERATIVAS, SAIS, CAPS",,,HABIDO,ACTIVO,2003-12-01,2004-01-01,SAN MARTIN,SAN MARTIN,CHAZUTA,PJ. JOSE OLAYA NRO. S/N C.P. BANDA DE CHAZUTA,,,IMPORTADOR/EXPORTADOR,CULTIVO DE FRUTAS.,"ELAB. CACAO, CHOCOLATE Y CONFIT.","RESTAURANTES, BARES Y CANTINAS.",NO,,,,,2026-09-19T21:42:35.997Z
20532561397,COMUNIDAD CAMPESINA SAN LORENZO DE CHOJATA,"COMUNIDAD CAMPESINA, NATIVA",,,HABIDO,ACTIVO,2010-08-03,2010-08-03,MOQUEGUA,GENERAL SANCHEZ CERRO,CHOJATA,CIVICO  DE CHOJATA NRO. S/N 2DA  PLANTA CENTRO (PLAZA DE ARMAS DE CHOJATA),,,SIN ACTIVIDAD,ACTIV. ADMINIST. PUBLICA EN GENERAL,,,NO,,,,,2026-09-19T21:40:58.666Z
20532737932,COMUNIDAD CAMPESINA DE ARUNTAYA,"COMUNIDAD CAMPESINA, NATIVA",,,HABIDO,ACTIVO,2011-07-13,2011-08-01,MOQUEGUA,MARISCAL NIETO,CARUMAS,CAL. SN KM. 12 C.C. ARUNTAYA SAN CRISTOBAL,,,SIN ACTIVIDAD,VTA.  MAY. DE MATERIAS PRIMAS AGROPEC.,,,NO,,,,,2026-09-19T21:40:58.666Z
20532800561,ASOCIACION DE FRUTICULTORES Y AGROINDUSTRIALES DEL VALLE CINTO LOCUMBA,ASOCIACION,,,NO HABIDO,BAJA DE OFICIO,2020-06-03,2020-06-01,TACNA,JORGE BASADRE,LOCUMBA,PARCELA NRO. 38E VALLE CINTO,,,SIN ACTIVIDAD,ACTIVIDADES OTRAS ASOCIACIONES NCP.,,,NO,,,,,2026-09-19T21:49:12.014Z
20532978204,ASOCIACION DE PRODUCTORES AGROINDUSTRIALES CORAGUAYA,ASOCIACION,,,HABIDO,BAJA DE OFICIO,2024-10-30,2024-10-30,TACNA,JORGE BASADRE,ILABAYA,OTR. DIST. CAMILACA MZA. H LOTE. 02 ANX. CORAGUAYA,,,SIN ACTIVIDAD,ACTIVIDADES OTRAS ASOCIACIONES NCP.,,,NO,,,,,2026-09-19T21:49:12.014Z
20533006346,ASOCIACION DE PRODUCTORES DE OREGANO MURALLA,ASOCIACION,,APOM,NO HABIDO,BAJA DE OFICIO,2012-11-29,2013-01-09,TACNA,CANDARAVE,HUANUARA,CAL. SELVA ALEGRE NRO. SN (FRENTE A LA COMISION DE REGANTES),,,SIN ACTIVIDAD,ACTIVIDADES OTRAS ASOCIACIONES NCP.,,,NO,,,,,2026-09-19T21:49:12.014Z
20533263233,ASOCIACION EMPRENDEDOR DE LOS ANDES,ASOCIACION,,,HABIDO,BAJA DE OFICIO,2019-12-02,2019-12-02,TACNA,TARATA,ESTIQUE,CAL. BOLOGNESI NRO. S/N ESTIQUE PUEBLO (COSTADO ALBERGUE MUNICIPAL),,,SIN ACTIVIDAD,ACTIVIDADES OTRAS ASOCIACIONES NCP.,,,NO,,,,,2026-09-19T21:49:12.014Z
20533718176,ASOCIACION PRODUCTORES AGROPECUARIOS SANTA ROSA DE KIMAN AYLLU,ASOCIACION,,,HABIDO,ACTIVO,2021-05-17,2021-05-17,ANCASH,HUAYLAS,YURACMARCA,COMUNIDAD KIMAN AYLLU NRO. SN CAS. SANTA ROSA (FRENTE LOZA DEPORTIVA-CASA CELESTE),,,SIN ACTIVIDAD,CULTIVO DE FRUTAS.,,,NO,,,,,2026-09-19T21:49:13.930Z
20534142146,ASOCIACION DE PRODUCTORES Y COMERCIANTES DE TARA DE PUCHKA,ASOCIACION,,,NO HABIDO,BAJA DE OFICIO,2008-05-07,2008-05-07,ANCASH,HUARAZ,HUARAZ,PJ. OCTAVIO HINOSTROZA NRO. 408,,,SIN ACTIVIDAD,CULTIVOS DE CEREALES.,VTA.  MAY. DE MATERIAS PRIMAS AGROPEC.,,NO,,,,,2026-09-19T21:49:13.930Z
20534200952,ASOCIACION DE GANADEROS Y PRODUCTORES LACTEOS MUSUQ ALLPACHAKA,ASOCIACION,,,HABIDO,ACTIVO,2025-05-12,2025-05-12,AYACUCHO,HUAMANGA,CHIARA,NRO. SN C.P. ALLPACHACA (FRENTE COLEGIO EFRAIN MOROTE),,,SIN ACTIVIDAD,ELAB DE PRODUCTOS LACTEOS.,,,NO,,,,,2026-09-19T21:35:37.435Z
20534487801,ASOCIACION DE PRODUCTORES AGROINDUSTRIALES EMPRENDEDORES DE PUYUSCA - INCUYO,ASOCIACION,,,HABIDO,ACTIVO,2012-02-02,2012-02-02,AYACUCHO,PARINACOCHAS,PUYUSCA,JR. SAN ANTONIO NRO. S/N,,,SIN ACTIVIDAD,ACTIVIDADES OTRAS ASOCIACIONES NCP.,,,NO,,,,,2026-09-19T21:38:03.020Z
20534524774,COOPERATIVA AGRARIA TROPICAL ECOLOGICA DE KIMBIRI,"COOPERATIVAS, SAIS, CAPS",,,HABIDO,ACTIVO,2012-03-13,2012-07-11,CUSCO,LA CONVENCION,KIMBIRI,AV. AEROPUERTO NRO. 312 (FT D MUNICIPIO C1P RUSTICA CEL966557718),,,SIN ACTIVIDAD,VTA.  MAY. DE MATERIAS PRIMAS AGROPEC.,,,NO,,,,,2026-09-19T21:44:11.515Z
20534560223,ASOCIACION DE PRODUCTORES AGROPECUARIOS TECNIFICADOS Y MULTISERVICIOS ARIZONA - APROATECMA,ASOCIACION,,,HABIDO,BAJA DE OFICIO,2016-10-20,2016-10-20,AYACUCHO,HUAMANGA,VINCHOS,NRO. S/N C.P. ARIZONA (PLAZA PRINCIPAL DE ARIZONA),,,SIN ACTIVIDAD,CRIA DE ANIMALES DOMESTICOS.,CULTIVO DE HORTALIZAS Y LEGUMBRES.,,NO,,,,,2026-09-19T21:49:12.014Z
20534598620,ASOCIACION DE PRODUCTORES AGROPECUARIOS ORGANICOS DE OMAYA,ASOCIACION,,,NO HABIDO,BAJA DE OFICIO,2024-02-26,2024-02-26,CUSCO,LA CONVENCION,PICHARI,AV. QUILLABAMBA MZA. I LOTE. 7 (A UNA CDRA DE LA POSTA DE SALUD),,,SIN ACTIVIDAD,EXPLOTACION MIXTA.,,,NO,,,,,2026-09-19T21:49:13.930Z
20534847352,COOPERATIVA AGRARIA DE PRODUCTORES ORGANICOS DE LA SIERRA,"COOPERATIVAS, SAIS, CAPS",,,HABIDO,SUSPENSION TEMPORAL,2013-02-20,2013-02-20,AYACUCHO,HUAMANGA,AYACUCHO,AV. HIDALGO MZA. J LOTE. 16 B ASC. ASOCIACION BASILIO AUQUI (MERCADO NERY GARCIA ZARATE),,,SIN ACTIVIDAD,CULTIVO DE FRUTAS.,,,NO,,,,,2026-09-19T21:49:13.930Z
20535132047,COMUNIDAD INDIGENA DE CCARHUANCHO,"COMUNIDAD CAMPESINA, NATIVA",,,HABIDO,ACTIVO,2014-05-07,2014-05-07,HUANCAVELICA,HUAYTARA,PILPICHACA,PLAZA PRINCIPAL NRO. S/N COMUNIDAD DE CCARHUANCHO (FRENTE IGLESIA - LOCAL DE PIEDRA TALLADA),,,SIN ACTIVIDAD,"SERVICIOS AGRICOLAS, GANADERAS.",,,NO,,,,,2026-09-19T21:40:58.666Z
20539205600,ASOCIACION DE PRODUCTORES Y EXPORTADORES DE CAFE RODRIGUEZ DE MENDOZA,ASOCIACION,,APROEXPORT,HABIDO,ACTIVO,2013-07-22,2013-07-01,AMAZONAS,RODRIGUEZ DE MENDOZA,OMIA,SECTOR NUEVO CHIRIMOTO NRO. 0 CAS. LA UNION (CASA COMUNAL LOS PORTALES),,,SIN ACTIVIDAD,ACTIVIDADES OTRAS ASOCIACIONES NCP.,ELAB DE OTROS PROD. ALIMENTICIOS.,,NO,,,,,2026-09-19T21:40:58.666Z
20539241665,ASOCIACION DE PRODUCTORES DE CAFES ORGANICOS Y CAFES ESPECIALES DE AMAZONAS,ASOCIACION,,APROCOYCE AMAZONAS,HABIDO,ACTIVO,2013-09-04,2013-09-01,AMAZONAS,RODRIGUEZ DE MENDOZA,SAN NICOLAS,JR. BRAULIO CAMPO REDONDO NRO. 412 BAR. ONCHIC,,,SIN ACTIVIDAD,CULTIVO DE FRUTAS.,"SERVICIOS AGRICOLAS, GANADERAS.",TRANSPORTE  DE CARGA POR CARRETERA.,NO,"SI, incorporado al Régimen de Buenos Contribuyentes (Resolución N° 1810050000435) a partir del 01/02/2022","SI, incorporado al Régimen de Agentes de Retención de IGV (R.S.229-2024) a partir del 01/01/2025",,,2026-09-19T21:40:58.666Z
20539280644,ASOCIACION DE PEQUEÑOS AGRICULTORES PARA LA PRODUCCION ECOLOGICA SAN MATEO DE PENACHI,ASOCIACION,,,HABIDO,BAJA DE OFICIO,2019-05-31,2019-06-01,LAMBAYEQUE,CHICLAYO,CHICLAYO,CAL. TORRES PAZ NRO. 338,,,SIN ACTIVIDAD,ACTIV.ORGANIZACIONES EMPRESARIALES,,,NO,,,,,2026-09-19T21:49:12.014Z
20539422881,COOPERATIVA DE SERVICIOS ESPECIALES ALPAQUEROS LOS WATAY PONCHOS DE CAYLLOMA - COSECAY,"COOPERATIVAS, SAIS, CAPS",,,HABIDO,SUSPENSION TEMPORAL,2012-05-03,2012-08-14,AREQUIPA,CAYLLOMA,CAYLLOMA,PZA. ZELA NRO. 202 (DENTRO DE LA MUNICIPALIDAD),,,SIN ACTIVIDAD,TRANSPORTE  DE CARGA POR CARRETERA.,VTA. MAY. OTROS PRODUCTOS INTERMEDIOS.,ALQUILER EQUIPO TRANSPORTE V. TERRES.,NO,,,,,2026-09-19T21:49:13.930Z
20539619595,ASOCIACION DE PRODUCTORES AGROPECUARIOS CORPAM,ASOCIACION,,,HABIDO,BAJA PROV. POR OFICIO,2017-09-15,2017-09-15,AREQUIPA,CASTILLA,PAMPACOLCA,CAL. AYACUCHO NRO. S/N PAMPACOLCA (CUADRA NUEVE),,,SIN ACTIVIDAD,ACTIVIDADES OTRAS ASOCIACIONES NCP.,,,NO,,,,,2026-09-19T21:49:13.930Z
20539644603,ASOCIACION DE PRODUCTORES PARA LA AGROEXPORTACION DE PUQUINA,ASOCIACION,,,HABIDO,BAJA PROV. POR OFICIO,2016-02-19,2016-02-19,MOQUEGUA,GENERAL SANCHEZ CERRO,PUQUINA,MZA. D3 LOTE. 11 URB. BELLAVISTA - SECTOR 3,,,SIN ACTIVIDAD,ACTIVIDADES OTRAS ASOCIACIONES NCP.,,,NO,,,,,2026-09-19T21:49:13.930Z
20541732706,SERVICIO PARA EL DESARROLLO INTEGRAL RURAL,ASOCIACION,,SEDIR,HABIDO,ACTIVO,2012-09-07,2012-09-01,ANCASH,SANTA,MORO,OTR. PARCELA NRO. 291 OTR. BELLAVISTA SECTOR CUSHIPA (CARRETERA A MORO PASANDO GRIFO LOVI),,,SIN ACTIVIDAD,ACTIVIDADES OTRAS ASOCIACIONES NCP.,CULTIVO DE FRUTAS.,CRIA DE ANIMALES DOMESTICOS.,NO,,,,,2026-09-19T21:44:11.515Z
20542209951,COOPERATIVA AGRARIA VALLE GRANDE,"COOPERATIVAS, SAIS, CAPS",,,HABIDO,ACTIVO,2012-08-17,2012-08-17,SAN MARTIN,MOYOBAMBA,SORITOR,JR. HIPOLITO RANGEL NRO. 732 (A UNA CUADRA DE PLAZA ARMAS),,,EXPORTADOR,"VTA.  MIN. ALIMENTOS, BEBIDAS, TABACO.",OTRAS INDUSTRIAS  MANUFACTURERAS NCP.,EXPLOTACION MIXTA.,NO,,,,,2026-09-19T21:44:11.515Z
20542242222,COOPERATIVA AGROINDUSTRIAL DE CITRICULTORES - JUANJUI LTDA.,"COOPERATIVAS, SAIS, CAPS",,CITRUS JUANJUI,HABIDO,ACTIVO,2012-10-29,2012-12-01,SAN MARTIN,MARISCAL CACERES,JUANJUI,JR. LETICIA NRO. 101 (A ESPALDAS DEL MINSA),,,SIN ACTIVIDAD,CULTIVO DE FRUTAS.,,,NO,,,,,2026-09-19T21:44:11.515Z
20542251990,ASOCIACION DE MUJERES EMPRENDEDORAS DE NUEVO PROGRESO,ASOCIACION,,,HABIDO,ACTIVO,2012-11-19,2012-11-19,SAN MARTIN,TOCACHE,NUEVO PROGRESO,CAR. FERNANDO BELAUNDE TERRY MZA. 584 CAS. TIPISHCA,,,SIN ACTIVIDAD,"ELAB. CACAO, CHOCOLATE Y CONFIT.",AGENCIAS DE VIAJES Y GUIAS TURISTIC.,,NO,,,,,2026-09-19T21:35:37.435Z
20542257416,EMPRESA INDUSTRIAL ORO VERDE SOCIEDAD ANONIMA CERRADA,SOCIEDAD ANONIMA CERRADA,,EINDOV S.A.C.,HABIDO,ACTIVO,2012-12-01,2012-12-03,SAN MARTIN,LAMAS,LAMAS,JR. TOBIAS NORIEGA NRO. 243,,,IMPORTADOR/EXPORTADOR,"VTA. MAY. ALIMENTOS, BEBIDAS Y TABACO.","RESTAURANTES, BARES Y CANTINAS.",,NO,,"NO, Excluido del Régimen de Agentes de Retención de IGV a partir del 01/02/2026",,,2026-09-19T21:44:11.515Z
20542264544,COOPERATIVA AGRARIA VALLE DEL BIAVO LTDA,"COOPERATIVAS, SAIS, CAPS",,,HABIDO,ACTIVO,2012-12-18,2013-12-18,SAN MARTIN,BELLAVISTA,BELLAVISTA,JR. SAN PABLO NRO. 966 OTR. CUARTO PISO,,,EXPORTADOR,CULTIVOS DE CEREALES.,VTA.  MAY. DE MATERIAS PRIMAS AGROPEC.,,NO,,,,,2026-09-19T21:44:11.515Z
20542289024,CUENCAS DEL HUALLAGA ASOCIACION DE PRODUCTORES AGROPECUARIOS,ASOCIACION,,CUENCAS DEL HUALLAGA,HABIDO,ACTIVO,2013-02-14,2013-02-14,SAN MARTIN,MARISCAL CACERES,JUANJUI,CAR. FERNANDO BELAUNDE TERRY KM. SN C.P. LA VICTORIA (SECTOR NARANJAL A 10 MINUTOS DEL CENTRO),,,EXPORTADOR,VTA.  MAY. DE MATERIAS PRIMAS AGROPEC.,TRANSPORTE  DE CARGA POR CARRETERA.,EXPLOTACION MIXTA.,NO,,"NO, Excluido del Régimen de Agentes de Retención de IGV a partir del 01/02/2026",,,2026-09-19T21:44:11.515Z
20542299330,ASOCIACION DE PRODUCTORES AGROPECUARIOS DE SHUCUSHYACU FLOR DE CACAO,ASOCIACION,,,HABIDO,ACTIVO,2026-03-26,2026-03-26,LORETO,ALTO AMAZONAS,TENIENTE CESAR LOPEZ ROJAS,CAL. SARGENTO LORES MZA. L LOTE. 08 (A LA ALTURA DE LA PLAZA DE ARMAS SN),,,SIN ACTIVIDAD,ACTIVIDADES OTRAS ASOCIACIONES NCP.,,,NO,,,,,2026-09-19T21:38:03.020Z
20542311569,COOPERATIVA AGRARIA ACHUAR SHAKAIM LTDA,"COOPERATIVAS, SAIS, CAPS",,,HABIDO,ACTIVO,2013-04-09,2013-06-01,LORETO,DATEM DEL MARAÑON,BARRANCA,CAL. OLEODUCTO NRO. 101 OTR. COOPERATIVA (AEROPUERTO),,,SIN ACTIVIDAD,CULTIVO DE HORTALIZAS Y LEGUMBRES.,ELAB. DE ACEITE Y GRASAS.,,NO,,,,,2026-09-19T21:40:58.666Z
20542380455,COOPERATIVA AGRARIA ECOFOREST,"COOPERATIVAS, SAIS, CAPS",,ECOFOREST,HABIDO,ACTIVO,2013-09-12,2013-09-01,CAJAMARCA,JAEN,JAEN,CAL. RIO CUNIA NRO. 310 URB. EL PARAISO (ESQUINA CON CALLE LOS ARCANGELES),,,EXPORTADOR,CULTIVO DE FRUTAS.,,,NO,,"SI, incorporado al Régimen de Agentes de Retención de IGV (R.S.229-2024) a partir del 01/01/2025",,,2026-09-19T21:42:35.997Z
20542482886,COOPERATIVA AGROINDUSTRIAL APCCA,"COOPERATIVAS, SAIS, CAPS",,,HABIDO,SUSPENSION TEMPORAL,2015-01-14,2015-03-01,HUANUCO,LEONCIO PRADO,SANTO DOMINGO DE ANDA,CAPITAL PACAE NRO. S/N SEC. CATARATA (A 400 MTRS. DEL PUENTE PACAE - DERECHA),,,SIN ACTIVIDAD,CULTIVOS DE CEREALES.,"SERVICIOS AGRICOLAS, GANADERAS.",,NO,,,,,2026-09-19T21:49:12.014Z
20542594251,ASOCIACION DE PRODUCTORES SIERRA MORENA DE SANTA ANA DE PUCUNAN - HERMANOS SANCHEZ C.,ASOCIACION,,,HABIDO,BAJA DE OFICIO,2015-07-13,2015-09-01,PASCO,DANIEL ALCIDES CARRION,SANTA ANA DE TUSI,NRO. S/N CAS. SANTA ANA DE PUCUNAN (A LA DERECHA DE LA IGLESIA DEL CASERIO D),,,SIN ACTIVIDAD,ELAB DE OTROS PROD. ALIMENTICIOS.,MEZCLA DE BEBIDAS ALCOHOLICAS.,,NO,,,,,2026-09-19T21:49:12.014Z
20542617480,BIOINDUSTRIAS LACTEAS ESTRELLITA & BELEN EMPRESA INDIVIDUAL DE RESPONSABILIDAD LIMITADA,EMPRESA INDIVIDUAL DE RESP. LTDA,,,HABIDO,BAJA DE OFICIO,2020-02-19,2020-08-01,PUNO,LAMPA,CALAPUJA,COM. CARACARA MZA. A LOTE. 20 SEC. LAVADERO (A 1K DEL PRONOI SECTOR LAVADERO),,,SIN ACTIVIDAD,ELAB DE PRODUCTOS LACTEOS.,,,NO,,,,,2026-09-19T21:49:12.014Z
20542813742,ASOCIACION COMUNIDAD AGRARIA ARCA PACAHUARA,ASOCIACION,,,HABIDO,BAJA DE OFICIO,2019-12-12,2020-01-01,MADRE DE DIOS,TAHUAMANU,IBERIA,NRO. -- COM. ARCA PACAHUARA (FRENTE A PLAZA-CASA AZUL),,,IMPORTADOR/EXPORTADOR,EXPLOTACION MIXTA.,,,NO,,,,,2026-09-19T21:49:12.014Z
20542817225,ASOCIACION DE CASTAÑEROS DE ALEGRIA - ASCA,ASOCIACION,,,HABIDO,BAJA DE OFICIO,2023-04-19,2023-04-19,MADRE DE DIOS,TAMBOPATA,LAS PIEDRAS,CAL. CORONEL GONZALES NRO. SN ALEGRIA (1CDRA ENTRADA DE COLEGIO RAUL VARGAS),,,SIN ACTIVIDAD,"ELAB. FRUTAS, LEG. Y HORTALIZAS.",,,NO,,,,,2026-09-19T21:49:13.930Z
20542825163,COOPERATIVA AGRARIA CACAO FINO AGROBOSQUE,"COOPERATIVAS, SAIS, CAPS",,,HABIDO,ACTIVO,2014-01-07,2014-01-07,MADRE DE DIOS,TAMBOPATA,INAMBARI,CAR. INTEROCEANICA KM. 129 COM. SANTA RITA BAJA (PUERTO MALDONADO CUSCO MARGEN IZQUIERDA),,,EXPORTADOR,CULTIVO DE FRUTAS.,"ELAB. CACAO, CHOCOLATE Y CONFIT.",,NO,,,,,2026-09-19T21:42:35.997Z
20542827298,ASOCIACION DE AGRICULTORES AGROPECUARIOS DE LA COMUNIDAD EL PROGRESO,ASOCIACION,,,HABIDO,ACTIVO,2023-03-09,2023-03-09,MADRE DE DIOS,TAMBOPATA,INAMBARI,C/P PARC NRO. 9 UNION PROGRESO VALLE INAM,,,SIN ACTIVIDAD,VTA.  MAY. DE MATERIAS PRIMAS AGROPEC.,"VTA. MAY. ALIMENTOS, BEBIDAS Y TABACO.",,NO,,,,,2026-09-19T21:35:37.435Z
20558183552,COOPERATIVA AGRARIA DE SERVICIOS ALPAQUEROS YURAC QORI TISCO - COOPASAY TISCO,"COOPERATIVAS, SAIS, CAPS",,,HABIDO,ACTIVO,2013-04-11,2013-04-11,AREQUIPA,CAYLLOMA,TISCO,MZA. LL LOTE. 8 TISCO (AL FRENTE DE PLAZA PRINCIPAL),,,SIN ACTIVIDAD,EXPLOTACION MIXTA.,VTA.  MAY. DE MATERIAS PRIMAS AGROPEC.,,NO,,,,,2026-09-19T21:42:35.997Z
20559290336,CORPORACION ASOCIATIVA LA JOYA,ASOCIACION,,,HABIDO,BAJA PROV. POR OFICIO,2025-12-24,2025-12-24,AREQUIPA,AREQUIPA,LA JOYA,AV. RIO DE JANEIRO NRO. S/N (GOB. REGIONAL AREQUIPA),,,SIN ACTIVIDAD,ACTIVIDADES OTRAS ASOCIACIONES NCP.,,,NO,,,,,2026-09-19T21:49:13.930Z
20561140091,COOPERATIVA AGRARIA ECOLOGICA CAFETALERA DE LONYA GRANDE,"COOPERATIVAS, SAIS, CAPS",,CECAFE,HABIDO,SUSPENSION TEMPORAL,2014-01-08,2014-01-01,AMAZONAS,UTCUBAMBA,LONYA GRANDE,JR. DOS DE MAYO NRO. S/N (250 - FRENTE PLAZA AREQUIPA),,,IMPORTADOR/EXPORTADOR,CULTIVOS DE CEREALES.,"SERVICIOS AGRICOLAS, GANADERAS.",,NO,,,,,2026-09-19T21:49:12.014Z
20563823641,ASOCIACION PERUANA DE PRODUCTORES DE ALPACAS Y LLAMAS SPAR - DISTRITAL DE PALLPATA,ASOCIACION,,,HABIDO,BAJA DE OFICIO,2020-09-04,2020-09-02,CUSCO,ESPINAR,PALLPATA,NRO. SN PLAZA DE ARMAS PALLPATA (PLAZA COSTADO DEL MUNCIPIO),,,SIN ACTIVIDAD,"SERVICIOS AGRICOLAS, GANADERAS.",,,NO,,,,,2026-09-19T21:49:13.930Z
20563994453,COOPERATIVA AGRARIA ADIANES DE PHINAYA CUSCO - PERU,"COOPERATIVAS, SAIS, CAPS",,,HABIDO,ACTIVO,2015-11-05,2015-11-05,CUSCO,CANCHIS,PITUMARCA,AV. PHINAYA NRO. SN C.P. PHINAYA (1 CDRA ANTE PLAZ C1P BLANCO PTA AZUL ADB),,,SIN ACTIVIDAD,CRIA DE ANIMALES DOMESTICOS.,,,NO,,,,,2026-09-19T21:42:35.997Z
20564032485,ASOCIACION DE PRODUCTORES ECOLOGICOS DE CACAO MEDIO URUBAMBA - IVOCHOTE,ASOCIACION,,,HABIDO,ACTIVO,2013-07-15,2013-10-09,CUSCO,LA CONVENCION,ECHARATE,NRO. S/N IVOCHOTE,,,EXPORTADOR,VTA.  MAY. DE MATERIAS PRIMAS AGROPEC.,,,NO,,,,,2026-09-19T21:40:58.666Z
20564152031,ASOCIACION DE ARTESANOS TRES ALPAQUITAS H&F,ASOCIACION,,,HABIDO,ACTIVO,2013-11-06,2013-11-06,CUSCO,QUISPICANCHI,MARCAPATA,LIOPATA NRO. S/N COM. CCOLLANA MARCAPATA (BAÑOS TERMALES PARTE ALTA),,,SIN ACTIVIDAD,OTROS TIPOS DE VENTA AL POR MENOR.,VTA. MAY. PRODUCTOS TEXTILES.,,NO,,,,,2026-09-19T21:35:37.435Z
20564218589,ASOCIACIÓN DE PRODUCTORES AGROPECUARIOS MI CULLAHUATA - VELILLE,ASOCIACION,,,HABIDO,BAJA DE OFICIO,2020-12-01,2020-12-01,CUSCO,CHUMBIVILCAS,VELILLE,NRO. SN C.C. CULLAHUATA (200 MTS ABJ PTE CARROZABLE C1P VERDE),,,SIN ACTIVIDAD,CRIA DE GANADO.,ELAB DE OTROS PROD. ALIMENTICIOS.,,NO,,,,,2026-09-19T21:49:13.930Z
20567261523,ORGANIZACION DE MANEJO DE RECURSOS NATURALES BUENOS AIRES,ASOCIACION,,,HABIDO,ACTIVO,2020-08-10,2020-08-10,LORETO,MAYNAS,IQUITOS,MZA. B LOTE. 1 URB. TAMBO (CON NAVARRO CAUPER),,,SIN ACTIVIDAD,ACTIVIDADES OTRAS ASOCIACIONES NCP.,,,NO,,,,,2026-09-19T21:44:11.515Z
20568071281,COOPERATIVA AGRARIA CAFETALERA CEPRO YANESHA,"COOPERATIVAS, SAIS, CAPS",,,HABIDO,ACTIVO,2011-07-27,2011-07-27,PASCO,OXAPAMPA,VILLA RICA,CAR. FERNANDO BELAUNDE TERRY KM. 36 ANX. SAN JOSE (A 20M DE PLANTA DE TRATAMIENTO DE AGUA),,,IMPORTADOR/EXPORTADOR,VTA.  MAY. DE MATERIAS PRIMAS AGROPEC.,"SERVICIOS AGRICOLAS, GANADERAS.",SILVICULTURA Y EXT. DE MADERA.,NO,,,,,2026-09-19T21:42:35.997Z
20568080948,CONSEJO REGULADOR DE LA DENOMINACION DE ORIGEN CAFE VILLA RICA - C.R.D.O. CAFE VILLA RICA,ASOCIACION,,,HABIDO,ACTIVO,2023-10-25,2023-10-25,PASCO,OXAPAMPA,VILLA RICA,AV. PADRE SALAS NRO. SN (S82658709-1 CDRA CENTRO DEL ADULTO MAYOR),,,SIN ACTIVIDAD,ACTIVIDADES OTRAS ASOCIACIONES NCP.,,,NO,,,,,2026-09-19T21:40:58.666Z
20568190450,COOPERATIVA AGRARIA KEMITO ENE LTDA. - KEMITO ENE,"COOPERATIVAS, SAIS, CAPS",,,HABIDO,ACTIVO,2011-12-16,2012-01-01,JUNIN,SATIPO,SATIPO,JR. FRANCISCO IRAZOLA NRO. 1401 INT. B URB. SATIPO (INTERIOR ALBERGUE ASHANINKA - SECTOR B),,,SIN ACTIVIDAD,"VTA. MAY. ALIMENTOS, BEBIDAS Y TABACO.","ELAB. CACAO, CHOCOLATE Y CONFIT.",,NO,,,,,2026-09-19T21:44:11.515Z
20568194951,ASOCIACION DE PRODUCTORES AGROSOSTENIBLES VILLA ECOLOGICA PERU,ASOCIACION,,APSOS ECOLOGICOS PERU,HABIDO,ACTIVO,2011-12-21,2012-02-28,JUNIN,SATIPO,PANGOA,JR. PRIMAVERA NRO. S/N C.P. SEC UNIDOS SAN RAMON (COSTADO DE LA COOPERATIVA SANGARENI),,,EXPORTADOR,"ELAB. FRUTAS, LEG. Y HORTALIZAS.",TRANSPORTE  DE CARGA POR CARRETERA.,,NO,,,,,2026-09-19T21:40:58.666Z
20568228368,ASOCIACION DE PRODUCTORES LACTEOS VIDA ABUNDANTE INGENIO,ASOCIACION,,,HABIDO,ACTIVO,2015-11-03,2015-11-04,JUNIN,HUANCAYO,INGENIO,JR. JUAN MORALES NRO. SN (S76895403 ALT PTE INCA CASA BLANCO Y AZU),,,SIN ACTIVIDAD,ELAB DE PRODUCTOS LACTEOS.,"PESCA, EXPLOT. CRIADEROS DE PECES.",,NO,,,,,2026-09-19T21:40:58.666Z
20568230001,CORPORACION AGROPECUARIA YANACHAGA CHEMILLEN DE OXAPAMPA - CAYCOXA,ASOCIACION,,CAYCOXA,HABIDO,ACTIVO,2012-01-31,2012-02-01,PASCO,OXAPAMPA,OXAPAMPA,JR. FEDERACION NRO. S/N URB. OXAPAMPA (CDRA 13  A MEDIA CDRA DE AV SAN MARTIN),,,SIN ACTIVIDAD,CULTIVO DE FRUTAS.,EXPLOTACION MIXTA.,VTA.  MAY. DE MATERIAS PRIMAS AGROPEC.,NO,,,,,2026-09-19T21:44:11.515Z
20568236034,RED DE ASOCIACIONES DE MUJERES PRODUCTORAS Y EMPRENDENDORAS DE LA PROVINCIA DE JAUJA,ASOCIACION,,,HABIDO,ACTIVO,2025-04-30,2025-04-21,JUNIN,JAUJA,ATAURA,CAR. CENTRAL KM. 85 OTR. PUEBLO ANTAURA (S76802469 EN EL LOGO DE LA JAUJINITA),,,SIN ACTIVIDAD,ACTIVIDADES OTRAS ASOCIACIONES NCP.,,,NO,,,,,2026-09-19T21:44:11.515Z
20568246188,ASOCIACION DE PRODUCTORES AGROPECUARIOS BOJACI DEL DISTRITO DE SINCOS - A.P.A. BOJACI - SINCOS,ASOCIACION,,,HABIDO,BAJA PROV. POR OFICIO,2026-01-12,2026-01-12,JUNIN,JAUJA,SINCOS,CAL. REAL NRO. 1400 OTR. PBLO. SINCOS (S70027494-A 3 CDRA PLAZA PRINCIPAL),,,SIN ACTIVIDAD,VTA.  MAY. DE MATERIAS PRIMAS AGROPEC.,,,NO,,,,,2026-09-19T21:49:13.930Z
20568257899,ASOCIACION DE PRODUCTORES AGROPECUARIOS FORESTAL Y ECOLOGICO WANKA SUR,ASOCIACION,,,HABIDO,ACTIVO,2026-04-28,2026-04-28,JUNIN,HUANCAYO,SAPALLANGA,JR. MARISCAL SUCRE NRO. 421 (S66444104 A 2 CDRAS DE LA MUNICIPALIDAD),,,SIN ACTIVIDAD,CULTIVOS DE CEREALES.,CULTIVO DE HORTALIZAS Y LEGUMBRES.,CRIA DE ANIMALES DOMESTICOS.,NO,,,,,2026-09-19T21:38:03.020Z
20568428375,COOPERATIVA AGRARIA ASHANINKA DEL VALLE PICHIS,"COOPERATIVAS, SAIS, CAPS",,CAGRAVAPI,HABIDO,ACTIVO,2012-08-17,2012-08-17,PASCO,OXAPAMPA,PUERTO BERMUDEZ,AV. SAN MATIAS MZA. B LOTE. 9 BARRIO BELLAVISTA (COSTADO SRA ORE-CARRETERR A CONSTITUCION),,,SIN ACTIVIDAD,"ELAB. CACAO, CHOCOLATE Y CONFIT.",CULTIVO DE FRUTAS.,,NO,,,,,2026-09-19T21:42:35.997Z
20568466030,ASOCIACION DE PRODUCTORES AGROPECUARIOS DE AGUAS TERMALES DE PUMARANRA,ASOCIACION,,,HABIDO,ACTIVO,2023-04-10,2023-04-10,HUANCAVELICA,ACOBAMBA,PAUCARA,AGUAS TERMALES NRO. SN C.P. PUMARANRA (S70539296),,,SIN ACTIVIDAD,"SERVICIOS AGRICOLAS, GANADERAS.",,,NO,,,,,2026-09-19T21:38:03.020Z
20568549083,COOPERATIVA AGRARIA INDUSTRIAL APASC SANCORE-PALCAZU LTDA,"COOPERATIVAS, SAIS, CAPS",,CAI APASC,HABIDO,ACTIVO,2012-12-19,2013-03-19,PASCO,OXAPAMPA,PALCAZU,AV. ISCOZACIN NRO. SN URB. ISCOZACIN,,,SIN ACTIVIDAD,"ELAB. CACAO, CHOCOLATE Y CONFIT.",CULTIVO DE FRUTAS.,,NO,,,,,2026-09-19T21:42:35.997Z
20568560133,COOPERATIVA AGRARIA ECOLOGICO ALTO PALCAZU LAGUNA RAYA,"COOPERATIVAS, SAIS, CAPS",,,HABIDO,ACTIVO,2024-11-21,2024-11-01,PASCO,OXAPAMPA,VILLA RICA,NRO. S/N C.P. ALTO PALCAZU (PLAZA DEL C.P.),,,SIN ACTIVIDAD,"ELAB. CACAO, CHOCOLATE Y CONFIT.",,,NO,,,,,2026-09-19T21:42:35.997Z
20568567731,COOPERATIVA AGRARIA VILLA RICA GOLDEN COFFEE LTDA.,"COOPERATIVAS, SAIS, CAPS",,,HABIDO,ACTIVO,2013-01-16,2013-01-16,PASCO,OXAPAMPA,VILLA RICA,PJ. ALTO COMAINA NRO. 106 URB. VILLA RICA (CARRETERA MARGINAL A OXAPAMPA),,,IMPORTADOR/EXPORTADOR,CULTIVOS DE CEREALES.,EXPLOTACION MIXTA.,,NO,,,,,2026-09-19T21:44:11.515Z
20568587333,ASOCIACION DE PRODUCTORES AGROECOLOGICOS UYSUS,ASOCIACION,,,HABIDO,BAJA DE OFICIO,2015-05-06,2015-05-06,JUNIN,HUANCAYO,CHILCA,PJ. ABEL MARTINEZ NRO. 353 (S.67447020 2 CDRAS DE METRO),,,SIN ACTIVIDAD,CULTIVOS DE CEREALES.,,,NO,,,,,2026-09-19T21:49:12.014Z
20568609833,ASOCIACION DE MUJERES PRODUCTORAS ARTESANAS CACAO JENTARI - AMPROA CACAO JENTARI,ASOCIACION,,,HABIDO,BAJA DE OFICIO,2017-10-16,2017-10-16,JUNIN,SATIPO,RIO NEGRO,JR. 29 DE SETIEMBRE NRO. SN URB. RIO NEGRO (S72439861 1CDRA. IGLESIA),,,SIN ACTIVIDAD,"ELAB. CACAO, CHOCOLATE Y CONFIT.",,,NO,,,,,2026-09-19T21:49:12.014Z
20568720866,ASOCIACION UNION POMAVILCA,ASOCIACION,,,HABIDO,ACTIVO,2015-07-02,2015-08-01,HUANCAVELICA,ACOBAMBA,ACOBAMBA,AV. SAN MARTIN NRO. SN BAR. ACOBAMBA (S70777251  A50M DE OVALO PARA PAUCARA),,,SIN ACTIVIDAD,EXPLOTACION MIXTA.,"SERVICIOS AGRICOLAS, GANADERAS.","VTA. MAY. ALIMENTOS, BEBIDAS Y TABACO.",NO,,,,,2026-09-19T21:40:58.666Z
20568733411,"ASOCIACIÓN DE PRODUCTORES ""PIÑAS EL SAMAÑU""",ASOCIACION,,,HABIDO,BAJA DE OFICIO,2013-06-21,2013-06-21,JUNIN,SATIPO,PANGOA,CAL. 7 DE JUNIO NRO. SN URB. SAN BERNABE (FRENTE AL COLISEO MUNICIPAL),,,SIN ACTIVIDAD,CULTIVO DE FRUTAS.,TRANSPORTE  DE CARGA POR CARRETERA.,,NO,,,,,2026-09-19T21:49:12.014Z
20568771002,COMITÉ DE GESTIÓN DE PROYECTOS DE HUASAHUASI Y CASERÍOS - COMITÉ DE GESTIÓN HUASAHUASI,COMITES  INSCRITOS,,,HABIDO,ACTIVO,2016-11-22,2016-11-22,JUNIN,TARMA,HUASAHUASI,JR. CUZCO NRO. SN SEC. HUASAHUASI (S71234144-BARR MALAMBO-1 CDRA D PARAD),,,SIN ACTIVIDAD,VTA.  MAY. DE MATERIAS PRIMAS AGROPEC.,,,NO,,,,,2026-09-19T21:40:58.666Z
20568804709,COOPERATIVA AGRARIA MUJER ANDINA,"COOPERATIVAS, SAIS, CAPS",,COOPERATIVA MUJER ANDINA,HABIDO,ACTIVO,2013-09-05,2013-09-09,JUNIN,CONCEPCION,SAN JOSE DE QUERO,PZA. PRINCIPAL NRO. SN (COSTADO DE MUNICIPIO SJQ),,,SIN ACTIVIDAD,ELAB DE PRODUCTOS LACTEOS.,,,NO,,,,,2026-09-19T21:44:11.515Z
20568858621,CENTRAL DE ORGANIZACIONES PRODUCTORAS DE CITRICOS DE LA PROVINCIA DE SATIPO,ASOCIACION,,,HABIDO,BAJA DE OFICIO,2021-02-20,2021-03-01,JUNIN,SATIPO,SATIPO,JR. ANTONIO RAYMONDI NRO. 643 (FTE A LA GOBERNACION DE SATIPO-S72678421),,,SIN ACTIVIDAD,CULTIVO DE FRUTAS.,,,NO,,,,,2026-09-19T21:49:13.930Z
20568962282,ASOCIACIÓN DE PRODUCTORES CENTRO COFFEE,ASOCIACION,,,HABIDO,SUSPENSION TEMPORAL,2014-03-04,2014-04-01,JUNIN,CHANCHAMAYO,PICHANAQUI,AV. MARGINAL NRO. 490 URB. PICHANAQUI,,,IMPORTADOR/EXPORTADOR,CULTIVOS DE CEREALES.,EXPLOTACION MIXTA.,,NO,"SI, incorporado al Régimen de Buenos Contribuyentes (Resolución N° 1330050016556) a partir del 01/02/2022",,,,2026-09-19T21:49:12.014Z
20570699700,"""ASOCIACION DE PRODUCTORES AGROPECUARIOS PACHARUMI""",ASOCIACION,,,HABIDO,BAJA DE OFICIO,2025-08-05,2025-08-01,CAJAMARCA,JAEN,CHONTALI,CAL. CONJURO NRO. SN CAS. CHONTALI (ENTRADA A CHONTALI FRENTE AL 1ER PARQUE),,,SIN ACTIVIDAD,ACTIVIDADES OTRAS ASOCIACIONES NCP.,,,NO,,,,,2026-09-19T21:49:13.930Z
20570706927,"""COOPERATIVA  AGRARIA RUTAS DEL INCA""","COOPERATIVAS, SAIS, CAPS",,,HABIDO,ACTIVO,2014-01-29,2014-02-01,CAJAMARCA,CHOTA,QUEROCOTO,SECTOR NUEVA GRANJA NRO. S/N CPMEN. QUEROCOTO (SALIDA A LA GRANJA),,,EXPORTADOR,CULTIVO DE FRUTAS.,ELAB DE OTROS PROD. ALIMENTICIOS.,TRANSPORTE  DE CARGA POR CARRETERA.,NO,,,,,2026-09-19T21:35:37.435Z
20570822242,ASOCIACION DE PRODUCTORES AGROPECUARIOS E INDUSTRIALES DEL DISTRITO DE MATARA,ASOCIACION,,,HABIDO,ACTIVO,2014-07-25,2014-08-01,CAJAMARCA,CAJAMARCA,MATARA,JR. RICARDO PALMA NRO. 500 PBLO. MATARA (ESQUINA DE LA PLAZA ARMA LADO DE IGLESIA),,,SIN ACTIVIDAD,TRANSPORTE  DE CARGA POR CARRETERA.,CULTIVOS DE CEREALES.,EXPLOTACION MIXTA.,NO,,,,,2026-09-19T21:38:03.020Z
20570838751,ASOCIACION DE PRODUCTORES AGROPECUARIOS SHICOMUMI ICHOCAN,ASOCIACION,,,HABIDO,ACTIVO,2025-06-16,2025-06-01,CAJAMARCA,SAN MARCOS,PEDRO GALVEZ,JR. MIGUEL GRAU NRO. 425 OTR. PUEBLO SAN MARCOS,,,SIN ACTIVIDAD,ACTIVIDADES OTRAS ASOCIACIONES NCP.,EXPLOTACION MIXTA.,,NO,,,,,2026-09-19T21:38:03.020Z
20570839056,ASOCIACION DE PRODUCTORES AGROPECUARIOS LOS EMPRENDEDORES DE CAJABAMBA - APALEC,ASOCIACION,,,HABIDO,ACTIVO,2025-06-11,2025-06-11,CAJAMARCA,CAJABAMBA,CAJABAMBA,TRO. TROCHA CALLASH-CHUCRUQUIO NRO. SN CAS. CALLASH,,,SIN ACTIVIDAD,CULTIVOS DE CEREALES.,CULTIVO DE HORTALIZAS Y LEGUMBRES.,EXPLOTACION MIXTA.,NO,,,,,2026-09-19T21:38:03.020Z
20571335388,ASOCIACION DE AGRICULTORES AGROPECUARIOS SAN ISIDRO-ICHOC HUAYLAS-CARAZ,ASOCIACION,,,HABIDO,BAJA DE OFICIO,2022-08-29,2022-09-01,ANCASH,HUAYLAS,CARAZ,CAR. CENTRAL NRO. S/N BAR. JABON RUMI (A 30 METROS DEL SEMÁFORO),,,SIN ACTIVIDAD,"SERVICIOS AGRICOLAS, GANADERAS.",,,NO,,,,,2026-09-19T21:49:13.930Z
20571419301,ASOCIACION DE PRODUCTORES FRUTICOLA HUAQUISH PARARIN,ASOCIACION,,,HABIDO,BAJA DE OFICIO,2020-12-04,2020-12-04,LIMA,BARRANCA,BARRANCA,INDEPENDENCIA NRO. 340 (FTE A COLEGIO BUEN PASTOR PORTON PLOMO),,,SIN ACTIVIDAD,CULTIVO DE FRUTAS.,,,NO,,,,,2026-09-19T21:49:12.014Z
20572111131,ASOCIACION DE MUJERES ORGANIZADAS CHOCO WARMIS,ASOCIACION,,,HABIDO,ACTIVO,2013-11-12,2014-01-01,SAN MARTIN,EL DORADO,SAN JOSE DE SISA,JR. SAN MARTIN NRO. S/N C.P. SANTA CRUZ,,,SIN ACTIVIDAD,"ELAB. CACAO, CHOCOLATE Y CONFIT.",CULTIVO DE FRUTAS.,,NO,,,,,2026-09-19T21:35:37.435Z
20572190251,CENTRAL DE COOPERATIVAS AGRARIAS CACAO AROMA DE TOCACHE LTDA. (CECAT),"COOPERATIVAS, SAIS, CAPS",,CACAO DE AROMA,HABIDO,ACTIVO,2014-05-05,2014-05-05,SAN MARTIN,TOCACHE,TOCACHE,JR. CLEMENTE FASABI CDRA 8 NRO. S/N (CON LUIS DOMINGUEZ CDRA 6),,,EXPORTADOR,"ELAB. CACAO, CHOCOLATE Y CONFIT.",VTA.  MAY. DE MATERIAS PRIMAS AGROPEC.,,NO,,,,,2026-09-19T21:40:58.666Z
20573049102,COOPERATIVA AGRARIA CACAOTERA PUERTO INCA,"COOPERATIVAS, SAIS, CAPS",,,HABIDO,ACTIVO,2013-02-18,2013-07-04,HUANUCO,PUERTO INCA,PUERTO INCA,JR. LAS ALMENDRAS S/N MZA. 23 LOTE. 1 C.P. PUERTO SUNGARO - SECTOR L (A 500 M DE CARR. FERNANDO BELAUNDE),,,SIN ACTIVIDAD,EXPLOTACION MIXTA.,,,NO,,,,,2026-09-19T21:42:35.997Z
20573057385,COOPERATIVA AGRARIA PARAISO,"COOPERATIVAS, SAIS, CAPS",,,HABIDO,ACTIVO,2013-02-28,2013-03-01,HUANUCO,MARAÑON,CHOLON,AV. LAS PALMERAS MZA. O6 LOTE. 5 CENTRO POBLADO DE PARAISO (A 100 MTS DE PUESTO DE SALUD PARAISO),,,EXPORTADOR,EXPLOTACION MIXTA.,"SERVICIOS AGRICOLAS, GANADERAS.",,NO,,,,,2026-09-19T21:44:11.515Z
20573138202,ASOCIACION DE PRODUCTORES AGROPECUARIOS Y FORESTALES EL ALVA DE BARTOLOME-CUCHARA,ASOCIACION,,,NO HABIDO,BAJA DE OFICIO,2016-08-18,2016-09-01,HUANUCO,LEONCIO PRADO,RUPA-RUPA,LOTE. 13 CAS. BARTOLOME HERRERA (A 5 KM DE CASERIO VENENILLO-ANTES BARTOL),,,SIN ACTIVIDAD,"SERVICIOS AGRICOLAS, GANADERAS.",,,NO,,,,,2026-09-19T21:49:12.014Z
20573260008,COOPERATIVA AGRARIA AUCAYACU,"COOPERATIVAS, SAIS, CAPS",,AUCACOOP,HABIDO,ACTIVO,2014-05-14,2014-06-01,HUANUCO,LEONCIO PRADO,JOSE CRESPO Y CASTILLO,CAR. CARRETERA MARGINAL NRO. S/N CENT AUCAYACU (EN EL OVALO CASA DE 1 PISO),,,SIN ACTIVIDAD,VTA.  MAY. DE MATERIAS PRIMAS AGROPEC.,"ELAB. CACAO, CHOCOLATE Y CONFIT.",OTRAS ACTIVIDADES EMPRESARIALES NCP.,NO,"SI, incorporado al Régimen de Buenos Contribuyentes (Resolución N° 1930050007865) a partir del 01/02/2022",,,,2026-09-19T21:42:35.997Z
20573325223,COOPERATIVA AGROINDUSTRIAL APROBAP,"COOPERATIVAS, SAIS, CAPS",,,HABIDO,ACTIVO,2014-10-28,2014-11-01,HUANUCO,LEONCIO PRADO,RUPA-RUPA,LOTE. 5 CAS. PENDENCIA (1 CDRA ANTES INST.EDUC.PENDENCIA NR32493),,,SIN ACTIVIDAD,CULTIVO DE FRUTAS.,,,NO,,,,,2026-09-19T21:44:11.515Z
20573330651,CENTRAL DE PRODUCTORES AGROPECUARIOS DEL VALLE AGRICOLA DE PAUCARTAMBO - PASCO,ASOCIACION,,CEPROVAPP,HABIDO,ACTIVO,2014-11-10,2014-11-10,PASCO,PASCO,PAUCARTAMBO,JR. 28 DE JULIO NRO. S/N C.P. ANEXO AGOMARCA (01 CUADRA DE LA CAPILLA DE AGOMARCA),,,SIN ACTIVIDAD,CULTIVO DE FRUTAS.,,,NO,,,,,2026-09-19T21:40:58.666Z
20573344791,ASOCIACION AGROECOLOGICO HUANGANAPAMPA,ASOCIACION,,,NO HABIDO,BAJA DE OFICIO,2014-12-12,2015-01-02,HUANUCO,LEONCIO PRADO,RUPA-RUPA,JR. AGUAYTIA NRO. 654 CENT TINGO MARIA (AL COSTADO DE CARPINTERIA CRUZADO),,,SIN ACTIVIDAD,CULTIVO DE FRUTAS.,VTA.  MAY. DE MATERIAS PRIMAS AGROPEC.,,NO,,,,,2026-09-19T21:49:13.930Z
20574602450,COOPERATIVA AGRARIA FRUTOS DEL ANDE,"COOPERATIVAS, SAIS, CAPS",,FRUTOS DEL ANDE,HABIDO,ACTIVO,2013-05-10,2013-05-10,AYACUCHO,HUAMANGA,AYACUCHO,MZA. D LOTE. 7 URB. MARIA PARADO DE BELLIDO,,,EXPORTADOR,CULTIVOS DE CEREALES.,"SERVICIOS AGRICOLAS, GANADERAS.",,NO,,,,,2026-09-19T21:42:35.997Z
20574629226,ASOCIACION DE PRODUCTORES DE QUINUA Y GRANOS ANDINOS DE LA REGION AYACUCHO,ASOCIACION,,,NO HABIDO,BAJA DE OFICIO,2013-07-23,2013-08-01,AYACUCHO,HUAMANGA,TAMBILLO,"NRO. S/N BQ. TAMBOBAMBA (PLAZA PRINCIPAL, FRENTE A LA ESCUELA)",,,SIN ACTIVIDAD,CULTIVOS DE CEREALES.,,,NO,,,,,2026-09-19T21:49:13.930Z
20574660654,ASOCIACION DE PRODUCTORES AGROPECUARIOS UNION TAULLINO,ASOCIACION,,,HABIDO,BAJA DE OFICIO,2024-12-10,2024-12-10,AYACUCHO,HUANCA SANCOS,CARAPO,JR. 28 DE JULIO NRO. S/N,,,SIN ACTIVIDAD,CRIA DE ANIMALES DOMESTICOS.,,,NO,,,,,2026-09-19T21:49:13.930Z
20574683867,ASOCIACION DE PRODUCTORES DE PALTA VALLE TOROBAMBA,ASOCIACION,,,NO HABIDO,BAJA DE OFICIO,2016-11-17,2016-11-17,AYACUCHO,HUAMANGA,SAN JUAN BAUTISTA,MZA. N1 LOTE. 8 LOS OLIVOS (2 CDRAS DE FABRICA DE POSTES),,,SIN ACTIVIDAD,CULTIVO DE HORTALIZAS Y LEGUMBRES.,,,NO,,,,,2026-09-19T21:49:12.014Z
20574716978,ASOCIACION AGROPECUARIOS - MANCHIRI,ASOCIACION,,,HABIDO,ACTIVO,2019-10-16,2019-10-16,AYACUCHO,HUANCA SANCOS,CARAPO,NRO. S/N BQ. MANCHIRI (1CDRA PLAZA PRINCIPAL),,,SIN ACTIVIDAD,CRIA DE ANIMALES DOMESTICOS.,VTA.  MAY. DE MATERIAS PRIMAS AGROPEC.,,NO,,,,,2026-09-19T21:35:37.435Z
20574734011,ASOCIACION DE PRODUCTORES AGROPECUARIOS UNIDOS AL DESARROLLO DE SANTA ROSA,ASOCIACION,,,HABIDO,ACTIVO,2017-04-04,2017-04-04,AYACUCHO,LA MAR,SANTA ROSA,JR. MIGUEL GRAU NRO. 0 PBLO SANTA ROSA SAN FRANC (ESQUE JR GRAU 2 MAYO BODE KATERI),,,SIN ACTIVIDAD,"ELAB. CACAO, CHOCOLATE Y CONFIT.",EXPLOTACION MIXTA.,,NO,,,,,2026-09-19T21:38:03.020Z
20574797013,ASOCIACION DE PRODUCTORES AGROPECUARIOS DE PARAISO CENTRAL,ASOCIACION,,ASPA,HABIDO,ACTIVO,2017-01-26,2017-01-27,CUSCO,LA CONVENCION,PICHARI,MZA. O LOTE. 5 URB. VALLE DORADO (FRTE AL RECREO EL NARANJAL),,,SIN ACTIVIDAD,"SERVICIOS AGRICOLAS, GANADERAS.","ELAB. CACAO, CHOCOLATE Y CONFIT.",EXPLOTACION MIXTA.,NO,,,,,2026-09-19T21:38:03.020Z
20600001109,COOPERATIVA AGRARIA CAFETALERA PRODUCTORA COMERCIAL EXPORTADORA CAFE ANDES AMAZONICOS LTDA,"COOPERATIVAS, SAIS, CAPS",,PROCECAM LTDA,HABIDO,ACTIVO,2014-12-15,2014-12-01,AMAZONAS,UTCUBAMBA,LONYA GRANDE,CAL. LA FLOR DEL CAFE NRO. S/N BAR. EL TOCHAL (AL COSTADO GRIFO SAGRADO CORAZON JESU),,,SIN ACTIVIDAD,CULTIVOS DE CEREALES.,CULTIVO DE FRUTAS.,,NO,,,,,2026-09-19T21:42:35.997Z
20600010086,COOPERATIVA AGRARIA VALLE DEL CUCHARA LTDA,"COOPERATIVAS, SAIS, CAPS",,,HABIDO,ACTIVO,2020-01-21,2020-01-21,HUANUCO,LEONCIO PRADO,RUPA-RUPA,MZA. C LOTE. 14 A.V. BUENOS AIRES (HOSPEDAJE BUENOS AIRES),,,SIN ACTIVIDAD,VTA.  MAY. DE MATERIAS PRIMAS AGROPEC.,"ELAB. CACAO, CHOCOLATE Y CONFIT.",,NO,,,,,2026-09-19T21:44:11.515Z
20600029887,COOPERATIVA AGRARIA INTEGRAL LUZ DE LA ESPERANZA,"COOPERATIVAS, SAIS, CAPS",,,HABIDO,ACTIVO,2017-01-11,2017-01-11,LORETO,MARISCAL RAMON CASTILLA,RAMON CASTILLA,CAL. SIN NOMBRE NRO. S/N C.C. SAN FRANCISCO DE MARICHIN (FRENTE AL LAGO CABALLACOCHA),,,SIN ACTIVIDAD,EXPLOTACION MIXTA.,"ELAB. CACAO, CHOCOLATE Y CONFIT.",,NO,,,,,2026-09-19T21:44:11.515Z
20600122330,COOPERATIVA AGRARIA BIO-ORGANICA CONDESUYOS - COOPABIC,"COOPERATIVAS, SAIS, CAPS",,,NO HABIDO,ACTIVO,2015-02-09,2015-02-10,AREQUIPA,CONDESUYOS,CHUQUIBAMBA,PUYUTO NRO. S/N ANEXO IRAY (ESTACION DE PUYUTO),,,EXPORTADOR,CULTIVOS DE CEREALES.,,,NO,,,,,2026-09-19T21:42:35.997Z
20600146689,COOPERATIVA AGRARIA DE SERVICIOS AGRICOLAS TAMBOPATA CANDAMO,"COOPERATIVAS, SAIS, CAPS",,COOPASER TAMBOPATA CANDAMO,HABIDO,ACTIVO,2015-02-17,2015-02-17,MADRE DE DIOS,TAMBOPATA,TAMBOPATA,JR. ANCASH NRO. 689 A.H. HUERTO FAMILIAR,,,EXPORTADOR,CULTIVOS DE CEREALES.,"ELAB. CACAO, CHOCOLATE Y CONFIT.",,NO,,,,,2026-09-19T21:42:35.997Z
20600161378,COOPERATIVA AGRARIA DE AGRICULTORES HUYRO,"COOPERATIVAS, SAIS, CAPS",,,HABIDO,ACTIVO,2015-02-23,2015-06-01,CUSCO,LA CONVENCION,HUAYOPATA,NRO. S/N SEC. IPAL PIRHUA (F CUENCA PORTILLA CEL.944404104),,,SIN ACTIVIDAD,"SERVICIOS AGRICOLAS, GANADERAS.",ELAB DE OTROS PROD. ALIMENTICIOS.,"VTA. MAY. ALIMENTOS, BEBIDAS Y TABACO.",NO,,,,,2026-09-19T21:42:35.997Z
20600164351,COOPERATIVA AGROPECUARIA DE SERVICIOS MULTIPLES EL MISTI SAN ANTONIO DE CHUCA,"COOPERATIVAS, SAIS, CAPS",,COOPAGROSERMULELMISSANCHU,HABIDO,SUSPENSION TEMPORAL,2015-02-24,2015-03-01,AREQUIPA,AREQUIPA,SOCABAYA,AV. PAISAJISTA NRO. 511 URB. BELLAPAMPA,,,SIN ACTIVIDAD,OTROS TIPOS DE VENTA POR MENOR.,,,NO,,,,,2026-09-19T21:49:13.930Z
20600167384,CONSORCIO DE PRODUCTORES ORGANICOS DEL ANDE LIBERTEÑO,ASOCIACION,,,HABIDO,BAJA DE OFICIO,2020-12-24,2020-12-01,LA LIBERTAD,SANCHEZ CARRION,HUAMACHUCO,JR. INDEPENDENCIA NRO. 667,,,SIN ACTIVIDAD,"SERVICIOS AGRICOLAS, GANADERAS.",,,NO,,,,,2026-09-19T21:49:12.014Z
20600188616,CORPORACION LA BODEGUILLA S.A.C.,SOCIEDAD ANONIMA CERRADA,,,HABIDO,ACTIVO,2015-03-04,2015-03-01,MOQUEGUA,MARISCAL NIETO,SAN ANTONIO,OTR. FUNDO LA BODEGUILLA - EL NRO. S/N,,,SIN ACTIVIDAD,ELAB DE PRODUCTOS LACTEOS.,,,NO,,,,,2026-09-19T21:44:11.515Z
20600200756,COOPERATIVA AGRARIA CAFETALERA MONTAÑA AZUL LTDA. - COOPACMA,"COOPERATIVAS, SAIS, CAPS",,COOPACMA,HABIDO,ACTIVO,2015-03-09,2015-06-01,AMAZONAS,UTCUBAMBA,LONYA GRANDE,JR. JR. SAN FRANCISCO DE ASIS NRO. 240 OTR. LONYA GRANDE (UNA CUADRA PLAZA PRINCIPAL LONYA GRANDE),,,EXPORTADOR,CULTIVOS DE CEREALES.,"SERVICIOS AGRICOLAS, GANADERAS.",,NO,,,,,2026-09-19T21:42:35.997Z
20600235444,COOPERATIVA AGRARIA QUEROHUAMBOS,"COOPERATIVAS, SAIS, CAPS",,,HABIDO,ACTIVO,2015-03-20,2015-05-01,CAJAMARCA,CHOTA,QUEROCOTO,JR. RICARDO PALMA NRO. 280 CENTRO QUEROCOTO,,,SIN ACTIVIDAD,"SERVICIOS AGRICOLAS, GANADERAS.",ELAB DE PRODUCTOS LACTEOS.,,NO,,,,,2026-09-19T21:44:11.515Z
20600250397,ASOCIACION DE PRODUCTORES DE PALTA DE MOQUEGUA PARA EXPORTACION - APPALMEX,ASOCIACION,,,HABIDO,BAJA DE OFICIO,2018-06-14,2018-06-14,MOQUEGUA,MARISCAL NIETO,MOQUEGUA,CAL. HUANCAVELICA NRO. 240 (CERCA PRIMERA CDRA CALLE LIMA),,,SIN ACTIVIDAD,ACTIVIDADES OTRAS ASOCIACIONES NCP.,,,NO,,,,,2026-09-19T21:49:13.930Z
20600256808,COOPERATIVA AGRARIA REVERENDO PADRE GERARDO COTE-UCAYALI COOPAGRA RPGC-UCAYALI,"COOPERATIVAS, SAIS, CAPS",,,HABIDO,ACTIVO,2015-03-27,2015-07-01,UCAYALI,CORONEL PORTILLO,CALLERIA,JR. LETICIA NRO. 329 URB. CERCADO DE PUCALLPA,,,SIN ACTIVIDAD,CULTIVO DE FRUTAS.,EXPLOTACION MIXTA.,VTA.  MAY. DE MATERIAS PRIMAS AGROPEC.,NO,,,,,2026-09-19T21:44:11.515Z
20600263286,ASOCIACIÓN DE PRODUCTORES SELVA NORORIENTAL,ASOCIACION,,APROSELVANOR,HABIDO,ACTIVO,2015-03-31,2015-04-01,SAN MARTIN,MOYOBAMBA,MOYOBAMBA,CAR. FERNANDO BELAUNDE TERRY LOTE. 1A2 C.P. PERLA DE INDAÑE,,,EXPORTADOR,VTA.  MAY. DE MATERIAS PRIMAS AGROPEC.,,,NO,,"NO, Excluido del Régimen de Agentes de Retención de IGV a partir del 01/02/2026",,,2026-09-19T21:40:58.666Z
20600276221,COOPERATIVA AGRARIA VALLE FORTALEZA - COAVAF,"COOPERATIVAS, SAIS, CAPS",,COAVAF,HABIDO,ACTIVO,2015-04-07,2015-04-07,ANCASH,BOLOGNESI,ANTONIO RAYMONDI,CAR. PISTA HUARAZ PATIVILCA 00 NRO. S/N C.P. RAQUIA,,,SIN ACTIVIDAD,"SERVICIOS AGRICOLAS, GANADERAS.",VTA.  MIN. OTROS PRODUCTOS EN ALMACEN.,,NO,,,,,2026-09-19T21:44:11.515Z
20600325478,COOPERATIVA AGRARIA JALCA VERDE,"COOPERATIVAS, SAIS, CAPS",,,HABIDO,ACTIVO,2015-04-24,2015-05-01,CAJAMARCA,CAJAMARCA,CAJAMARCA,NRO. SN C.P. YANACANCHA GRANDE - CASER,,,SIN ACTIVIDAD,OTRAS ACTIVIDADES DE TRANSPORTES.,EXPLOTACION MIXTA.,,NO,,,,,2026-09-19T21:44:11.515Z
20600366468,ASOCIACION UNION FORESTAL DE TARA - ASOC. UNION FORESTAL DE TARA,ASOCIACION,,,HABIDO,ACTIVO,2023-10-12,2024-08-08,TACNA,JORGE BASADRE,LOCUMBA,CAL. MIRAVE MZA. 19 LOTE. 06 C.P. PAMPA SITANA (ESPALDAS DEL RESTAURANT EL COLORADO),,,SIN ACTIVIDAD,ACTIVIDADES OTRAS ASOCIACIONES NCP.,,,NO,,,,,2026-09-19T21:40:58.666Z
20600370619,COOPERATIVA AGRARIA ALTO ANDINA CHUGAY,"COOPERATIVAS, SAIS, CAPS",,COOPANDINA-CHUGAY,HABIDO,ACTIVO,2015-05-13,2015-05-13,LA LIBERTAD,SANCHEZ CARRION,CHUGAY,NRO. SN SEC. CHUGAY CENTRO (PLAZA DE ARMAS TIENDA INSUMOS AGRICOLAS),,,SIN ACTIVIDAD,EXPLOTACION MIXTA.,VTA.  MIN. OTROS PRODUCTOS EN ALMACEN.,CULTIVOS DE CEREALES.,NO,,,,,2026-09-19T21:42:35.997Z
20600382064,COOPERATIVA AGRARIA ECOLOGICA AGROINDUSTRIAL DE CURIMANA LTDA.,"COOPERATIVAS, SAIS, CAPS",,CHOCOCURI,HABIDO,ACTIVO,2015-05-18,2015-05-18,UCAYALI,PADRE ABAD,CURIMANA,JR. BARBARAN SHARFF MZA. 36 LOTE. 06 (A UNA CASA MANO DERECHA),,,SIN ACTIVIDAD,"ELAB. CACAO, CHOCOLATE Y CONFIT.",CULTIVO DE FRUTAS.,EXPLOTACION MIXTA.,NO,,,,,2026-09-19T21:42:35.997Z
20600384016,CENTRAL DE PRODUCTORES AGROPECUARIOS SAN CRISTOBAL DE QUIPARACRA - PASCO,ASOCIACION,,,HABIDO,ACTIVO,2019-05-17,2019-05-17,PASCO,PASCO,HUACHON,NRO. S/N C.P. QUIPARACRA (FRENTE A LA I.E. INCIAL CENTENERARIO),,,SIN ACTIVIDAD,EXPLOTACION MIXTA.,,,NO,,,,,2026-09-19T21:40:58.666Z
20600390911,COOPERATIVA AGRARIA DE CACAO AROMATICO COLPA DE LOROS,"COOPERATIVAS, SAIS, CAPS",,CAC COLPA DE LOROS,HABIDO,ACTIVO,2015-05-21,2015-05-08,UCAYALI,PADRE ABAD,NESHUYA,CAR. FEDERICO BASADRE KM. 66,,,IMPORTADOR/EXPORTADOR,CULTIVO DE FRUTAS.,,,NO,,,,,2026-09-19T21:42:35.997Z
20600444540,ASOCIACION DE PRODUCTORES DE CHIRIMOYA LUCUMAY,ASOCIACION,,,HABIDO,ACTIVO,2025-05-23,2025-05-23,LIMA,HUAROCHIRI,SAN MATEO DE OTAO,LOTE. 25 PLAZA COM SAN JUAN DE LAN,,,SIN ACTIVIDAD,ACTIVIDADES OTRAS ASOCIACIONES NCP.,,,NO,,,,,2026-09-19T21:40:58.666Z
20600446321,ASOCIACION DE PRODUCTORES AGROPECUARIOS DE PALTAYPATA ABANCAY,ASOCIACION,,,HABIDO,ACTIVO,2020-08-10,2020-08-17,APURIMAC,ABANCAY,ABANCAY,COMUNIDAD MICAELA BASTIDA NRO. SN SEC. PALTAYPATA,,,SIN ACTIVIDAD,"SERVICIOS AGRICOLAS, GANADERAS.",,,NO,,,,,2026-09-19T21:38:03.020Z
20600464915,ASOCIACIÓN TAJIMAT,ASOCIACION,,,HABIDO,ACTIVO,2023-08-09,2023-08-09,SAN MARTIN,RIOJA,AWAJUN,NRO. REF COM. NATIVA RIO SORITOR (AWAJUN),,,SIN ACTIVIDAD,ACTIVIDADES OTRAS ASOCIACIONES NCP.,EXPLOTACION MIXTA.,,NO,,,,,2026-09-19T21:40:58.666Z
20600483073,COOPERATIVA AGRARIA MAIKU MARKA-ACORA,"COOPERATIVAS, SAIS, CAPS",,,HABIDO,SUSPENSION TEMPORAL,2015-06-25,2015-07-01,PUNO,PUNO,PUNO,"URB. CHANU CHANU (I ETAPA, CRUCE DE AV.EJERCITO Y AV CIR)",,,IMPORTADOR/EXPORTADOR,"SERVICIOS AGRICOLAS, GANADERAS.",,,NO,,,,,2026-09-19T21:49:13.930Z
20600490347,ASOCIACION DE PRODUCTORES AGROPECUARIOS AGROINDUSTRIALES - CIPEN,ASOCIACION,,,HABIDO,BAJA DE OFICIO,2019-03-14,2019-03-14,LA LIBERTAD,OTUZCO,AGALLPAMPA,CSRIO.CESAR VALLEJO NRO. 17 CAS. CESAR VALLEJO (A 100 METROS DEL COLEGIO CESAR VALLEJO),,,SIN ACTIVIDAD,ACTIVIDADES OTRAS ASOCIACIONES NCP.,,,NO,,,,,2026-09-19T21:49:12.014Z
20600515412,ASOCIACION NUEVO TRIUNFO DE QUINUAPATA,ASOCIACION,,,HABIDO,BAJA DE OFICIO,2019-09-19,2019-09-19,HUANCAVELICA,HUAYTARA,PILPICHACA,INGAHUASI MZA. L LOTE. 05 C.P. INGAHUASI (S 76896877 FRENTE PLAZA PRINCIPAL),,,SIN ACTIVIDAD,ACTIVIDADES OTRAS ASOCIACIONES NCP.,,,NO,,,,,2026-09-19T21:49:13.930Z
20600523652,ASOCIACION AGROPECUARIA ATALAMBRA-LURICOCHA-HUANTA,ASOCIACION,,,HABIDO,ACTIVO,2021-05-13,2021-05-13,AYACUCHO,HUANTA,HUANTA,NRO. S/N PAGO ATALAMBRA (JR. CENTENARIO S/N- 1 CDRA DE LA ESCUELA),,,SIN ACTIVIDAD,EXPLOTACION MIXTA.,,,NO,,,,,2026-09-19T21:35:37.435Z
20600529693,AGRO ASOCIACION Y SERVICIOS TINKUY,ASOCIACION,,,HABIDO,BAJA DE OFICIO,2021-07-06,2021-07-06,AYACUCHO,HUANTA,LLOCHEGUA,NRO. S/N NUEVA ESPERANZA BAJA (POR EL PARQUE),,,SIN ACTIVIDAD,VTA.  MAY. DE MATERIAS PRIMAS AGROPEC.,"ELAB. CACAO, CHOCOLATE Y CONFIT.",,NO,,,,,2026-09-19T21:49:13.930Z
20600534298,ASOCIACION CULTIAGRO EXPORT LA JOYA NUEVA GENERACION,ASOCIACION,,,HABIDO,ACTIVO,2015-07-17,2016-01-02,AREQUIPA,AREQUIPA,LA JOYA,MZA. -- LOTE. 34-1 C.P. LATERAL 1 (200 METROS DEL DESVIO DEL RAMAL CRUCE),,,SIN ACTIVIDAD,CULTIVO DE FRUTAS.,,,NO,,,,,2026-09-19T21:35:37.435Z
20600558715,COOPERATIVA AGRARIA KIWICHA WAYI LTDA,"COOPERATIVAS, SAIS, CAPS",,,HABIDO,ACTIVO,2015-07-31,2016-01-12,ANCASH,HUAYLAS,CARAZ,CAL. JABON RUMI NRO. S/N BAR. JABON RUMI (MISMO CRUCE O SEMAFORO),,,SIN ACTIVIDAD,CULTIVO DE HORTALIZAS Y LEGUMBRES.,CULTIVOS DE CEREALES.,ELAB. DE PRODUCTOS DE MOLINERIA.,NO,,,,,2026-09-19T21:44:11.515Z
20600588355,COOPERATIVA AGROECOLOGICA GRANO ANDINO DISTRITO DE SARTIMBAMBA COOP GRANO ANDINO,"COOPERATIVAS, SAIS, CAPS",,,HABIDO,ACTIVO,2015-08-12,2015-08-12,LA LIBERTAD,SANCHEZ CARRION,HUAMACHUCO,JR. LOS PAJARITOS NRO. 247 PUEBLO HUAMACHUCO (A ESPALDA DE MINISTERIO DE AGRICULTURA),,,IMPORTADOR/EXPORTADOR,CULTIVOS DE CEREALES.,,,NO,,,,,2026-09-19T21:44:11.515Z
20600588851,ASOCIACION DE PRODUCTORES AGROPECUARIOS DEL VALLE DE VISTA ALEGRE - PARIAHUANCA,ASOCIACION,,,HABIDO,SUSPENSION TEMPORAL,2015-08-13,2015-11-01,JUNIN,HUANCAYO,PARIAHUANCA,CAR. PRINCIPAL NRO. SN ANX. VISTA ALEGRE (EN CASA COMUNAL- COSTADO DE JARDIN),,,SIN ACTIVIDAD,OTRAS ACTIVIDADES DE TRANSPORTES.,CULTIVO DE FRUTAS.,,NO,,,,,2026-09-19T21:49:13.930Z
20600594843,ASOCIACION DE PRODUCTORES AGROPECUARIOS EL PALTO FRONDOSO,ASOCIACION,,,HABIDO,ACTIVO,2015-08-14,2015-10-01,HUANCAVELICA,HUAYTARA,HUAYTARA,ANEXO MUCHIC NRO. S/N (VIA LIBERTADORES KM 101- CERCA A PLAZA),,,SIN ACTIVIDAD,"SERVICIOS AGRICOLAS, GANADERAS.",,,NO,,,,,2026-09-19T21:38:03.020Z
20600604580,ASOCIACION PRODUCTORES PALTA HASS EL PORVENIR HUARACANE,ASOCIACION,,,HABIDO,ACTIVO,2015-08-19,2015-08-19,MOQUEGUA,MARISCAL NIETO,MOQUEGUA,APV JOSE OLAYA MZA. L LOTE. 29 P.J. SAN FRANCISCO (CERCA A ESSALUD),,,SIN ACTIVIDAD,CULTIVO DE FRUTAS.,"SERVICIOS AGRICOLAS, GANADERAS.",EXPLOTACION MIXTA.,NO,,,,,2026-09-19T21:40:58.666Z
20600668430,COOPERATIVA AGRARIA DEL CENTRO POBLADO DE BELLA BAJO MONZON,"COOPERATIVAS, SAIS, CAPS",,CAI BELLA,HABIDO,ACTIVO,2015-09-15,2015-12-01,HUANUCO,LEONCIO PRADO,MARIANO DAMASO BERAUN,CAR. MONZON MZA. C LOTE. 0 C.P. BELLA (FRENTE AL COLEGIO MANUEL PARDO UGARTECHE),,,SIN ACTIVIDAD,"ELAB. CACAO, CHOCOLATE Y CONFIT.",VTA.  MAY. DE MATERIAS PRIMAS AGROPEC.,,NO,,,,,2026-09-19T21:42:35.997Z
20600675487,ASOCIACION DE PRODUCTORES AGROPECUARIOS Y FORESTALES NUEVA URBANIZACION DE HUALLATA,ASOCIACION,,,HABIDO,ACTIVO,2015-09-17,2015-11-12,AYACUCHO,CANGALLO,LOS MOROCHUCOS,NRO. 26 SEC. ALLPAORCCUNA (S.75294534-PARADERO DE HUALLATA),,,SIN ACTIVIDAD,CULTIVOS DE CEREALES.,ELAB. DE PRODUCTOS DE MOLINERIA.,,NO,,,,,2026-09-19T21:40:58.666Z
20600682386,ASOCIACION DE PRODUCTORES AGROPECUARIOS VALLE VERDE DE RODRIGUEZ DE MENDOZA,ASOCIACION,,,HABIDO,ACTIVO,2015-09-21,2015-11-01,AMAZONAS,RODRIGUEZ DE MENDOZA,SAN NICOLAS,AV. JUAN PARDO DE MIGUEL NRO. 635,,,SIN ACTIVIDAD,EXPLOTACION MIXTA.,ELAB DE OTROS PROD. ALIMENTICIOS.,,NO,,"NO, Excluido del Régimen de Agentes de Retención de IGV a partir del 01/02/2026",,,2026-09-19T21:38:03.020Z
20600690184,EMPRESA AGROINDUSTRIAL Y SERVICIOS GENERALES EL PARAISO S.A.,SOCIEDAD ANONIMA,,EMASGEPSA,HABIDO,ACTIVO,2015-09-23,2015-10-01,AREQUIPA,CAYLLOMA,MAJES,NRO. S/N ASENT. E3 ERIAZO E2-E3 EL (HOSPITAL CENTRAL MAJES MEDIO KM ARRIBA),,,SIN ACTIVIDAD,ELAB DE PRODUCTOS LACTEOS.,OTRAS ACTIVIDADES EMPRESARIALES NCP.,,NO,,,,,2026-09-19T21:44:11.515Z
20600717244,COOPERATIVA AGRARIA RENACER ANDINO,"COOPERATIVAS, SAIS, CAPS",,RENACER ANDINO,HABIDO,ACTIVO,2015-10-06,2015-11-01,CAJAMARCA,SANTA CRUZ,PULAN,NRO. S/N DPTO. -- CAS. LA ZANJA (KM0.7 CARR LA ZANJA - CRU.LACASCARILLA),,,SIN ACTIVIDAD,CRIA DE GANADO.,ELAB DE PRODUCTOS LACTEOS.,,NO,,,,,2026-09-19T21:44:11.515Z
20600717902,COOPERATIVA AGRARIA AGROPIA LTDA,"COOPERATIVAS, SAIS, CAPS",,COOPERATIVA AGROPIA,HABIDO,ACTIVO,2015-10-06,2015-10-12,JUNIN,HUANCAYO,SAPALLANGA,CAL. CAHUIDE NRO. S/N BAR. TRES ESQUINAS,,,IMPORTADOR/EXPORTADOR,"ELAB. FRUTAS, LEG. Y HORTALIZAS.","VTA. MAY. ALIMENTOS, BEBIDAS Y TABACO.",VTA.  MAY. DE MATERIAS PRIMAS AGROPEC.,NO,,,,,2026-09-19T21:42:35.997Z
20600719361,ASOCIACION AGROECOLOGICA AVANCC,ASOCIACION,,AVANCE,NO HABIDO,BAJA DE OFICIO,2015-10-06,2015-11-01,JUNIN,CHANCHAMAYO,PICHANAQUI,AV. MICAELA BASTIDAS NRO. 663 (FRENTE A AGROBANCO),,,SIN ACTIVIDAD,CULTIVO DE FRUTAS.,,,NO,,,,,2026-09-19T21:49:12.014Z
20600720733,COOPERATIVA AGRARIA VALLE DEL MONZON CAV MONZON,"COOPERATIVAS, SAIS, CAPS",,CAV MONZÓN,HABIDO,ACTIVO,2015-10-07,2015-10-07,HUANUCO,HUAMALIES,MONZON,JR. ANTONIO RAIMONDI NRO. 41-0 C.P. CACHICOTO (COSTADO DE ESTADIO CACHICOTO),,,SIN ACTIVIDAD,"ELAB. CACAO, CHOCOLATE Y CONFIT.","RESTAURANTES, BARES Y CANTINAS.",,NO,,,,,2026-09-19T21:44:11.515Z
20600726596,ASOCIACION DE PRODUCTORES AGROPECUARIOS DE LA PLANTA SAN FRANCISCO SINTIMAYO,ASOCIACION,,,HABIDO,BAJA DE OFICIO,2024-10-04,2024-10-04,PUNO,LAMPA,PUCARA,MZA. A LOTE. 70 SEC. MILLUNI,,,SIN ACTIVIDAD,VTA.  MAY. DE MATERIAS PRIMAS AGROPEC.,,,NO,,,,,2026-09-19T21:49:13.930Z
20600727363,COORDINADORA DE PRODUCTORES DE CUYES VALLE DEL MANTARO PROCUY MANTARO,ASOCIACION,,,HABIDO,BAJA DE OFICIO,2021-07-09,2021-07-09,JUNIN,JAUJA,ATAURA,JR. RICARDO PALMA NRO. 110 (S69949255-ALT KM 85 CARRETERA CENTRAL),,,SIN ACTIVIDAD,ACTIVIDADES OTRAS ASOCIACIONES NCP.,,,NO,,,,,2026-09-19T21:49:12.014Z
20600785541,"""ASOCIACION DE PRODUCTORES CAFETALEROS ANDINOS SIERRA VERDE""",ASOCIACION,,,HABIDO,ACTIVO,2015-11-04,2016-03-01,CAJAMARCA,JAEN,JAEN,VIA. CARRETERA JAEN-SAN IGNACI NRO. S/N SEC. SECTOR LINDEROS,,,EXPORTADOR,EXPLOTACION MIXTA.,,,NO,,"NO, Excluido del Régimen de Agentes de Retención de IGV a partir del 01/02/2026",,,2026-09-19T21:35:37.435Z
20600796055,ASOCIACION MULTI PRODUCTORES LA PROSPERIDAD DE VALLE PICHANAKI - APROVE PICHANAKI,ASOCIACION,,,HABIDO,BAJA DE OFICIO,2015-11-09,2015-11-09,JUNIN,CHANCHAMAYO,PERENE,CAL. LAS ACASIAS MZA. G LOTE. 05 URB. NUEVA ESPERANZA (A 4 CUADRAS DE AV MARGINAL),,,IMPORTADOR/EXPORTADOR,CULTIVOS DE CEREALES.,,,NO,,,,,2026-09-19T21:49:13.930Z
20600796268,ASOCIACION DE CRIADORES DE ALPACA Y LLAMAS SPAR PITUMARCA,ASOCIACION,,,HABIDO,BAJA DE OFICIO,2015-11-09,2015-12-01,CUSCO,CANCHIS,PITUMARCA,AV. SAN MARTIN NRO. 103 (COSTADO IGLESIA SAN MIGUEL),,,SIN ACTIVIDAD,CRIA DE ANIMALES DOMESTICOS.,,,NO,,,,,2026-09-19T21:49:12.014Z
20600796683,ASOCIACION DE PRODUCTORES DE CACAO SAN FRANCISCO MADRE DE DIOS,ASOCIACION,,,HABIDO,ACTIVO,2015-11-09,2015-11-09,MADRE DE DIOS,TAMBOPATA,TAMBOPATA,JR. MOQUEGUA NRO. 710 (FRENTE AL HOSTAL IMPERIO),,,SIN ACTIVIDAD,"ELAB. CACAO, CHOCOLATE Y CONFIT.","PESCA, EXPLOT. CRIADEROS DE PECES.",CULTIVOS DE CEREALES.,NO,,,,,2026-09-19T21:40:58.666Z
20600796721,ASOCIACIÓN DE PRODUCTORES AMAZONAS - ALTO MAYO,ASOCIACION,,APROMAYO,HABIDO,ACTIVO,2015-11-09,2015-11-09,SAN MARTIN,MOYOBAMBA,SORITOR,AV. CAJAMARCA MZA. 28 LOTE. 07A URB. JOSE GALVEZ (A TRES CUADRAS DE ESCUELA JOSE GALVEZ),,,SIN ACTIVIDAD,EXPLOTACION MIXTA.,,,NO,,,,,2026-09-19T21:40:58.666Z
20600801661,COPAISEG SAN ROMAN LTDA,"COOPERATIVAS, SAIS, CAPS",,,HABIDO,ACTIVO,2024-12-06,2024-12-06,PUNO,SAN ROMAN,CABANA,CAM. PANAMERICANA SUR KM 20 KM. 278 SEC. CUINCHACA.,,,SIN ACTIVIDAD,ELAB. DE PRODUCTOS DE MOLINERIA.,CULTIVOS DE CEREALES.,,NO,,,,,2026-09-19T21:44:11.515Z
20600836995,ASOCIACION DE PRODUCTORES AGROPECUARIOS SAN RAFAEL DE PIPISH CHALLANA - CHINCHAO,ASOCIACION,,,HABIDO,ACTIVO,2015-11-25,2016-06-01,HUANUCO,HUANUCO,CHINCHAO,MZA. A LOTE. 11 CAS. CARACOL (CARRET.HCO TINGO KM.69-LLAMAR 962096484),,,SIN ACTIVIDAD,EXPLOTACION MIXTA.,OTROS TIPOS DE VENTA AL POR MENOR.,,NO,,,,,2026-09-19T21:38:03.020Z
20600838947,PRODUCTOS LACTEOS AREQUIPA S.A.,SOCIEDAD ANONIMA,,,HABIDO,ACTIVO,2015-11-26,2015-11-26,AREQUIPA,CAYLLOMA,MAJES,PARCELA NRO. S/N ASENTAMIENTO B-3 (CAL ASPAM),,,SIN ACTIVIDAD,ELAB DE PRODUCTOS LACTEOS.,,,NO,,,,,2026-09-19T21:44:11.515Z
20600862074,ASOCIACIÓN DE PRODUCTORES DE MANZANO ORGANICO DEL DISTRITO DE PARIACOTO,ASOCIACION,,,HABIDO,ACTIVO,2015-12-07,2016-04-15,ANCASH,HUARAZ,PARIACOTO,JR. SAN MARTIN NRO. 217,,,SIN ACTIVIDAD,"SERVICIOS AGRICOLAS, GANADERAS.",,,NO,,,,,2026-09-19T21:40:58.666Z
20600874919,COOPERATIVA AGRARIA DE LA INTER OCEANICA LIMITADA,"COOPERATIVAS, SAIS, CAPS",,,HABIDO,ACTIVO,2015-12-14,2016-01-01,MADRE DE DIOS,TAMBOPATA,LAS PIEDRAS,LOTE. KM SEC. SANTA TERESA VALLE MADRE (CERCA DEL FUNDO ARAGON),,,SIN ACTIVIDAD,EXPLOTACION MIXTA.,VTA.  MAY. DE MATERIAS PRIMAS AGROPEC.,,NO,,,,,2026-09-19T21:42:35.997Z
20600920597,COOPERATIVA AGRARIA YURAQ YAKU - CAG YURAQ YAKU,"COOPERATIVAS, SAIS, CAPS",,,HABIDO,ACTIVO,2016-01-07,2016-02-16,AYACUCHO,LA MAR,ANCHIHUAY,NRO. S/N BAR. RUYACC YACU (COSTADO PLAZA PRINCIPAL),,,IMPORTADOR/EXPORTADOR,"VTA. MAY. ALIMENTOS, BEBIDAS Y TABACO.","RESTAURANTES, BARES Y CANTINAS.","ELAB. CACAO, CHOCOLATE Y CONFIT.",NO,,,,,2026-09-19T21:44:11.515Z
20600964080,ASOCIACION DE AGRICULTORES KERGUERANOS,ASOCIACION,,,HABIDO,ACTIVO,2024-11-21,2024-12-01,LAMBAYEQUE,LAMBAYEQUE,SALAS,MZA. A LOTE. SN SERUR KERGUER (EN PARADERO DE KERGUER),,,SIN ACTIVIDAD,"SERVICIOS AGRICOLAS, GANADERAS.",,,NO,,,,,2026-09-19T21:35:37.435Z
20600998847,COOPERATIVA AGROINDUSTRIAL TIERRA ANDINA APURIMAC LTDA - CATAA LTDA,"COOPERATIVAS, SAIS, CAPS",,,HABIDO,SUSPENSION TEMPORAL,2016-02-10,2016-05-01,APURIMAC,ANDAHUAYLAS,ANDAHUAYLAS,AV. SESQUICENTENARIO NRO. SN (FT RECREO AÑA ÑAU C2P PORTON ROJO),,,SIN ACTIVIDAD,VTA.  MAY. DE MATERIAS PRIMAS AGROPEC.,,,NO,,,,,2026-09-19T21:49:12.014Z
20601006368,COOPERATIVA AGRARIA DE SERVICIOS MULTIPLES SUR ANDINO - COOPSUR,"COOPERATIVAS, SAIS, CAPS",,,HABIDO,ACTIVO,2016-02-12,2016-03-01,APURIMAC,ANDAHUAYLAS,SAN JERONIMO,NRO. SN C.P. POLTOCSA (LETRERO 7CAS ABAJO C2P SRA.NEVISA),,,SIN ACTIVIDAD,"SERVICIOS AGRICOLAS, GANADERAS.",ALQUILER OTROS TIPOS MAQ.Y EQUI. NCP.,,NO,,,,,2026-09-19T21:42:35.997Z
20601022444,CORPORACION GANADERA RAMIREZ SOCIEDAD ANONIMA CERRADA,SOCIEDAD ANONIMA CERRADA,,,HABIDO,ACTIVO,2016-02-18,2016-02-18,PUNO,SAN ROMAN,JULIACA,JR. ICA NRO. 141 (A CDRA Y MEDIA DE LA PLAZA DE ARMAS),,,SIN ACTIVIDAD,CRIA DE GANADO.,ELAB DE PRODUCTOS LACTEOS.,,NO,,,,,2026-09-19T21:44:11.515Z
20601041830,ASOCIACION DE MUJERES PRODUCTORAS DE FLOR BLANCA,ASOCIACION,,,HABIDO,ACTIVO,2019-12-30,2020-01-01,HUANCAVELICA,ACOBAMBA,ROSARIO,NRO. SN ANX. TORORUMI (A 1 CDRA DE I.E. INICIAL 608-S70715606),,,SIN ACTIVIDAD,EXPLOTACION MIXTA.,"VTA.  MIN. ALIMENTOS, BEBIDAS, TABACO.",VTA. MIN. ARTICULOS DE FERRETERIA.,NO,,,,,2026-09-19T21:35:37.435Z
20601043212,ASOCIACION AGROPECUARIA JATUN ÑAN-CCARHUANCHO,ASOCIACION,,,HABIDO,BAJA DE OFICIO,2016-02-26,2016-03-01,HUANCAVELICA,HUANCAVELICA,HUANCAVELICA,JR. CHANQUILCOCHA NRO. S/N URB. CHANQUILCOCHA (S 70669263 ALTURA SEMINARIO MENOR),,,SIN ACTIVIDAD,CRIA DE ANIMALES DOMESTICOS.,,,NO,,,,,2026-09-19T21:49:13.930Z
20601067146,COOPERATIVA AGRARIA INDUSTRIAL MONTE ALEGRE - REGION UCAYALI (CAIMARU),"COOPERATIVAS, SAIS, CAPS",,,HABIDO,SUSPENSION TEMPORAL,2016-03-08,2016-03-08,UCAYALI,PADRE ABAD,NESHUYA,JR. LOLO FERNANDEZ MZA. 18 LOTE. 15 U.V. BUENOS AIRES (FRENTE ESTADIO DE NESHUYA-PORTON AZUL),,,SIN ACTIVIDAD,CULTIVOS DE CEREALES.,,,NO,,,,,2026-09-19T21:49:13.930Z
20601074843,ASOCIACION DE MUJERES ALLIN LLAMKAY,ASOCIACION,,,HABIDO,BAJA PROV. POR OFICIO,2025-06-06,2025-06-06,HUANCAVELICA,ACOBAMBA,ACOBAMBA,AV. 27 DE SETIEMBRE NRO. SN C.C. TUPAC AMARU DE POMAVILCA (S.70719383- A 1.5 CDRS DEL PST DE SALUD),,,SIN ACTIVIDAD,EXPLOTACION MIXTA.,CONSTRUCCION EDIFICIOS COMPLETOS.,,NO,,,,,2026-09-19T21:49:13.930Z
20601106699,COOPERATIVA AGRARIA DE PRODUCTOS BIO ORGANICOS Y GRANOS ANDINOS DE VIRACO - COOPRORGANIC,"COOPERATIVAS, SAIS, CAPS",,,HABIDO,ACTIVO,2016-03-23,2016-04-01,AREQUIPA,CASTILLA,VIRACO,CAL. HERMENEGILDO GUZMÁN MZA. O LOTE. 5 (A 30 METROS DE LA PLAZA GRAU),,,SIN ACTIVIDAD,VTA.  MAY. DE MATERIAS PRIMAS AGROPEC.,"SERVICIOS AGRICOLAS, GANADERAS.",,NO,,,,,2026-09-19T21:42:35.997Z
20601119316,COOPERATIVA DE PRODUCTORES DE CACAO FINO Y DE AROMA,"COOPERATIVAS, SAIS, CAPS",,,HABIDO,ACTIVO,2016-03-31,2016-04-01,UCAYALI,PADRE ABAD,PADRE ABAD,CAR. FEDERICO BASADRE MZA. I LOTE. 1 CAS. EL AGUAJAL (KM 140 DE LA CARR. FEDERICO BASADRE),,,SIN ACTIVIDAD,VTA.  MAY. DE MATERIAS PRIMAS AGROPEC.,"RESTAURANTES, BARES Y CANTINAS.",,NO,,,,,2026-09-19T21:44:11.515Z
20601125715,COOPERATIVA AGRARIA ECOLOGICA MARKAHUAMACHUCO,"COOPERATIVAS, SAIS, CAPS",,COOP ECO MARKA,HABIDO,ACTIVO,2016-04-04,2016-05-01,LA LIBERTAD,SANCHEZ CARRION,HUAMACHUCO,AV. 10 DE JULIO NRO. 702 PBLO. HUAMACHUCO (EN AGENCIA AGRARIA),,,SIN ACTIVIDAD,CULTIVOS DE CEREALES.,CRIA DE ANIMALES DOMESTICOS.,,NO,,,,,2026-09-19T21:42:35.997Z
20601154499,GRUPO ORO MUNDO SOCIEDAD COMERCIAL DE RESPONSABILIDAD LIMITADA - GRUP. OROMUN S.R.L.,SOC.COM.RESPONS. LTDA,,,HABIDO,ACTIVO,2016-04-14,2016-04-20,TACNA,TARATA,ESTIQUE,MZA. G LOTE. 07 C.P. ESTIQUE PUEBLO (ESQUINA DE LA PLAZA PRINCIPAL),,,SIN ACTIVIDAD,VTA.  MAY. DE MATERIAS PRIMAS AGROPEC.,"VTA. MAY. ALIMENTOS, BEBIDAS Y TABACO.",ELAB. DE ACEITE Y GRASAS.,NO,,,,,2026-09-19T21:44:11.515Z
20601186986,COOPERATIVA AGRARIA LOS AMBIENTALISTAS LTDA,"COOPERATIVAS, SAIS, CAPS",,,NO HABIDO,ACTIVO,2016-04-28,2016-05-01,CAJAMARCA,JAEN,JAEN,CAL. SAN IGNACIO DE LOYOLA NRO. S/N SEC. LINDEROS (2 CASAS ANTES D DONOFRIO-2 PISOS-BLANCA),,,SIN ACTIVIDAD,OTROS TIPOS INTERMEDIACION MONETARIA.,,,NO,,,,,2026-09-19T21:44:11.515Z
20601209811,ASOCIACION DE PRODUCTORES AGROPECUARIOS Y DESTILADOS NUEVO HORIZONTE HUALLANCHI - APROAGRHU,ASOCIACION,,,HABIDO,ACTIVO,2026-02-27,2026-03-01,LIMA,HUAROCHIRI,SANTO DOMINGO DE LOS OLLEROS,CAL. SAN JUAN NRO. S/N (A MEDIA CUADRA DE LA IGLESIA SAN PEDRO),,,SIN ACTIVIDAD,ACTIVIDADES OTRAS ASOCIACIONES NCP.,,,NO,,,,,2026-09-19T21:40:58.666Z
20601306485,"ASOCIACION DE PRODUCTORES AGROPECUARIOS MI HUAYLILLAS DEL DISTRITO DE CURGOS, PROVINCIA SANCHEZ CARR",ASOCIACION,,,HABIDO,ACTIVO,2021-01-26,2021-01-25,LA LIBERTAD,SANCHEZ CARRION,CURGOS,CAR. CHOCTAMALCA NRO. 22 CAS. CHOCTAMALCA (FRENTE AL LOCAL DE LA IGLESIA ADVENTISTA),,,SIN ACTIVIDAD,ELAB DE PRODUCTOS LACTEOS.,EXPLOTACION MIXTA.,CULTIVOS DE CEREALES.,NO,,,,,2026-09-19T21:38:03.020Z
20601320348,ASOCIACION DE PRODUCTORES DE PUERTO PERU - APPP,ASOCIACION,,ASOCIACION DE PRODUCTORES DE P,HABIDO,ACTIVO,2016-06-23,2016-06-23,LORETO,ALTO AMAZONAS,YURIMAGUAS,PEDRO ANTONIO PAIMA SINTI MZA. G LOTE. 07 PUERTO PERU (ENTRANDO POR CARRETERA TUPAC),,,SIN ACTIVIDAD,VTA.  MAY. DE MATERIAS PRIMAS AGROPEC.,EXPLOTACION MIXTA.,,NO,,,,,2026-09-19T21:40:58.666Z
20601329159,COOPERATIVA AGRARIA CAFETALERA DE LA NACION YANESHA,"COOPERATIVAS, SAIS, CAPS",,,HABIDO,ACTIVO,2016-06-28,2016-07-01,PASCO,OXAPAMPA,VILLA RICA,NRO. S/N COM. NATIVA ÑAGAZU (AL COSTADO DE LA POSTA MEDICA),,,SIN ACTIVIDAD,VTA.  MIN. OTROS PRODUCTOS EN ALMACEN.,,,NO,,,,,2026-09-19T21:42:35.997Z
20601339090,COOPERATIVA AGROINDUSTRIAL CAFETALERA CACOTERA MONZON LTDA,"COOPERATIVAS, SAIS, CAPS",,,HABIDO,ACTIVO,2016-07-04,2016-07-01,HUANUCO,HUAMALIES,MONZON,MZA. 01 C.P. MONZON (A 1CDRA DE MUNICIPIO-MED.LUZ.NRO.1114188),,,SIN ACTIVIDAD,CULTIVO DE FRUTAS.,,,NO,,,,,2026-09-19T21:44:11.515Z
20601360145,COOPERATIVA AGRARIA DE PRODUCCION ORGANICA SEÑOR DE HUANCA SAN SALVADOR - CAPOSH,"COOPERATIVAS, SAIS, CAPS",,,HABIDO,ACTIVO,2016-07-13,2016-08-01,CUSCO,CALCA,SAN SALVADOR,CAL. CAJAMARCA NRO. 122 (1CDRA PSND PLZA C2P ADOB VIRGILIO CASTIL),,,SIN ACTIVIDAD,OTROS TIPOS DE VENTA POR MENOR.,ELAB. DE PRODUCTOS DE MOLINERIA.,,NO,,,,,2026-09-19T21:42:35.997Z
20601377781,"""COOPERATIVA AGRARIA DE PRODUCTORES DEL DISTRITO DE TAMBILLO""","COOPERATIVAS, SAIS, CAPS",,,HABIDO,ACTIVO,2016-07-21,2016-11-21,AYACUCHO,HUAMANGA,TAMBILLO,NRO. S/N PLAZA PRINCIPAL DE TAMBIL (COSTADO DE LA IGLESIA),,,SIN ACTIVIDAD,VTA.  MAY. DE MATERIAS PRIMAS AGROPEC.,,,NO,,,,,2026-09-19T21:35:37.435Z
20601427541,COOPERATIVA AGRARIA ALPAQUERA DEL SUR LIMITADA - COOPAALSUR LTDA - COOPAALSUR LTDA,"COOPERATIVAS, SAIS, CAPS",,COOPAALSUR,HABIDO,SUSPENSION TEMPORAL,2016-08-15,2016-08-15,CUSCO,QUISPICANCHI,MARCAPATA,CAL. TERMALES NRO. S/N C.C. MARCAPATA CCOLLANA SECTOR (SR.LUIS HUAYHUA EN BAÑOS TERMOMEDICINALS),,,IMPORTADOR/EXPORTADOR,VTA.  MAY. DE MATERIAS PRIMAS AGROPEC.,,,NO,,,,,2026-09-19T21:49:12.014Z
20601460166,"ASOCIACION DE PEQUEÑOS PRODUCTORES AGROPECUARIOS ""25 DE DICIEMBRE""",ASOCIACION,,,HABIDO,BAJA DE OFICIO,2021-04-13,2021-04-13,PUNO,LAMPA,CALAPUJA,SECTOR LAVADERO MZA. A LOTE. 20 COM. CARACARA (AL FRENTE DEL PRONOI LAVADERO),,,SIN ACTIVIDAD,EXPLOTACION MIXTA.,,,NO,,,,,2026-09-19T21:49:12.014Z
20601537771,ASOCIACION DE PRODUCTORES SOSTENIBLES EL AYNI,ASOCIACION,,,HABIDO,BAJA DE OFICIO,2016-09-28,2016-11-01,JUNIN,CHANCHAMAYO,PICHANAQUI,JR. 7 DE JUNIO NRO. 670 URB. PICHANAKI (A 02 CUADRAS DE LA LOZA KENJI),,,IMPORTADOR/EXPORTADOR,CULTIVOS DE CEREALES.,,,NO,,,,,2026-09-19T21:49:12.014Z
20601547458,ASOCIACION DE SEMILLARISTAS DE MAIZ CHOCLO VIRGEN DE LA MERCEDES DEL DISTRITO DE CHINGAS,ASOCIACION,,,HABIDO,BAJA DE OFICIO,2018-10-17,2018-10-17,ANCASH,ANTONIO RAYMONDI,CHINGAS,JR. 2 DE FEBRERO NRO. S/N (A 1 CD DE LA PLAZA DE ARMAS),,,SIN ACTIVIDAD,EXPLOTACION MIXTA.,,,NO,,,,,2026-09-19T21:49:12.014Z
20601558204,COOPERATIVA AGRARIA CAFETALERA OCUMAL,"COOPERATIVAS, SAIS, CAPS",,,HABIDO,ACTIVO,2016-10-06,2016-10-01,AMAZONAS,LUYA,OCUMAL,OTR. BARRIO MANGALPA NRO. S/N C.P. SAN JUAN (A 1.5 CUADRAS DEL PUESTO DE SALUD),,,EXPORTADOR,EXPLOTACION MIXTA.,,,NO,,,,,2026-09-19T21:42:35.997Z
20601568510,"ASOCIACION DE CRIADORES DE ALPACAS, LLAMAS Y VICUÑAS NEVADOS COJATA",ASOCIACION,,,HABIDO,BAJA DE OFICIO,2016-10-11,2016-10-11,PUNO,HUANCANE,COJATA,JR. GRAU NRO. S/N (ESQUINA DE LA PALZA DE ARMAS),,,IMPORTADOR/EXPORTADOR,ACTIVIDADES OTRAS ASOCIACIONES NCP.,VTA. MAY. PRODUCTOS TEXTILES.,,NO,,,,,2026-09-19T21:49:12.014Z
20601575184,COOPERATIVA AGRARIA DE USUARIOS DE PEQUEÑOS PRODUCTORES DEL PERU,"COOPERATIVAS, SAIS, CAPS",,,HABIDO,ACTIVO,2016-10-13,2016-10-13,ANCASH,CASMA,CASMA,MZA. C LOTE. 14 U.V. SEÑOR DE LOS MILAGROS,,,SIN ACTIVIDAD,CULTIVO DE FRUTAS.,ACTIVIDADES OTRAS ASOCIACIONES NCP.,,NO,,,,,2026-09-19T21:42:35.997Z
20601590621,COOPERATIVA AGRARIA DE PRODUCTORES LOS MOROCHUCOS - CANGALLO,"COOPERATIVAS, SAIS, CAPS",,,HABIDO,ACTIVO,2016-10-19,2017-01-01,AYACUCHO,CANGALLO,LOS MOROCHUCOS,JR. LOS LAURELES NRO. S/N (FRTE AL INSTITUTO FE Y ALEGRIA),,,SIN ACTIVIDAD,"SERVICIOS AGRICOLAS, GANADERAS.",ELAB DE PRODUCTOS LACTEOS.,,NO,,,,,2026-09-19T21:42:35.997Z
20601643023,ASOC DE PRODUCTORES AGROPECUARIOS Y SERVICIOS MÚLTIPLES SAN NICOLÁS-APASMU NINABAMBA-SAN MIGUEL,ASOCIACION,,,HABIDO,BAJA DE OFICIO,2016-11-10,2016-11-10,AYACUCHO,LA MAR,SAN MIGUEL,NRO. S/N BQ NINABAMBA (FRTE A PUESTO DE SALUD NINABAMBA),,,SIN ACTIVIDAD,CULTIVOS DE CEREALES.,,,NO,,,,,2026-09-19T21:49:12.014Z
20601667526,COOP BESACARI - PERU,"COOPERATIVAS, SAIS, CAPS",,BESACARI PERU,HABIDO,ACTIVO,2016-11-22,2016-11-22,JUNIN,SATIPO,LLAYLLA,CAR. PRINCIPAL NRO. SN C.P. BELEN (A MEDIA CUADRA DEL PARQUE),,,SIN ACTIVIDAD,CULTIVO DE FRUTAS.,"ELAB. CACAO, CHOCOLATE Y CONFIT.",,NO,,,,,2026-09-19T21:40:58.666Z
20601812151,"""ASOCIACION DE PRODUCTORES AGROPECUARIOS LOS EMPRENDEDORES DEL NORTE""",ASOCIACION,,,HABIDO,BAJA DE OFICIO,2017-01-19,2017-01-06,CAJAMARCA,CUTERVO,CUTERVO,JR. COMERCIO NRO. SN (JR. COMERCIO 1252),,,SIN ACTIVIDAD,ACTIVIDADES OTRAS ASOCIACIONES NCP.,VTA.  MAY. DE MATERIAS PRIMAS AGROPEC.,,NO,,,,,2026-09-19T21:49:12.014Z
20601919657,COOPERATIVA AGRARIA INNOVACION  CACAO Y CAFE DEL VRAEM,"COOPERATIVAS, SAIS, CAPS",,,HABIDO,ACTIVO,2017-02-28,2017-03-01,JUNIN,SATIPO,PANGOA,AV. SONOMORO MZA. E LOTE. 16,,,IMPORTADOR/EXPORTADOR,CULTIVOS DE CEREALES.,,,NO,,"SI, incorporado al Régimen de Agentes de Retención de IGV (R.S.229-2024) a partir del 01/01/2025",,,2026-09-19T21:44:11.515Z
20601939402,COOPERATIVA AGRARIA ASHANINKA KEMITO SANKORI LTDA,"COOPERATIVAS, SAIS, CAPS",,RIO TAMBO ASHANINKA,HABIDO,ACTIVO,2017-03-08,2017-04-01,JUNIN,SATIPO,SATIPO,JR. FRANCISCO IRAZOLA SECTOR NRO. 1401 URB. SATIPO (ALBERGUE ASHANINKA),,,IMPORTADOR/EXPORTADOR,CULTIVO DE FRUTAS.,"ELAB. CACAO, CHOCOLATE Y CONFIT.",,NO,,,,,2026-09-19T21:42:35.997Z
20601958911,COOPERATIVA AGRARIA CAFETALERA LAGUNA DE LOS CÓNDORES,"COOPERATIVAS, SAIS, CAPS",,COOP - LDC,HABIDO,ACTIVO,2017-03-14,2017-03-14,AMAZONAS,LUYA,LUYA,CARRETERA LUYA - CACLIC NRO. S/N CARRETERA LUYA - CACLIC (50 MTS ANTES DE LLEGAR A COMISARIA CACLI),,,EXPORTADOR,EXPLOTACION MIXTA.,"PESCA, EXPLOT. CRIADEROS DE PECES.",,NO,,,,,2026-09-19T21:42:35.997Z
20602025170,ASOCIACION AGRARIA LOS PIONEROS DE LA COMUNIDAD CAMPESINA DE HUALLMISH,ASOCIACION,,,HABIDO,BAJA DE OFICIO,2019-11-11,2019-11-11,HUANUCO,HUANUCO,CHURUBAMBA,BQ. HUARMISH PAMPA NRO. 18 CAS. GUARMISH PAMPA (FRENTE A LA PLAZA PRINCIPAL),,,SIN ACTIVIDAD,EXPLOTACION MIXTA.,,,NO,,,,,2026-09-19T21:49:12.014Z
20602047025,ASOCIACION DE MUJERES CHOCOLATERAS CHOCOLATE CORAZON DE NOLBERTH ALTO URUYA,ASOCIACION,,,HABIDO,ACTIVO,2019-03-30,2019-04-01,UCAYALI,PADRE ABAD,NESHUYA,NRO. S/N CAS. NOLBERTH ALTO URUYA,,,SIN ACTIVIDAD,"ELAB. CACAO, CHOCOLATE Y CONFIT.",ACTIVIDADES OTRAS ASOCIACIONES NCP.,,NO,,,,,2026-09-19T21:35:37.435Z
20602054480,COOPERATIVA AGRARIA ECOLOGICA DE MUJERES CAFETALERAS VILLA RICA,"COOPERATIVAS, SAIS, CAPS",,CEMCAVIR,HABIDO,ACTIVO,2017-04-19,2017-04-19,PASCO,OXAPAMPA,VILLA RICA,JR. POZUZO NRO. 235 (FRENTE A COMPAÑIA DE BOMBEROS DEL PERU),,,SIN ACTIVIDAD,CULTIVO DE FRUTAS.,EXPLOTACION MIXTA.,,NO,,,,,2026-09-19T21:42:35.997Z
20602161081,APROVAPERU,ASOCIACION,,,HABIDO,BAJA DE OFICIO,2017-05-26,2017-09-01,JUNIN,CHANCHAMAYO,PERENE,CAR. PRINCIPAL LOTE. 6 C.P. CAHUIDE (S77257718),,,IMPORTADOR/EXPORTADOR,ELAB DE OTROS PROD. ALIMENTICIOS.,CULTIVO DE FRUTAS.,"SERVICIOS AGRICOLAS, GANADERAS.",NO,,,,,2026-09-19T21:49:12.014Z
20602194265,ASOCIACION DE AGRICULTORES DE CACAO Y REFORESTADORES DE CURIMANA - AGRICARE CURIMANA,ASOCIACION,,,HABIDO,BAJA DE OFICIO,2019-01-21,2019-01-21,UCAYALI,PADRE ABAD,CURIMANA,JR. LORETO MZA. 1A LOTE. 4 (AL COSTADO DE LA BODEGA MORENO),,,SIN ACTIVIDAD,CULTIVO DE FRUTAS.,,,NO,,,,,2026-09-19T21:49:13.930Z
20602220355,ASOCIACION DE FRUTICULTORES DEL DISTRITO DE YANATILE ASOFRUT YANATILE,ASOCIACION,,,HABIDO,ACTIVO,2026-02-13,2026-02-13,CUSCO,CALCA,YANATILE,NRO. SN C.P. QUEBRADA HONDA CAPITAL (LOCAL FEDERACION DE CAMPESINOS),,,SIN ACTIVIDAD,ACTIV.ORGANIZACIONES EMPRESARIALES,CULTIVO DE FRUTAS.,,NO,,,,,2026-09-19T21:35:37.435Z
20602227244,ASOCIACION DE MANEJO DE BOSQUES NATURALES ESPERANZA,ASOCIACION,,,HABIDO,ACTIVO,2017-06-20,2017-07-01,LORETO,LORETO,PARINARI,NRO. SN COMUNIDAD NATIVA PARINARI (RIO MARAÑON),,,SIN ACTIVIDAD,ACTIV.ORGANIZACIONES EMPRESARIALES,SILVICULTURA Y EXT. DE MADERA.,"ELAB. FRUTAS, LEG. Y HORTALIZAS.",NO,,,,,2026-09-19T21:35:37.435Z
20602242464,COOPERATIVA AGROPECUARIA MARCELINO VASQUEZ HUAMAN - COOPAMAVAHU,"COOPERATIVAS, SAIS, CAPS",,,HABIDO,ACTIVO,2017-06-26,2017-06-26,PIURA,PIURA,PIURA,CAL. AREQUIPA SUR NRO. 1120 CERCADO URBANO (COSTADO COCHERA MI PERU PASANDO RIPLEY),,,SIN ACTIVIDAD,"SERVICIOS AGRICOLAS, GANADERAS.",,,NO,,,,,2026-09-19T21:44:11.515Z
20602249175,"""ASOCIACIÓN PRODUCTORES DE GANADO VACUNO Y LECHE KUNTURKANKI""",ASOCIACION,,,HABIDO,BAJA DE OFICIO,2017-06-27,2018-03-01,CUSCO,CANAS,KUNTURKANKI,PZA. DE ARMAS NRO. S/N (FRENTE MUNICIPIO CSA1P CONCRETO BLANCO),,,SIN ACTIVIDAD,ACTIV.ORGANIZACIONES EMPRESARIALES,,,NO,,,,,2026-09-19T21:49:13.930Z
20602260021,ASOCIACION DE PRODUCTORES AGROPECUARIOS SURCOS ANDINOS,ASOCIACION,,,HABIDO,ACTIVO,2025-09-11,2025-10-01,HUANCAVELICA,TAYACAJA,PAZOS,CAR. PICHU NRO. S/N C.P. CARAMPA - PAZOS (A 2 CDRS DE IGLESIA EVANGELICA S70916112),,,SIN ACTIVIDAD,CULTIVO DE HORTALIZAS Y LEGUMBRES.,,,NO,,,,,2026-09-19T21:38:03.020Z
20602264549,ASOCIACION DE PRODUCTORES AGROPECUARIOS 10 DE AGOSTO DE ANCOCALA,ASOCIACION,,,HABIDO,ACTIVO,2025-10-10,2025-10-10,TACNA,CANDARAVE,CAIRANI,MZA. F LOTE. 06 DI CAIRANI CP ANCOCALA,,,SIN ACTIVIDAD,EXPLOTACION MIXTA.,,,NO,,,,,2026-09-19T21:38:03.020Z
20602446019,ASOCIACION DE PRODUCTORES AGROPECUARIOS Y AGROINDUSTRIALES NUEVA ESPERANZA DE CIUTAY,ASOCIACION,,,HABIDO,BAJA DE OFICIO,2017-09-11,2018-02-01,HUANCAVELICA,CASTROVIRREYNA,MOLLEPAMPA,"NRO. SN CAS. ANTACANCHA (S0607013777,1KM DE FUNDO ATAGOPATA)",,,SIN ACTIVIDAD,CULTIVO DE FRUTAS.,,,NO,,,,,2026-09-19T21:49:12.014Z
20602459960,NEGOCIOS E INVERSIONES HIROMI & HECTOR S.A.C.,SOCIEDAD ANONIMA CERRADA,,,HABIDO,BAJA DE OFICIO,2017-09-15,2017-09-15,SAN MARTIN,SAN MARTIN,TARAPOTO,PRO. LIBERTAD NRO. 154,,,SIN ACTIVIDAD,VTA.  MAY. DE MATERIAS PRIMAS AGROPEC.,,,NO,,,,,2026-09-19T21:49:12.014Z
20602488927,COOPERATIVA AGRARIA ECOLOGICO ROSAS PAMPA LTDA - CAECO ROSAS PAMPA LTDA,"COOPERATIVAS, SAIS, CAPS",,,HABIDO,ACTIVO,2017-09-26,2017-09-26,JUNIN,SATIPO,RIO NEGRO,CAR. MARGINAL KM. 3 C.P. VILLA VIRGINIA (A 3 CUADRAS DE LA BASE MILITAR),,,EXPORTADOR,VTA.  MAY. DE MATERIAS PRIMAS AGROPEC.,"ELAB. FRUTAS, LEG. Y HORTALIZAS.",,NO,,,,,2026-09-19T21:42:35.997Z
20602526365,COOPERATIVA AGRARIA DE PRODUCTORES ORGÁNICOS DE PALTA DEL VALLE LAMBRAS VRAEM-COPPAL VRAEM,"COOPERATIVAS, SAIS, CAPS",,COPPAL VRAEM,HABIDO,ACTIVO,2017-10-09,2017-10-09,HUANCAVELICA,TAYACAJA,HUACHOCOLPA,JR. 13 DE JUNIO NRO. SN C.P. SANTA MARIA (FRENTE A LA PLAZA PRINCIPAL),,,SIN ACTIVIDAD,EXPLOTACION MIXTA.,,,NO,,,,,2026-09-19T21:42:35.997Z
20602544495,ASOCIACION DE PRODUCTORES ECOLOGICOS AGRARIOS DEL DISTRITO DE QUICHES PROVINCIA DE SIHUAS-ANCASH,ASOCIACION,,APEAQSA,HABIDO,BAJA DE OFICIO,2017-10-16,2017-11-01,ANCASH,SIHUAS,QUICHES,CAL. JOCOSBAMBA NRO. SN ANX. JOCOSBAMBA (FRENTE LA PLAZA  DE JOCOSBAMBA),,,SIN ACTIVIDAD,OTROS TIPOS DE VENTA AL POR MENOR.,,,NO,,,,,2026-09-19T21:49:12.014Z
20602545025,ASOCIACION DE PRODUCTORES AGROINDUSTRIALES ORGANICOS DE PERU ASPAGRO,ASOCIACION,,,HABIDO,BAJA DE OFICIO,2017-10-16,2017-11-07,AYACUCHO,HUAMANGA,CHIARA,T.CA BQ. CCOCHACCOCHA NRO. S/N C.P. SACHABAMBA,,,IMPORTADOR/EXPORTADOR,CULTIVOS DE CEREALES.,,,NO,,,,,2026-09-19T21:49:13.930Z
20602650643,ASOCIACIÓN AGROEXPORTADORA DE LA REGIÓN SAN MARTÍN,ASOCIACION,,,HABIDO,ACTIVO,2017-11-23,2017-11-23,SAN MARTIN,MOYOBAMBA,MOYOBAMBA,CAR. MARGINAL NRO. S/N (AL COSTADO DE PERHUSAC),,,EXPORTADOR,"SERVICIOS AGRICOLAS, GANADERAS.",CULTIVO DE FRUTAS.,,NO,,"NO, Excluido del Régimen de Agentes de Retención de IGV a partir del 01/02/2026",,,2026-09-19T21:40:58.666Z
20602682758,ASOCIACION DE PRODUCTORES DE LECHE Y DERIVADOS LACTEOS MICAELA BASTIDAS,ASOCIACION,,,HABIDO,ACTIVO,2024-11-11,2024-11-11,CUSCO,CANAS,PAMPAMARCA,NRO. S/N COM. PABELLONES (CT D CASA COMUNAL C1P ADOBE AZUL),,,SIN ACTIVIDAD,ELAB DE OTROS PROD. ALIMENTICIOS.,,,NO,,,,,2026-09-19T21:40:58.666Z
20602684335,ASOCIACION PRODUCTORES AGROPECUARIOS MARCO VILCA ARGAMA ALTA,ASOCIACION,,,HABIDO,BAJA DE OFICIO,2017-12-04,2017-12-04,APURIMAC,ANDAHUAYLAS,PACUCHA,NRO. SN C.P. ARGAMA ALTA (C1P 30MT DE CANCHA SINTETICA ARGAMA ALTA),,,SIN ACTIVIDAD,ACTIVIDADES OTRAS ASOCIACIONES NCP.,,,NO,,,,,2026-09-19T21:49:13.930Z
20602712657,COOPERATIVA AGRARIA CAFETALERA RIO TAMBO LIMITADA,"COOPERATIVAS, SAIS, CAPS",,C.A.C. RIO TAMBO LTDA.,HABIDO,ACTIVO,2017-12-14,2017-12-14,JUNIN,SATIPO,RIO TAMBO,AV. LA UNION MZA. Z LOTE. 1 C.P. CANA EDEN (A UNA CUADRA DEL PARQUE),,,SIN ACTIVIDAD,CULTIVO DE FRUTAS.,,,NO,,,,,2026-09-19T21:42:35.997Z
20602754139,COOPERATIVA AGRARIA DE CULTIVOS ANDINOS CAJAMARCA,"COOPERATIVAS, SAIS, CAPS",,,HABIDO,ACTIVO,2017-12-29,2018-01-01,CAJAMARCA,CAJAMARCA,CAJAMARCA,JR. AYACUCHO NRO. 360 BAR. SAN SEBASTIAN,,,SIN ACTIVIDAD,CULTIVOS DE CEREALES.,OTRAS ACTIVID.DE TIPO SERVICIO NCP,,NO,,,,,2026-09-19T21:42:35.997Z
20602770860,ASOCIACION DE PRODUCTORES DE ARROZ DEL VALLE DEL SHANUSI,ASOCIACION,,,HABIDO,ACTIVO,2018-01-05,2018-11-08,LORETO,ALTO AMAZONAS,YURIMAGUAS,CAR. YURIMAGUAS - TARAPOTO. KM. 28 CAS. SANTO TOMAS.,,,SIN ACTIVIDAD,EXPLOTACION MIXTA.,ELAB. DE PRODUCTOS DE MOLINERIA.,,NO,,,,,2026-09-19T21:40:58.666Z
20602862764,ASOCIACION DE AGRICULTORES POZO ESPAÑOL - CULEBRAS,ASOCIACION,,,HABIDO,ACTIVO,2018-02-01,2018-02-01,ANCASH,HUARMEY,CULEBRAS,NRO. 216 SEC. NVO. AMPANU-LA VICTORIA (PARCELA  216),,,SIN ACTIVIDAD,ACTIVIDADES OTRAS ASOCIACIONES NCP.,,,NO,,,,,2026-09-19T21:35:37.435Z
20602881971,ASOCIACION DE PRODUCTORES AGRARIOS DE CACAO (APAC) ECHALACPERU DE MANGURIARI,ASOCIACION,,,HABIDO,ACTIVO,2024-03-18,2024-04-01,CUSCO,LA CONVENCION,ECHARATE,NRO. SN SEC. MANGURIARI MARGEN IZQUIER (C2P ADOBE AL PIE DE LA PARRETERA),,,SIN ACTIVIDAD,CULTIVO DE FRUTAS.,,,NO,,,,,2026-09-19T21:35:37.435Z
20602902235,COOPERATIVA DE PRODUCTORES AGROPECUARIOS HUALGAYOC,"COOPERATIVAS, SAIS, CAPS",,COOPAH,HABIDO,ACTIVO,2018-02-13,2018-02-15,CAJAMARCA,HUALGAYOC,HUALGAYOC,JR. SAN MARTIN NRO. 165,,,SIN ACTIVIDAD,ELAB DE PRODUCTOS LACTEOS.,,,NO,,,,,2026-09-19T21:44:11.515Z
20602920128,COOPAINCA - ANTA,"COOPERATIVAS, SAIS, CAPS",,,HABIDO,ACTIVO,2018-02-19,2018-02-19,CUSCO,ANTA,ANTA,CAL. INMACULADA CONCEPCION MZA. R LOTE. 2 (FTE A HOSPJ PACARINA C5P CL NARANJA CREM),,,SIN ACTIVIDAD,VTA.  MAY. DE MATERIAS PRIMAS AGROPEC.,,,NO,,,,,2026-09-19T21:40:58.666Z
20603116373,ASOCIACION DE PRODUCTORES AGROFORESTALES ANCOMARCA,ASOCIACION,,,HABIDO,BAJA DE OFICIO,2018-04-20,2018-04-20,HUANUCO,PACHITEA,PANAO,NRO. 42 C.P. ANCOMARCA (FRENTE AL COLEGIO SECUNDARIA 32754),,,SIN ACTIVIDAD,CULTIVO DE FRUTAS.,,,NO,,,,,2026-09-19T21:49:13.930Z
20603201150,FEDERACION AGROPECUARIA DEL DISTRITO DE UMARI,ASOCIACION,,,HABIDO,SUSPENSION TEMPORAL,2022-12-28,2022-12-28,HUANUCO,PACHITEA,UMARI,CALLE 71 NRO. 11 (ALT. DEL PUESTO DE SALUD),,,SIN ACTIVIDAD,EXPLOTACION MIXTA.,,,NO,,,,,2026-09-19T21:49:13.930Z
20603223421,COOPERATIVA DE PRODUCTORES AGROECOLOGICOS LA PERLA DE LOS ANDES-CALLEJON DE HUAYLAS ANCASH,"COOPERATIVAS, SAIS, CAPS",,,HABIDO,ACTIVO,2018-05-24,2018-06-01,ANCASH,HUAYLAS,CARAZ,CAR. CARRETERA CARAZ - HUARAZ NRO. S/N BAR. CARRETERA CARAZ - HUARAZ (ENTRADA FUNDO SAN LUIS),,,SIN ACTIVIDAD,"ELAB. FRUTAS, LEG. Y HORTALIZAS.",ELAB. DE PRODUCTOS DE MOLINERIA.,,NO,,,,,2026-09-19T21:44:11.515Z
20603296576,ASOCIACION DE PRODUCTORES AGROPECUARIOS Y DERIVADOS LACTEOS DE ORCOPAMPA - ORCOLAC,ASOCIACION,,,HABIDO,ACTIVO,2018-06-14,2018-07-01,AREQUIPA,CASTILLA,ORCOPAMPA,CAL. SANTA ROSA NRO. S/N,,,SIN ACTIVIDAD,ELAB DE PRODUCTOS LACTEOS.,,,NO,,,,,2026-09-19T21:40:58.666Z
20603320621,COOPERATIVA AGRARIA CAFETALERA ALTA MONTAÑA,"COOPERATIVAS, SAIS, CAPS",,,HABIDO,ACTIVO,2018-06-22,2018-06-01,AMAZONAS,RODRIGUEZ DE MENDOZA,HUAMBO,CAL. LOS PINOS NRO. REF (A MEDIA CDRA DEL COLEGIO SAN MIGUEL),,,IMPORTADOR/EXPORTADOR,"VTA.  MIN. ALIMENTOS, BEBIDAS, TABACO.","VTA. MAY. ALIMENTOS, BEBIDAS Y TABACO.",,NO,,,,,2026-09-19T21:42:35.997Z
20603355017,ASOCIACION DE PRODUCTORES VALLE SUMAQ ESMERALDA,ASOCIACION,,,HABIDO,BAJA DE OFICIO,2018-07-04,2018-07-04,AYACUCHO,HUANTA,HUANTA,JR. RICHTER PRADA NRO. 799 C.H. HUANTA 4 (FRENTE CANAL DE RIEGO),,,SIN ACTIVIDAD,CRIA DE ANIMALES DOMESTICOS.,,,NO,,,,,2026-09-19T21:49:13.930Z
20603356404,COOPERATIVA AGROINDUSTRIAL NEBLINA DE CARPISH LIMITADA,"COOPERATIVAS, SAIS, CAPS",,,HABIDO,ACTIVO,2018-07-05,2018-07-05,HUANUCO,HUANUCO,CHINCHAO,CAR. CARRETERA CENTRAL KM. 451 CAS. SAN PEDRO DE CARPISH,,,SIN ACTIVIDAD,EXPLOTACION MIXTA.,,,NO,,,,,2026-09-19T21:44:11.515Z
20603368011,ASOCIACION DE AGRICULTORES PLATANEROS DE PADRE ABAD,ASOCIACION,,,NO HABIDO,BAJA DE OFICIO,2019-12-04,2019-12-04,UCAYALI,PADRE ABAD,PADRE ABAD,JR. SAN MARTIN MZA. A LOTE. 5 (AL COSTADO DEL TERMINAL TERRESTRE),,,SIN ACTIVIDAD,CULTIVO DE FRUTAS.,ACTIVIDADES OTRAS ASOCIACIONES NCP.,,NO,,,,,2026-09-19T21:49:13.930Z
20603478879,COOPERATIVA AGRARIA ALTO MAYO NUEVA CAJAMARCA,"COOPERATIVAS, SAIS, CAPS",,,HABIDO,ACTIVO,2018-08-10,2018-11-05,SAN MARTIN,RIOJA,NUEVA CAJAMARCA,JR. SAN MARTIN NRO. 1000 (FRENTE MERCADO JOSE OLAYA),,,IMPORTADOR,CULTIVOS DE CEREALES.,,,NO,,,,,2026-09-19T21:42:35.997Z
20603526423,COOPERATIVA AGROINDUSTRIAL PERLA DEL HUALLAGA LTDA - CAPH LTDA.,"COOPERATIVAS, SAIS, CAPS",,,HABIDO,ACTIVO,2018-08-23,2018-09-01,LORETO,ALTO AMAZONAS,YURIMAGUAS,ZAMORA MZA. A LOTE. 10 A.H. LA MOLINA (AL  COSTADO  DEL  ESTADIO MUNICIPAL),,,SIN ACTIVIDAD,"VTA. MAY. ALIMENTOS, BEBIDAS Y TABACO.","ELAB. CACAO, CHOCOLATE Y CONFIT.",,NO,,,,,2026-09-19T21:44:11.515Z
20603557825,COOPERATIVA AGRARIA KAFFEE SATIPO,"COOPERATIVAS, SAIS, CAPS",,,HABIDO,ACTIVO,2018-09-03,2018-09-03,JUNIN,SATIPO,SATIPO,CAR. MARGINAL A MAZAMARI NRO. 557 URB. ASOCIACIÓN DE VIVIENDA EL,,,SIN ACTIVIDAD,CULTIVO DE FRUTAS.,,,NO,,,,,2026-09-19T21:44:11.515Z
20603587627,ASOCIACION PARA LA CONSERVACION Y PRESERVACION DE LA BIODIVERSIDAD CHAUCA,ASOCIACION,,,HABIDO,ACTIVO,2020-07-21,2020-07-20,UCAYALI,CORONEL PORTILLO,MANANTAY,JR. BOLIVIA MZA. 04 LOTE. 10 A.H. NUESTRA SEÑORA DE LAS MER,,,SIN ACTIVIDAD,"SERVICIOS AGRICOLAS, GANADERAS.",OTRAS ACTIVIDADES DE TRANSPORTES.,,NO,,,,,2026-09-19T21:40:58.666Z
20603675551,ASOCIACION DE PRODUCTORES AGROPECUARIOS MADRE SELVA - LACCO YAVERO,ASOCIACION,,,HABIDO,ACTIVO,2018-10-09,2018-10-09,CUSCO,LA CONVENCION,QUELLOUNO,NRO. SN SEC. HUILLCAPAMPA (RL FLORENCIO MAMANI),,,SIN ACTIVIDAD,ACTIVIDADES OTRAS ASOCIACIONES NCP.,,,NO,,,,,2026-09-19T21:38:03.020Z
20603676476,ASOCIACION DE PRODUCTORES AGROPECUARIOS PONGO MAYNIQUE DE LA COMUNIDAD DE CHINGUIRIATO,ASOCIACION,,,HABIDO,ACTIVO,2025-03-06,2025-03-06,CUSCO,LA CONVENCION,ECHARATE,NRO. SN SEC. CHINGURIATO,,,SIN ACTIVIDAD,"SERVICIOS AGRICOLAS, GANADERAS.",,,NO,,,,,2026-09-19T21:38:03.020Z
20603684487,ASOCIACION DE PRODUCTORES ALPAQUEROS Y ARTESANOS SANTA ROSA APAASAR,ASOCIACION,,,HABIDO,BAJA DE OFICIO,2018-10-11,2018-10-11,HUANCAVELICA,HUANCAVELICA,HUACHOCOLPA,PQ. PRINCIPAL NRO. SN (S77189019 PQ SANTA ROSA PTA PLOMO 2 PISO),,,SIN ACTIVIDAD,PREP Y TEJ DE FIBRAS TEXTILES.,FAB. ART. CONFECCIONADOS.,,NO,,,,,2026-09-19T21:49:12.014Z
20603736703,ASOCIACION DE PRODUCTORES DE PALTOS MORO - APROPALMO,ASOCIACION,,,HABIDO,BAJA MULT.INSCR. Y OTROS,2018-10-25,2018-10-26,ANCASH,SANTA,MORO,CAL. MACASH NRO. 250 PUEBLO MORO (AL FRENTE AL ALFAJORES ÑUQUITA),,,SIN ACTIVIDAD,CULTIVO DE HORTALIZAS Y LEGUMBRES.,,,NO,,,,,2026-09-19T21:49:12.014Z
20603776616,ASOCIACION DE PRODUCTORES AGROPECUARIOS SARACOCHA,ASOCIACION,,,HABIDO,BAJA DE OFICIO,2020-12-16,2020-12-16,HUANCAVELICA,TAYACAJA,DANIEL HERNANDEZ,JR. VIA DE EVITAMIENTO NRO. S/N PBLO. MARISCAL CACERES (S70672527 A 4 CDRAS DE LA MUNICIPALIDAD),,,SIN ACTIVIDAD,CULTIVOS DE CEREALES.,,,NO,,,,,2026-09-19T21:49:12.014Z
20603820691,COOPERATIVA AGRARIA DE SERVICIOS MULTIPLES CORDILLERA AZUL - CORDILLERA AZUL COOP,"COOPERATIVAS, SAIS, CAPS",,,HABIDO,ACTIVO,2018-11-19,2018-11-19,SAN MARTIN,BELLAVISTA,BELLAVISTA,CAR. F. BELAUNDE TERRY NRO. S/N SEC. PORVENIR (AL COSTADO DE GRIFO ARIUS),,,IMPORTADOR/EXPORTADOR,VTA.  MAY. DE MATERIAS PRIMAS AGROPEC.,"SERVICIOS AGRICOLAS, GANADERAS.",,NO,,,,,2026-09-19T21:42:35.997Z
20603829515,ASOCIACION DE PRODUCTORES AGROPECUARIOS LOS NOGALES ALTO ITARIATO,ASOCIACION,,,HABIDO,ACTIVO,2018-11-21,2018-11-21,CUSCO,LA CONVENCION,KUMPIRUSHIATO,CAR. ITARIATO-ALTO SHIMA KM. 10 SEC. ITARIATO CAJAMARCA (COSTADO DE LA INSTITUCION EDUCATIVA),,,SIN ACTIVIDAD,EXPLOTACION MIXTA.,OTROS TIPOS DE VENTA POR MENOR.,,NO,,,,,2026-09-19T21:38:03.020Z
20603836325,COOPERATIVA AGRARIA YARINACOCHA,"COOPERATIVAS, SAIS, CAPS",,COOPAY,HABIDO,ACTIVO,2018-11-22,2019-02-26,UCAYALI,CORONEL PORTILLO,YARINACOCHA,PJ. PURUS MZA. 84 LOTE. 08 URB. YARINACOCHA (POR LOS GAVILANES HOTEL),,,SIN ACTIVIDAD,CULTIVO DE FRUTAS.,VTA.  MAY. DE MATERIAS PRIMAS AGROPEC.,EXPLOTACION MIXTA.,NO,,,,,2026-09-19T21:44:11.515Z
20603842511,ASOCIACION DE PRODUCTORES AGROPECUARIOS RIQ´CHARI DE TINTINIQUIATO,ASOCIACION,,,HABIDO,ACTIVO,2024-03-11,2024-03-11,CUSCO,LA CONVENCION,ECHARATE,NRO. SN SEC. TINTINIQUIATO (RL SAMUEL ESPINOZA),,,SIN ACTIVIDAD,EXPLOTACION MIXTA.,,,NO,,,,,2026-09-19T21:38:03.020Z
20603862369,COOPERATIVA AGRARIA TROPICALS PRODUCTS,"COOPERATIVAS, SAIS, CAPS",,,HABIDO,ACTIVO,2018-11-29,2018-12-01,JUNIN,CHANCHAMAYO,PICHANAQUI,JR. ANDRES AVELINO CACERES NRO. 732 URB. PICHANAQUI (A UNA CUADRA DE LA AV MARGINAL),,,EXPORTADOR,CULTIVOS DE CEREALES.,EXPLOTACION MIXTA.,,NO,,,,,2026-09-19T21:44:11.515Z
20603864060,ASOCIACION DE PRODUCTORES AGROPECUARIOS CAMPANAYOC,ASOCIACION,,,HABIDO,BAJA DE OFICIO,2020-12-28,2020-12-28,CUSCO,LA CONVENCION,QUELLOUNO,NRO. S/N SEC. CAMPANAYOC (CHANCAMAYO CT CARRETERA PRINCIPAL KM27),,,SIN ACTIVIDAD,ACTIVIDADES OTRAS ASOCIACIONES NCP.,,,NO,,,,,2026-09-19T21:49:13.930Z
20603907176,COOPERATIVA AGRARIA INDUSTRIAL FRUITS PICHANAKI,"COOPERATIVAS, SAIS, CAPS",,,HABIDO,ACTIVO,2018-12-11,2018-12-11,JUNIN,CHANCHAMAYO,PICHANAQUI,AV. SAN MARTIN NRO. 571 URB. PICHANAKI (COSTADO DEL EPS SELVA CENTRAL PICHANAKI),,,EXPORTADOR,"ELAB. FRUTAS, LEG. Y HORTALIZAS.",CULTIVOS DE CEREALES.,,NO,,,,,2026-09-19T21:44:11.515Z
20603942028,COOPERATIVA AGRARIA DE PRODUCTORES TIKANKA CHIARA-AYACUCHO,"COOPERATIVAS, SAIS, CAPS",,COOPATC,HABIDO,ACTIVO,2018-12-20,2018-12-20,AYACUCHO,HUAMANGA,CHIARA,CAR. CARRETERA A VILCAS HUAMAN MZA. J LOTE. 01 C.P. MANALLASACC (PLAZA PRINCIPAL DE MANALLASACC),,,SIN ACTIVIDAD,CULTIVOS DE CEREALES.,OTRAS ACTIVIDADES EMPRESARIALES NCP.,,NO,,,,,2026-09-19T21:42:35.997Z
20603957033,ASOCIACIÓN DE PRODUCTORES AGROINDUSTRIALES Y SERVICIOS MÚLTIPLES HUAYNA PICCHU VRAE,ASOCIACION,,,HABIDO,ACTIVO,2018-12-27,2018-12-27,JUNIN,CHANCHAMAYO,PERENE,AV. NUEVA PLANICIE MZA. A LOTE. 5 URB. LAS FLORES - SANGANI (INGRESO A PICHANAKI),,,IMPORTADOR/EXPORTADOR,"ELAB. FRUTAS, LEG. Y HORTALIZAS.","VTA. MAY. MAQUINARIA, EQUIPO Y MATER.",,NO,,"SI, incorporado al Régimen de Agentes de Retención de IGV (R.S.229-2024) a partir del 01/01/2025",,,2026-09-19T21:40:58.666Z
20603979924,ASOCIACION DE PRODUCTORES AGROPECUARIOS MANOS A TRABAJAR PISCOBAMBA BAJA DEL DISTRITO DE OCOBAMBA,ASOCIACION,,,HABIDO,BAJA DE OFICIO,2023-12-29,2024-01-02,APURIMAC,CHINCHEROS,OCOBAMBA,"NRO. SN C.P. PISCOBAMBA  BAJA (PLZA DE ARMAS ESQ C2P TURQZA,918469470)",,,SIN ACTIVIDAD,ACTIVIDADES OTRAS ASOCIACIONES NCP.,,,NO,,,,,2026-09-19T21:49:13.930Z
20604151954,COOPERATIVA AGRARIA DE SERVICIOS MULTIPLES SUR ORIENTE - COOPSSUR ORIENTE,"COOPERATIVAS, SAIS, CAPS",,,HABIDO,ACTIVO,2019-02-02,2019-03-01,MADRE DE DIOS,TAMBOPATA,TAMBOPATA,AV. LEON VELARDE NRO. 380,,,IMPORTADOR/EXPORTADOR,"VTA. MAY. ALIMENTOS, BEBIDAS Y TABACO.","ELAB. CACAO, CHOCOLATE Y CONFIT.",EDUCACION DE ADULTOS Y OTROS,NO,,,,,2026-09-19T21:42:35.997Z
20604215600,ASOCIACION DE PRODUCTORES DE CACAO ECOLOGICO DE DISTRITO DE QUELLOUNO,ASOCIACION,,,HABIDO,ACTIVO,2025-03-31,2025-04-01,CUSCO,LA CONVENCION,QUELLOUNO,NRO. SN C.P. QUELLOUNO (APV EVENECER),,,SIN ACTIVIDAD,"ELAB. CACAO, CHOCOLATE Y CONFIT.","VTA. MAY. ALIMENTOS, BEBIDAS Y TABACO.",,NO,,,,,2026-09-19T21:40:58.666Z
20604218358,COOPERATIVA AGRARIA COYAPAPI,"COOPERATIVAS, SAIS, CAPS",,COYAPAPI,HABIDO,ACTIVO,2019-02-14,2019-02-14,ANCASH,HUARAZ,PARIACOTO,JR. MIGUEL A. MORAN NRO. 314 SEC. PARIACOTO,,,SIN ACTIVIDAD,CULTIVO DE FRUTAS.,"VTA. MAY. ALIMENTOS, BEBIDAS Y TABACO.",VTA.  MAY. DE MATERIAS PRIMAS AGROPEC.,NO,,,,,2026-09-19T21:42:35.997Z
20604309728,ASOCIACION DE PRODUCTORES CAFETALEROS AGROECOLOGICOS SAN JUAN,ASOCIACION,,COFFEE SAN JUAN,HABIDO,ACTIVO,2019-03-01,2019-03-01,CAJAMARCA,SAN IGNACIO,SAN IGNACIO,CAL. ZARUMILLA NRO. S/N OTR. CENTRO DE SAN IGNACIO (CDRA 5 SALIDA A NAMBALLE-PORTONES VERDES),,,IMPORTADOR/EXPORTADOR,CULTIVOS DE CEREALES.,EXPLOTACION MIXTA.,,NO,,,,,2026-09-19T21:40:58.666Z
20604315825,"ASOCIACION DE PRODUCTORES DE FLORES NATIVAS, AGROINDUSTRIALES, PISCICOLA Y MEDIO AMBIENTE - UCAYALI",ASOCIACION,,,HABIDO,BAJA DE OFICIO,2022-08-10,2022-08-09,UCAYALI,PADRE ABAD,PADRE ABAD,AV. AV LAS PALMERAS MZA. 15 LOTE. 20 OTR. AGUAYTIA (AV.LAS PALMERAS MZ.15 LT.20),,,SIN ACTIVIDAD,ACTIVIDADES OTRAS ASOCIACIONES NCP.,,,NO,,,,,2026-09-19T21:49:12.014Z
20604401187,ORGANIZACION ZONAL SAN MIGUEL DEL FAIQUE,ASOCIACION,,,HABIDO,BAJA DE OFICIO,2019-03-18,2019-04-01,PIURA,HUANCABAMBA,SAN MIGUEL DE EL FAIQUE,CAL. NUEVA NRO. 115 CENT EL FAIQUE (FRENTE PLATAFORMA DEPORTIVA PAMPA ALEGRE),,,SIN ACTIVIDAD,ELAB DE OTROS PROD. ALIMENTICIOS.,,,NO,,,,,2026-09-19T21:49:13.930Z
20604419175,ASOCIACION DE PRODUCTORES AGROPECUARIOS ECOLOGICOS DE LAS ZONAS ALTO ANDINAS DE JUNIN,ASOCIACION,,,HABIDO,BAJA DE OFICIO,2019-03-20,2019-03-20,JUNIN,HUANCAYO,INGENIO,JR. FRANCISCO BOLOGNESI NRO. 319 (S69348101 MEDIA CDRA DEL JARDÍN DE NIÑOS),,,SIN ACTIVIDAD,"VTA.  MIN. ALIMENTOS, BEBIDAS, TABACO.",,,NO,,,,,2026-09-19T21:49:13.930Z
20604495483,COOPERATIVA DE USUARIOS AGROINDUSTRIAL DE PRODUCTORES INTI RAYMI,"COOPERATIVAS, SAIS, CAPS",,,HABIDO,ACTIVO,2019-04-02,2019-05-01,AYACUCHO,VILCAS HUAMAN,VILCAS HUAMAN,AV. QATUN AYLLU - ALTO PERU NRO. S/N (MEDIA CDRA DEL MDO MODELO),,,SIN ACTIVIDAD,ELAB. DE PRODUCTOS DE MOLINERIA.,,,NO,,,,,2026-09-19T21:44:11.515Z
20604583081,ASOCIACION AGROINDUSTRIAL COMUNIDADES UNIDAS DEL NAPO,ASOCIACION,,,HABIDO,BAJA DE OFICIO,2023-10-31,2023-11-01,LORETO,MAYNAS,MAZAN,NRO. SN C.C. MIRAFLORES (RIO NAPO),,,SIN ACTIVIDAD,CULTIVO DE HORTALIZAS Y LEGUMBRES.,ELAB. PROD. DE PANADERIA.,,NO,,,,,2026-09-19T21:49:12.014Z
20604705411,COOPERATIVA AGRARIA CRUZ DE YANAHUANCA,"COOPERATIVAS, SAIS, CAPS",,,HABIDO,ACTIVO,2019-05-15,2019-05-01,LAMBAYEQUE,LAMBAYEQUE,SALAS,AV. CRUZ DE YANAHUANCA NRO. SN C.P. PENACHI,,,SIN ACTIVIDAD,OTRAS ACTIVID.DE TIPO SERVICIO NCP,,,NO,,,,,2026-09-19T21:42:35.997Z
20604755230,COOPERATIVA AGRARIA ANDINA DE SANTA CRUZ LTDA.,"COOPERATIVAS, SAIS, CAPS",,,HABIDO,ACTIVO,2019-05-24,2019-06-15,ANCASH,HUAYLAS,SANTA CRUZ,NRO. SN CENTRO POBLADO MENOR DE T (FRENTE AL TAMBO),,,SIN ACTIVIDAD,CULTIVOS DE CEREALES.,"VTA. MAY. ALIMENTOS, BEBIDAS Y TABACO.","RESTAURANTES, BARES Y CANTINAS.",NO,,,,,2026-09-19T21:42:35.997Z
20604757267,ASOCIACION DE PRODUCTORES AGROPECUARIOS CHAGRAPOCHMUÑA,ASOCIACION,,,HABIDO,ACTIVO,2019-05-24,2019-06-01,HUANUCO,PACHITEA,PANAO,OTR. CHAGRAGOTO NRO. 1 CAS. CHAGRAGOTO,,,SIN ACTIVIDAD,EXPLOTACION MIXTA.,,,NO,,,,,2026-09-19T21:38:03.020Z
20604817146,"ASOCIACION DE PRODUCTORES GANADEROS, LECHEROS Y AGRICULTORA ECOLOGICA DE CUYAY - CHUQUIBAMBA",ASOCIACION,,,HABIDO,BAJA DE OFICIO,2019-06-05,2019-06-05,AREQUIPA,CONDESUYOS,CHUQUIBAMBA,CAL. GRAU NRO. --,,,SIN ACTIVIDAD,ACTIVIDADES OTRAS ASOCIACIONES NCP.,,,NO,,,,,2026-09-19T21:49:13.930Z
20604988200,ASOCIACION DE PRODUCTORES DE CACAO CCAPAQKILLA,ASOCIACION,,,HABIDO,ACTIVO,2019-07-11,2019-07-01,CUSCO,LA CONVENCION,ECHARATE,NRO. SN COM. PLAYA PACHIRI (RL BEATRIZ VARGAS CEL 959689616),,,SIN ACTIVIDAD,"VTA. MAY. ALIMENTOS, BEBIDAS Y TABACO.","SERVICIOS AGRICOLAS, GANADERAS.",,NO,,,,,2026-09-19T21:40:58.666Z
20605025821,ASOCIACION PRODUCTIVA AGROECOLOGICA DE MENDOZA,ASOCIACION,,,HABIDO,SUSPENSION TEMPORAL,2019-07-19,2019-08-01,AMAZONAS,RODRIGUEZ DE MENDOZA,OMIA,CAR. SAN MARCOS NRO. S/N (A MEDIA HORA DE LA PLANTA DE LACTEOS),,,SIN ACTIVIDAD,ACTIVIDADES OTRAS ASOCIACIONES NCP.,,,NO,,,,,2026-09-19T21:49:12.014Z
20605141456,ASOCIACION CENTRAL DE PRODUCTORES AGROPECUARIOS Y ECOLOGICO DE YUYAPICHIS,ASOCIACION,,,HABIDO,ACTIVO,2019-08-16,2019-08-16,HUANUCO,PUERTO INCA,YUYAPICHIS,JR. ANDRES AVELINO CACERES NRO. S/N (A ESPALDAS DE LA COMISARIA YUYAPICHIS),,,SIN ACTIVIDAD,ACTIV.DE ASESORAMIENTO EMPRESARIAL,VTA. MIN. EN PUESTOS DE VENTA.,EXPLOTACION MIXTA.,NO,,,,,2026-09-19T21:35:37.435Z
20605161678,COOPERATIVA AGRARIA DE PRODUCTOS ECOLOGICOS DE PAMPACOLCA - COAPEP,"COOPERATIVAS, SAIS, CAPS",,,HABIDO,SUSPENSION TEMPORAL,2019-08-22,2019-09-01,AREQUIPA,CASTILLA,PAMPACOLCA,CAL. 28 DE JULIO NRO. 503-505 NRO. --,,,SIN ACTIVIDAD,CULTIVOS DE CEREALES.,,,NO,,,,,2026-09-19T21:49:12.014Z
20605197583,ASOCIACION DE PRODUCTORES AGROECOLOGICOS DE PARIACOTO PROMOVIENDO VIDA SALUDABLE - APAPROVIS,ASOCIACION,,,HABIDO,ACTIVO,2024-06-12,2024-06-11,ANCASH,HUARAZ,PARIACOTO,MZA. 10 LOTE. 2 SEC. PARIACOTO (AL COSTADO DE RADIO DOBLE IMPACTO),,,SIN ACTIVIDAD,"ELAB. FRUTAS, LEG. Y HORTALIZAS.",CULTIVO DE FRUTAS.,,NO,,,,,2026-09-19T21:38:03.020Z
20605210733,ASOCIACION DE PRODUCTORES DE CITRICOS DE PIGUIATO,ASOCIACION,,,HABIDO,ACTIVO,2026-02-05,2026-02-05,CUSCO,LA CONVENCION,ECHARATE,NRO. SN SEC. PIGUIATO (1 KM ANTES  DEL PTE MATERIATO),,,SIN ACTIVIDAD,CULTIVO DE FRUTAS.,,,NO,,,,,2026-09-19T21:40:58.666Z
20605216812,ASOCIACION DE PRODUCTORES AGROPECUARIOS PAMPAS-CALLEBAMBA,ASOCIACION,,,HABIDO,BAJA DE OFICIO,2025-04-14,2025-04-14,APURIMAC,CHINCHEROS,CHINCHEROS,NRO. SN C.P. SAN JUAN BAUTISTA DE CALL,,,SIN ACTIVIDAD,ACTIVIDADES OTRAS ASOCIACIONES NCP.,,,NO,,,,,2026-09-19T21:49:12.014Z
20605228489,ASOCIACION AGROINDUSTRIAL DE MUJERES PRODUCTORAS DE CACAO Y CAFE DEL VRAEM-OTARI´S,ASOCIACION,,OTARI´S,HABIDO,ACTIVO,2019-09-09,2019-09-09,CUSCO,LA CONVENCION,PICHARI,JR. CAMISEA MZA. Y3 LOTE. 30 SEC. MARISCAL CACERES,,,SIN ACTIVIDAD,"VTA. MAY. ALIMENTOS, BEBIDAS Y TABACO.",CULTIVO DE FRUTAS.,"SERVICIOS AGRICOLAS, GANADERAS.",NO,,,,,2026-09-19T21:35:37.435Z
20605272577,ASOCIACION AGROINDUSTRIAL ALLPA WIRAPAK,ASOCIACION,,,HABIDO,ACTIVO,2024-07-05,2024-07-05,LORETO,LORETO,NAUTA,CAL. DIEGO RODRIGUEZ NRO. 580,,,SIN ACTIVIDAD,CULTIVOS DE CEREALES.,EXPLOTACION MIXTA.,VTA.  MAY. DE MATERIAS PRIMAS AGROPEC.,NO,,,,,2026-09-19T21:35:37.435Z
20605304479,ASOCIACION DE PRODUCTORES DE DERIVADOS LACTEOS SUMAC AUSANGATE DEL DISTRITO DE OCONGATE,ASOCIACION,,,HABIDO,BAJA PROV. POR OFICIO,2023-10-11,2023-10-01,CUSCO,QUISPICANCHI,OCONGATE,NRO. SN C.C. CCOLCCA (A 100MT DE LA ESCUELA),,,SIN ACTIVIDAD,"SERVICIOS AGRICOLAS, GANADERAS.",ELAB DE PRODUCTOS LACTEOS.,,NO,,,,,2026-09-19T21:49:13.930Z
20605348468,ASOCIACION DE PRODUCTORES DE LACTEOS DE CCOLCCA AUSANLAC,ASOCIACION,,,HABIDO,BAJA DE OFICIO,2019-10-04,2019-10-04,CUSCO,QUISPICANCHI,OCONGATE,NRO. SN BAR. CENTRAL,,,SIN ACTIVIDAD,ELAB DE OTROS PROD. ALIMENTICIOS.,,,NO,,,,,2026-09-19T21:49:12.014Z
20605357122,COOPERATIVA DE PRODUCCION Y SERVICIOS ESPECIALES DE LOS PRODUCTORES DE CUYES DE HUANTA-COOPROCUY HUA,"COOPERATIVAS, SAIS, CAPS",,,HABIDO,ACTIVO,2019-10-07,2019-10-07,AYACUCHO,HUANTA,IGUAIN,BQ TRES ESQUINAS NRO. S/N (COSTADO DE I.E. JOSE FELIX IGUAN),,,SIN ACTIVIDAD,CRIA DE ANIMALES DOMESTICOS.,,,NO,,,,,2026-09-19T21:44:11.515Z
20605363092,ASOCIACION DE PRODUCTORES AGROPECUARIOS DE CITRICOS SAN ANTONIO DE PAMPA CONCEPCION ECHARATI-APACISA,ASOCIACION,,,HABIDO,BAJA DE OFICIO,2019-10-09,2019-10-09,CUSCO,LA CONVENCION,ECHARATE,NRO. SN SEC. PAMPA CONCEPCION (FT GRIFO CONCEPCION C1P AZUL),,,SIN ACTIVIDAD,ACTIVIDADES OTRAS ASOCIACIONES NCP.,,,NO,,,,,2026-09-19T21:49:12.014Z
20605371869,ASOCIACION DE AGRICULTORES DE PALTOS EN HUAMAMPALI - ALTO LARAN,ASOCIACION,,,HABIDO,ACTIVO,2019-10-11,2019-10-11,ICA,CHINCHA,ALTO LARAN,NRO. . C.P. HUAMAMPALI ZONA 1 (A 300M DE PLAZA DE ARMAS),,,SIN ACTIVIDAD,CULTIVO DE FRUTAS.,,,NO,,,,,2026-09-19T21:35:37.435Z
20605430458,"ASOCIACION DE PRODUCTORES AGROPECUARIOS ""VALLE DEL MANTARO TINKUS""",ASOCIACION,,,HABIDO,BAJA DE OFICIO,2025-09-16,2025-09-16,JUNIN,JAUJA,SINCOS,CAL. REAL NRO. 594 (FRENTE AL JARDÍN DE NIÑOS S77002746),,,SIN ACTIVIDAD,CULTIVO DE HORTALIZAS Y LEGUMBRES.,CULTIVOS DE CEREALES.,,NO,,,,,2026-09-19T21:49:13.930Z
20605500430,COOPERATIVA AGRARIA DE PRODUCTORES ECOLOGICOS LOS CHANKAS VALLE DEL RIO PERENE,"COOPERATIVAS, SAIS, CAPS",,,HABIDO,ACTIVO,2019-11-11,2019-11-11,JUNIN,CHANCHAMAYO,PICHANAQUI,JR. 7 DE JUNIO NRO. 525 URB. PICHANAKI (FRENTE DE LA LOSA KENYI),,,SIN ACTIVIDAD,CULTIVOS DE CEREALES.,"PESCA, EXPLOT. CRIADEROS DE PECES.",,NO,,,,,2026-09-19T21:42:35.997Z
20605520058,ASOCIACION DE PRODUCTORES AGROPECUARIOS CAPIRUSHARI DE MAZAMARI - APACM,ASOCIACION,,,HABIDO,SUSPENSION TEMPORAL,2019-11-15,2019-12-01,JUNIN,SATIPO,MAZAMARI,CAR. CARRETERA NRO. S/N CPME. CAPIRUSHIARI (S72660641 A 20M DEL PUENTE CAPIRUSHARI),,,SIN ACTIVIDAD,ACTIVIDADES OTRAS ASOCIACIONES NCP.,,,NO,,,,,2026-09-19T21:38:03.020Z
20605564730,COOPERATIVA DE PRODUCCION ECO AYMARA-ACORA,"COOPERATIVAS, SAIS, CAPS",,,HABIDO,ACTIVO,2019-11-26,2019-12-01,PUNO,PUNO,ACORA,PARC. CCACCA SAM 2 LOTE. 60 ACORA (ATRAS DE LA IEP 70099),,,SIN ACTIVIDAD,ELAB DE PRODUCTOS LACTEOS.,,,NO,,,,,2026-09-19T21:44:11.515Z
20605600922,ASOCIACION DE PRODUCTORES AGROPECUARIOS VALLE IRIBAMBA,ASOCIACION,,,HABIDO,BAJA DE OFICIO,2019-12-04,2019-12-04,AYACUCHO,HUANTA,LURICOCHA,NRO. S/N PAGO DE IRIBAMBA (COSTADO I.E. INICIAL),,,SIN ACTIVIDAD,EXPLOTACION MIXTA.,"VTA.  MIN. ALIMENTOS, BEBIDAS, TABACO.",,NO,,,,,2026-09-19T21:49:13.930Z
20605688170,COOPERATIVA AGRARIA ALEXANDER VON HUMBOLDT LTDA,"COOPERATIVAS, SAIS, CAPS",,,HABIDO,ACTIVO,2019-12-27,2020-01-01,UCAYALI,PADRE ABAD,ALEXANDER VON HUMBOLDT,AV. AMAZONAS KM. 86 MZA. 46 LOTE. 9 (POR EL TANQUE DE AGUA POTABLE),,,SIN ACTIVIDAD,CULTIVO DE FRUTAS.,EXPLOTACION MIXTA.,,NO,,,,,2026-09-19T21:42:35.997Z
20605783229,ASOCIACION DE PRODUCTORES AGROPECUARIOS LAS CATARATAS DE ILLAPANI,ASOCIACION,,,HABIDO,BAJA DE OFICIO,2020-01-20,2020-01-20,CUSCO,LA CONVENCION,ECHARATE,NRO. SN C.P. ILLAPANI (PRG X RENEE HANCCO CEL 962725263),,,SIN ACTIVIDAD,"SERVICIOS AGRICOLAS, GANADERAS.",,,NO,,,,,2026-09-19T21:49:12.014Z
20605784047,ASOCIACION DE PRODUCTORES AGROPECUARIOS BUENOS AIRES KM. 2 PACARAN,ASOCIACION,,,HABIDO,BAJA DE OFICIO,2020-01-20,2020-02-01,MADRE DE DIOS,TAMBOPATA,LAS PIEDRAS,JR. LOS CEDROS NRO. -- (A 30 METROS DE COMISARIA MAVILA),,,SIN ACTIVIDAD,ACTIV.ORGANIZACIONES EMPRESARIALES,,,NO,,,,,2026-09-19T21:49:13.930Z
20605910573,ASOCIACION DE ACOPIO Y PRODUCTORES DE GANADO - TRAPICHE,ASOCIACION,,,HABIDO,BAJA DE OFICIO,2020-02-14,2020-02-14,PUNO,SAN ANTONIO DE PUTINA,ANANEA,JR. BOLIVAR NRO. 122 (A MEDIA CDRA DEL MUNICIPIO),,,SIN ACTIVIDAD,CRIA DE ANIMALES DOMESTICOS.,OTROS TIPOS DE VENTA AL POR MENOR.,,NO,,,,,2026-09-19T21:49:12.014Z
20605962450,COOPERATIVA AGRARIA ECOINDUSTRIAL DEL VALLE PAURAN,"COOPERATIVAS, SAIS, CAPS",,,HABIDO,ACTIVO,2020-02-26,2020-02-26,JUNIN,HUANCAYO,SANTO DOMINGO DE ACOBAMBA,CAL. ALFONSO UGARTE NRO. SN PBLO. STO. DOMINGO DE ACO (S83091330. A 1 CUADRA DE LA PLAZA),,,SIN ACTIVIDAD,EXPLOTACION MIXTA.,CULTIVO DE FRUTAS.,,NO,,,,,2026-09-19T21:42:35.997Z
20606017406,ASOCIACION DE PRODUCTORES AGROPECUARIOS Y ARTESANALES YAWARCOCHA,ASOCIACION,,,HABIDO,BAJA DE OFICIO,2024-05-28,2024-05-28,HUANUCO,AMBO,AMBO,LOTE. 7 SACSAHUANCA-CPM SACSAHUAN (FRENTE AL ESTADIO DE SACSAHUANCA),,,SIN ACTIVIDAD,ACTIV.ORGANIZACIONES EMPRESARIALES,,,NO,,,,,2026-09-19T21:49:12.014Z
20606041382,ASOCIACION AROMA DE MUJER LLAQUE,ASOCIACION,,,HABIDO,BAJA DE OFICIO,2020-03-12,2020-03-01,LAMBAYEQUE,LAMBAYEQUE,SALAS,NRO. SN CAS. LLAQUE,,,SIN ACTIVIDAD,ACTIVIDADES OTRAS ASOCIACIONES NCP.,,,NO,,,,,2026-09-19T21:49:12.014Z
20606047364,ASOCIACIÓN AGROPECUARIO ARTESANAL E INDUSTRIAL WIÑAY LLANKAQ RACCHI AYLLO,ASOCIACION,,,HABIDO,BAJA DE OFICIO,2020-03-13,2020-03-16,CUSCO,URUBAMBA,HUAYLLABAMBA,NRO. SN C.C. RACCHI AYLLU (A 2 CDRAS ARRIBA DE LA POSTA 2P ADBE BLA),,,SIN ACTIVIDAD,CRIA DE ANIMALES DOMESTICOS.,EXPLOTACION MIXTA.,,NO,,,,,2026-09-19T21:49:13.930Z
20606101423,ASOCIACION DE PRODUCTORES AGROPECUARIOS DON LORENZO DEL DISTRITO DE SAMAN,ASOCIACION,,,HABIDO,ACTIVO,2020-06-22,2020-06-19,PUNO,AZANGARO,SAMAN,NRO. SN LLACTA CUCHO PUTO PUNCO (A 1KM SALON COMUNAL),,,IMPORTADOR/EXPORTADOR,ELAB DE PRODUCTOS LACTEOS.,"SERVICIOS AGRICOLAS, GANADERAS.",EXPLOTACION MIXTA.,NO,,,,,2026-09-19T21:38:03.020Z
20606161655,COOPERATIVA DE SERVICIOS ESPECIALES DE ALPAQUEROS LOS ANDES DE HUANCAVELICA - COOPAH,"COOPERATIVAS, SAIS, CAPS",,,HABIDO,SUSPENSION TEMPORAL,2020-07-08,2020-07-06,HUANCAVELICA,HUANCAVELICA,ASCENSION,CAL. PACHECO BUENDIA NRO. 113 A.H. ASCENSION (BARRIO ASCENCION),,,SIN ACTIVIDAD,VTA.  MAY. DE MATERIAS PRIMAS AGROPEC.,PREP Y TEJ DE FIBRAS TEXTILES.,,NO,,,,,2026-09-19T21:49:13.930Z
20606192119,ASOC. DE MUJERES AGROPECUARIAS ARTESANALES Y TURISTICA GRANJA DE CUYES VIRGEN LA ASUNTA DE CURIBAYA,ASOCIACION,,,HABIDO,BAJA PROV. POR OFICIO,2025-06-16,2025-06-16,TACNA,CANDARAVE,CURIBAYA,CAL. 28 DE JULIO NRO. SN DI CURIBAYA (1 CDRA CASA DE LA JUVENTUD),,,SIN ACTIVIDAD,ACTIVIDADES OTRAS ASOCIACIONES NCP.,,,NO,,,,,2026-09-19T21:49:13.930Z
20606214082,COOPERATIVA AGRARIA QORI QUINUA TARACO LTDA,"COOPERATIVAS, SAIS, CAPS",,,HABIDO,SUSPENSION TEMPORAL,2020-07-20,2020-08-01,PUNO,HUANCANE,TARACO,AV. PANAMERICANA NRO. SN (PARC. JASANA CENTRAL - A 300 MTS CENFORP),,,SIN ACTIVIDAD,EXPLOTACION MIXTA.,,,NO,,,,,2026-09-19T21:49:13.930Z
20606226013,ASOCIACION DE PRODUCTORES AGROPECUARIOS CONTUCNA NUEVA GENERACION APACNG,ASOCIACION,,,HABIDO,ACTIVO,2025-01-28,2025-01-28,APURIMAC,ANDAHUAYLAS,TURPO,NRO. SN C.P. CONTUCNA (AL FRENTE DE LA ECUELA),,,SIN ACTIVIDAD,"SERVICIOS AGRICOLAS, GANADERAS.",,,NO,,,,,2026-09-19T21:38:03.020Z
20606257172,ASOCIACIÓN DE AGRICULTORES EXPORTADORES MAJES CON FUTURO,ASOCIACION,,,HABIDO,BAJA PROV. POR OFICIO,2025-12-03,2025-12-03,AREQUIPA,CAYLLOMA,MAJES,NRO. 39 ASENTAMIENTO D1 PARCELA (MAJES),,,SIN ACTIVIDAD,"SERVICIOS AGRICOLAS, GANADERAS.",,,NO,,,,,2026-09-19T21:49:12.014Z
20606293888,ASOCIACION DE PRODUCTORES AGROPECUARIOS ORO VERDE DE SOTCCOMAYO,ASOCIACION,,,HABIDO,BAJA PROV. POR OFICIO,2020-08-05,2020-08-01,APURIMAC,ANDAHUAYLAS,KISHUARA,NRO. SN COM. SOTCCOMAYO (PRD ANDAHUAYLAS C2P VERDE),,,SIN ACTIVIDAD,CULTIVO DE FRUTAS.,,,NO,,,,,2026-09-19T21:49:12.014Z
20606307625,ASOCIACION DE PRODUCTORES AGRICOLAS VILLA HERMOSA - CHUQUIBAMBA,ASOCIACION,,,HABIDO,BAJA DE OFICIO,2020-08-07,2020-08-10,CAJAMARCA,CAJABAMBA,CACHACHI,NRO. SN CAS. CHUQUIBAMBA,,,SIN ACTIVIDAD,"SERVICIOS AGRICOLAS, GANADERAS.",,,NO,,,,,2026-09-19T21:49:13.930Z
20606396849,COOPERATIVA AGRARIA DE SERVICIOS MULTIPLES CAMPO VERDE DE JOSE MARIA ARGUEDAS - CASMUCAV,"COOPERATIVAS, SAIS, CAPS",,,HABIDO,ACTIVO,2020-08-25,2020-08-22,APURIMAC,ANDAHUAYLAS,ANDAHUAYLAS,NRO. S/N HUANCABAMBA,,,SIN ACTIVIDAD,OTROS TIPOS DE INTERMEDIACION  FINANC.,,,NO,,,,,2026-09-19T21:42:35.997Z
20606451122,ASOCIACIÓN DE PRODUCTORES CERRO BLANCO,ASOCIACION,,,HABIDO,ACTIVO,2020-09-03,2020-09-01,SAN MARTIN,MOYOBAMBA,JEPELACIO,AV. COMERCIO MZA. 2 LOTE. 12 PACAYPITE (COSTADO DE LA CASA DE LOS RONDEROS),,,IMPORTADOR/EXPORTADOR,VTA.  MAY. DE MATERIAS PRIMAS AGROPEC.,EXPLOTACION MIXTA.,,NO,,,,,2026-09-19T21:40:58.666Z
20606485281,COOPERATIVA AGROINDUSTRIAL DE LA GRAN NACION ASHANINKA,"COOPERATIVAS, SAIS, CAPS",,,HABIDO,ACTIVO,2020-09-09,2020-09-04,JUNIN,SATIPO,SATIPO,AV. ANTONIO RAYMONDI NRO. 1080 CERCADO,,,SIN ACTIVIDAD,CULTIVOS DE CEREALES.,,,NO,,,,,2026-09-19T21:44:11.515Z
20606497122,ASOCIACION DE PRODUCTORES AGROPECUARIOS Y FORESTALES COBARRIANOS DE SINCOS - APAFCOS,ASOCIACION,,,HABIDO,ACTIVO,2024-12-11,2024-12-11,JUNIN,JAUJA,SINCOS,CAL. REAL NRO. 1245 (A 1 CDRA Y 1/2 DE LA PLAZA SINCOS),,,SIN ACTIVIDAD,CRIA DE GANADO.,,,NO,,,,,2026-09-19T21:40:58.666Z
20606538465,ASOCIACION LAS TUYAS DE CARAMPA,ASOCIACION,,,HABIDO,BAJA DE OFICIO,2023-02-09,2022-09-28,HUANCAVELICA,TAYACAJA,PAZOS,CAR. PAZOS NRO. 0001 DPTO. M3 C.P. CARAMPA-PAZOS (ALTURA DE MUNICIPAL DE CARAMPA),,,SIN ACTIVIDAD,CONSTRUCCION EDIFICIOS COMPLETOS.,"SERVICIOS AGRICOLAS, GANADERAS.",,NO,,,,,2026-09-19T21:49:13.930Z
20606556331,ASOCIACIÓN ABISEO SAN MARTIN - ASABISAM,ASOCIACION,,,HABIDO,ACTIVO,2020-09-22,2020-09-23,SAN MARTIN,MARISCAL CACERES,JUANJUI,PRO. DARIO ALVAREZ NRO. S/N JUANJUICILLO (COSTADO DE CANCHA SINTÉTICA LA PICHANGA),,,SIN ACTIVIDAD,CULTIVO DE FRUTAS.,"ELAB. CACAO, CHOCOLATE Y CONFIT.",,NO,,,,,2026-09-19T21:40:58.666Z
20606590301,ASOCIACION PRODUCTORES AGROPECUARIOS DE PALTO VALLE VERDE PINCOS MATAPUQUIO,ASOCIACION,,,HABIDO,ACTIVO,2025-02-28,2025-03-01,APURIMAC,ANDAHUAYLAS,KISHUARA,NRO. SN C.P. MATAPUQUIO (ESPALDAS DE  ESCUELA),,,SIN ACTIVIDAD,OTROS TIPOS DE VENTA POR MENOR.,VTA.  MAY. DE MATERIAS PRIMAS AGROPEC.,,NO,,,,,2026-09-19T21:40:58.666Z
20606701846,ASOCIACION ALPACAS Y LLAMAS REGISTRADAS DE PAQUENTA,ASOCIACION,,,HABIDO,ACTIVO,2020-10-15,2020-10-15,AREQUIPA,CAYLLOMA,TISCO,CENTRO POBLADO COTA COTA NRO. SN ANX. PAQUENTA,,,SIN ACTIVIDAD,VTA.  MAY. DE MATERIAS PRIMAS AGROPEC.,,,NO,,,,,2026-09-19T21:35:37.435Z
20606717475,ASOCIACION DE PEQUEÑOS PRODUCTORES AGROPECUARIOS ULLMA,ASOCIACION,,,HABIDO,BAJA PROV. POR OFICIO,2020-10-18,2020-10-15,PIURA,HUANCABAMBA,LALAQUIZ,NRO. SH CAS. ULLMA,,,SIN ACTIVIDAD,ACTIVIDADES OTRAS ASOCIACIONES NCP.,,,NO,,,,,2026-09-19T21:49:12.014Z
20606930101,ASOCIACIÓN BOSQUE DE LAS NUWAS,ASOCIACION,,,HABIDO,ACTIVO,2020-11-20,2020-11-01,SAN MARTIN,RIOJA,AWAJUN,JR. KUMANTAM WAJAJAI CHIJIAP NRO. S/N COMUNIDAD NATIVA (PALACIO COMUNAL DE LA CC.NN. SHAMPUYACU),,,SIN ACTIVIDAD,ACTIVIDADES OTRAS ASOCIACIONES NCP.,"RESTAURANTES, BARES Y CANTINAS.",,NO,,,,,2026-09-19T21:40:58.666Z
20606942762,COOPERATIVA AGRARIA COOPSAA LTDA.,"COOPERATIVAS, SAIS, CAPS",,COOPSAA,HABIDO,ACTIVO,2020-11-23,2021-01-01,SAN MARTIN,BELLAVISTA,BELLAVISTA,JR. BELLAVISTA 3 PISO MZA. 15 LOTE. 02 (COSTADO HOTEL VIA VINO),,,IMPORTADOR/EXPORTADOR,ACTIVIDADES OTRAS ASOCIACIONES NCP.,VTA.  MAY. DE MATERIAS PRIMAS AGROPEC.,,NO,,,,,2026-09-19T21:42:35.997Z
20607009261,ASOCIACION DE PRODUCTORES AGROPECUARIOS E INDUSTRIALES DE APALIN - AGROAPA,ASOCIACION,,,HABIDO,BAJA PROV. POR OFICIO,2025-02-18,2025-02-18,CAJAMARCA,CAJAMARCA,LOS BAÑOS DEL INCA,MZA. A LOTE. SN C.P. APALIN,,,SIN ACTIVIDAD,ACTIVIDADES OTRAS ASOCIACIONES NCP.,,,NO,,,,,2026-09-19T21:49:13.930Z
20607057363,ASOCIACION AGROINDUSTRIAL DE PLANTAS AROMATICAS ECOANDES,ASOCIACION,,,HABIDO,BAJA PROV. POR OFICIO,2020-12-11,2020-12-10,TACNA,CANDARAVE,QUILAHUANI,CAL. PROGRESO MZA. C LOTE. 12 C.C. PALLATA,,,SIN ACTIVIDAD,ACTIVIDADES OTRAS ASOCIACIONES NCP.,,,NO,,,,,2026-09-19T21:49:13.930Z
20607063576,"""ASOCIACIÓN DE PRODUCTORES AGROPECUARIOS CHASKAS DE HUANCALLAMA""-""APACHAHUA""",ASOCIACION,,,HABIDO,ACTIVO,2020-12-14,2020-12-10,HUANCAVELICA,CASTROVIRREYNA,MOLLEPAMPA,NRO. S/N CAS. HUANCALLAMA (A 300 MTRS DE LA CARRETERA),,,SIN ACTIVIDAD,ACTIVIDADES OTRAS ASOCIACIONES NCP.,,,NO,,,,,2026-09-19T21:35:37.435Z
20607106313,ASOCIACION DE PRODUCTORES AGROFORESTALES Y CONSERVACION NUEVA AMAZONIA - APAYCNA,ASOCIACION,,,HABIDO,SUSPENSION TEMPORAL,2020-12-21,2020-12-22,MADRE DE DIOS,TAMBOPATA,TAMBOPATA,AV. AMANECER MZA. B LOTE. 01 (FRENTE A PISCINA CAHUATA),,,SIN ACTIVIDAD,VTA.  MAY. DE MATERIAS PRIMAS AGROPEC.,INVESTIGACION DE CIENCIAS NATURALES.,,NO,,,,,2026-09-19T21:49:12.014Z
20607144347,ASOCIACION NUEVO AMANECER CASERIO PURUAY BAJO,ASOCIACION,,,HABIDO,BAJA DE OFICIO,2024-12-12,2024-12-12,CAJAMARCA,CAJAMARCA,CAJAMARCA,NRO. SN CAS. PURUAY BAJO,,,SIN ACTIVIDAD,ACTIVIDADES OTRAS ASOCIACIONES NCP.,,,NO,,,,,2026-09-19T21:49:13.930Z
20607148881,ASOCIACION DE PRODUCTORES DE OREGANO VERDE AMANECER CHALLAVIENTO,ASOCIACION,,,HABIDO,ACTIVO,2024-11-25,2024-11-25,TACNA,TACNA,PACHIA,MZA. A LOTE. 02 ANX. CHALLAVIENTO,,,SIN ACTIVIDAD,CULTIVO DE FRUTAS.,EXPLOTACION MIXTA.,,NO,,,,,2026-09-19T21:40:58.666Z
20607264237,ASOCIACION DE PRODUCTORES AGROPECUARIOS DE AGRICULTORES DE MAIZ DE HUARO,ASOCIACION,,,HABIDO,ACTIVO,2021-01-18,2021-01-18,CUSCO,QUISPICANCHI,HUARO,PZA. DE ARMAS NRO. S/N MUNICIPALIDAD DE HUARO,,,SIN ACTIVIDAD,ACTIVIDADES OTRAS ASOCIACIONES NCP.,CULTIVOS DE CEREALES.,EXPLOTACION MIXTA.,NO,,,,,2026-09-19T21:38:03.020Z
20607265624,ASOCIACION DE PEQUEÑOS PRODUCTORES AGROPECUARIOS PENACHI-KERGUER,ASOCIACION,,,HABIDO,ACTIVO,2021-01-18,2021-01-01,LAMBAYEQUE,LAMBAYEQUE,SALAS,MZA. A LOTE. REF C.P. PENACHI (AL COSTADO DE LA MUNICIPALIDAD),,,SIN ACTIVIDAD,ACTIVIDADES OTRAS ASOCIACIONES NCP.,,,NO,,,,,2026-09-19T21:35:37.435Z
20607331104,ASOCIACION DE PRODUCTORES AGROPECUARIOS ECOLOGICOS CRUZ DE PLATA TUTI-COLCA - AGROECOTUTI - COLCA,ASOCIACION,,,HABIDO,BAJA DE OFICIO,2022-08-25,2022-08-25,AREQUIPA,CAYLLOMA,TUTI,CAYLLOMA MZA. D LOTE. 3 TUTI,,,SIN ACTIVIDAD,ACTIVIDADES OTRAS ASOCIACIONES NCP.,,,NO,,,,,2026-09-19T21:49:12.014Z
20607382604,ASOCIACION DE PEQUEÑOS PRODUCTORES AGROPECUARIOS SAN LORENZO DE LALAQUIZ,ASOCIACION,,,HABIDO,ACTIVO,2021-02-01,2021-02-01,PIURA,PIURA,PIURA,MZA. X-03 LOTE. 04 PQ ZONA INDUSTRIAL,,,SIN ACTIVIDAD,ACTIVIDADES OTRAS ASOCIACIONES NCP.,,,NO,,,,,2026-09-19T21:35:37.435Z
20607442585,ASOCIACION AGROPECUARIA VIRGEN INMACULADA CONCEPCION DE ACOS VINCHOS - HUAMANGA,ASOCIACION,,,HABIDO,BAJA DE OFICIO,2023-10-06,2023-10-06,AYACUCHO,HUAMANGA,ACOS VINCHOS,NRO. SN ACOS VINCHOS (FRONTIS DE LA PLAZA PRINCIPAL),,,SIN ACTIVIDAD,"SERVICIOS AGRICOLAS, GANADERAS.",,,NO,,,,,2026-09-19T21:49:12.014Z
20607520748,COOPERATIVA AGRARIA DE CRIADORES DE CAMÉLIDOS ANDINOS DE LA COMUNIDAD CAMPESINA LAGUNILLAS,"COOPERATIVAS, SAIS, CAPS",,,HABIDO,ACTIVO,2021-02-23,2021-02-23,PUNO,LAMPA,SANTA LUCIA,CAR. VIA ASFALTADA JULIACA A S NRO. SN Z.I. PARQUE INDUSTRIAL SANTA L (COSTADO DE PARQUE TURISTICO SANTA LUCIA),,,SIN ACTIVIDAD,CRIA DE ANIMALES DOMESTICOS.,PREP Y TEJ DE FIBRAS TEXTILES.,,NO,,,,,2026-09-19T21:42:35.997Z
20607536016,COOPERATIVA AGRARIA COOPAGRO LTDA - COOPERATIVA COOPAGRO,"COOPERATIVAS, SAIS, CAPS",,,HABIDO,ACTIVO,2021-02-25,2021-02-01,CAJAMARCA,JAEN,JAEN,CAL. CHAVIN NRO. S/N URB. DORITA VELASCO (ESPALDAS DEL CAMPO FERIAL LINDEROS),,,EXPORTADOR,VTA.  MAY. DE MATERIAS PRIMAS AGROPEC.,OTRAS ACTIVIDADES DE TRANSPORTES.,,NO,,,,,2026-09-19T21:42:35.997Z
20607558559,COOPERATIVA AGRARIA INDÍGENA AWAJUN WAMPIS TUNTANAIN LTDA,"COOPERATIVAS, SAIS, CAPS",,,HABIDO,ACTIVO,2021-03-02,2021-03-02,AMAZONAS,CONDORCANQUI,NIEVA,"JR. VISTA ALEGRE NRO. S/N SEC. JUAN VELASCO ALVARADO (SUM:90171771, COSTADO DE CERNAN)",,,SIN ACTIVIDAD,CULTIVO DE FRUTAS.,FAB. DE CALZADO.,,NO,,,,,2026-09-19T21:44:11.515Z
20607580023,ASOCIACION DE PRODUCTORES AGROPECUARIOS ARTESANIA Y ACUICULTURA SANTA RITA,ASOCIACION,,,HABIDO,ACTIVO,2025-02-03,2025-02-03,PUNO,SAN ROMAN,JULIACA,MZA. E LOTE. 11 URB. SANTA MARCELA (POR EL GRIFO PECSA),,,SIN ACTIVIDAD,"PESCA, EXPLOT. CRIADEROS DE PECES.","SERVICIOS AGRICOLAS, GANADERAS.",EXPLOTACION MIXTA.,NO,,,,,2026-09-19T21:38:03.020Z
20607660515,ASOCIACION DE PRODUCTORES OLIVICOLAS DE ILO - APROLIVO ILO,ASOCIACION,,,HABIDO,ACTIVO,2021-03-18,2021-03-18,MOQUEGUA,ILO,ILO,CAL. AYACUCHO NRO. 124,,,SIN ACTIVIDAD,"SERVICIOS AGRICOLAS, GANADERAS.",EXPLOTACION MIXTA.,,NO,,,,,2026-09-19T21:40:58.666Z
20607735761,ASOCIACION DE PRODUCTORES AGROPECUARIOS Y PLANTAS AROMATICAS SAN JUNE,ASOCIACION,,,HABIDO,SUSPENSION TEMPORAL,2025-08-11,2025-08-11,MOQUEGUA,MARISCAL NIETO,TORATA,MZA. E LOTE. 13 SAN JUNE,,,SIN ACTIVIDAD,ACTIVIDADES OTRAS ASOCIACIONES NCP.,,,NO,,,,,2026-09-19T21:49:13.930Z
20607754579,ASOCIACION DE PRODUCTORES AGROPECUARIOS HUAYLLANI APU TORRINI AYAVIRI,ASOCIACION,,,HABIDO,BAJA DE OFICIO,2023-11-08,2023-11-08,PUNO,MELGAR,AYAVIRI,JR. JORGE CHAVEZ NRO. 250 (A MEDIA CDRA DE JARDIN.),,,SIN ACTIVIDAD,"SERVICIOS AGRICOLAS, GANADERAS.",,,NO,,,,,2026-09-19T21:49:12.014Z
20607775185,ASOCIACION DE PRODUCTORES ANDINOS SOLIDARIOS-KAÑARIS,ASOCIACION,,,HABIDO,BAJA DE OFICIO,2025-08-29,2025-08-01,LAMBAYEQUE,FERREÑAFE,CAÑARIS,NRO. SN C.P. HIERBA BUENA,,,SIN ACTIVIDAD,CULTIVO DE FRUTAS.,,,NO,,,,,2026-09-19T21:49:13.930Z
20607875724,ASOCIACION DE PRODUCTORES AGROPECUARIOS LOS ANDENES EN LA CUMBRE DE LA TIERRA,ASOCIACION,,LOS ANDENES,HABIDO,SUSPENSION TEMPORAL,2023-01-04,2022-10-01,CAJAMARCA,SAN PABLO,TUMBADEN,JR. 11 DE FEBRERO NRO. SN,,,SIN ACTIVIDAD,ELAB DE OTROS PROD. ALIMENTICIOS.,OTRAS ACTIVID.DE TIPO SERVICIO NCP,,NO,,,,,2026-09-19T21:49:12.014Z
20607878413,ASOCIACION DE CRIADORES AGROPECUARIOS MULTIPLES AGUA DULCE UMAJALA - ACRAMADU,ASOCIACION,,,HABIDO,ACTIVO,2022-09-21,2023-06-02,AREQUIPA,AREQUIPA,AREQUIPA,CAL. JERUSALEN NRO. 128 URB. CERCADO,,,SIN ACTIVIDAD,CRIA DE ANIMALES DOMESTICOS.,ACTIVIDADES OTRAS ASOCIACIONES NCP.,VTA.  MAY. DE MATERIAS PRIMAS AGROPEC.,NO,,,,,2026-09-19T21:35:37.435Z
20608017501,ASOCIACION DE PLATANEROS AGROPECUARIOS DE INAMBARI,ASOCIACION,,,HABIDO,BAJA DE OFICIO,2021-05-26,2021-07-01,MADRE DE DIOS,TAMBOPATA,INAMBARI,LOTE. 05 SANTA RITA BAJA,,,SIN ACTIVIDAD,CULTIVO DE FRUTAS.,,,NO,,,,,2026-09-19T21:49:12.014Z
20608030949,ASOCIACION DE PRODUCTORES EL PIÑAL DE UNION PROGRESO,ASOCIACION,,,HABIDO,BAJA DE OFICIO,2021-05-28,2021-06-01,MADRE DE DIOS,TAMBOPATA,LABERINTO,CAR. PUERTO MALDONADO - CUSCO KM. 77,,,SIN ACTIVIDAD,CULTIVO DE FRUTAS.,,,NO,,,,,2026-09-19T21:49:12.014Z
20608049721,ASOCIACION DE AGRICULTORES Y PRODUCTORES UIKANA SAMUNAS,ASOCIACION,,,HABIDO,ACTIVO,2021-06-02,2021-06-02,LORETO,MAYNAS,SAN JUAN BAUTISTA,CAL. VIRGEN DE LA PUERTA MZA. J LOTE. 03 A.H. ELIAN KARO (ENTRADA FRENTE A MUNICIPIO DE SAN JUAN),,,SIN ACTIVIDAD,CULTIVO DE HORTALIZAS Y LEGUMBRES.,EXPLOTACION MIXTA.,,NO,,,,,2026-09-19T21:35:37.435Z
20608058291,ASOCIACION AGROPECUARIA COMUNAL USHUMAYO DEL DISTRIRO UMARI ASACUDU,ASOCIACION,,,HABIDO,ACTIVO,2023-02-09,2023-02-09,HUANUCO,PACHITEA,UMARI,NRO. S/N P.J. USHUMAYO (SECTOR CANGRA),,,SIN ACTIVIDAD,CULTIVO DE HORTALIZAS Y LEGUMBRES.,,,NO,,,,,2026-09-19T21:35:37.435Z
20608124935,ASOCIACIÓN DE PRODUCTORES AGROPECUARIOS DEL CASERÍO DE CHACHASPATA,ASOCIACION,,APA CHACHASPATA,HABIDO,ACTIVO,2023-02-07,2023-02-07,HUANUCO,PACHITEA,UMARI,NRO. S/N CAS. CHACHASPATA,,,SIN ACTIVIDAD,EXPLOTACION MIXTA.,CULTIVO DE HORTALIZAS Y LEGUMBRES.,,NO,,,,,2026-09-19T21:40:58.666Z
20608190776,ASOCIACIÓN DE PRODUCTORES AGROPECUARIOS AYLLU ROMERO - ASPROAGRO ROMERO,ASOCIACION,,,HABIDO,BAJA DE OFICIO,2021-07-05,2021-07-06,HUANCAVELICA,HUANCAVELICA,HUANCAVELICA,JR. 5 DE AGOSTO NRO. 375 BAR. DE SAN CRISTOBAL (A 4 CDR DE ESTADIO SANTA ANA),,,SIN ACTIVIDAD,EXPLOTACION MIXTA.,,,NO,,,,,2026-09-19T21:49:12.014Z
20608206346,ASOCIACION DE PRODUCTORES AGROPECUARIOS DEL CASERIO DE PANAOCOCHA,ASOCIACION,,,HABIDO,ACTIVO,2023-02-07,2023-02-07,HUANUCO,PACHITEA,UMARI,NRO. S/N CAS. DE PANAOCOCHA (FRENTE I.E. DE PANAOCOCHA),,,SIN ACTIVIDAD,EXPLOTACION MIXTA.,,,NO,,,,,2026-09-19T21:38:03.020Z
20608235648,ASOCIACIÓN DE PRODUCTORES DE CACAO ORGÁNICO PUSHARO MANU,ASOCIACION,,,HABIDO,ACTIVO,2021-07-15,2021-08-01,MADRE DE DIOS,MANU,MANU,"CAL. LOS AMIGOS NRO. SN (CERCA  TIENDA SRA DORIS, C2P NARANJA)",,,SIN ACTIVIDAD,"ELAB. CACAO, CHOCOLATE Y CONFIT.",VTA.  MAY. DE MATERIAS PRIMAS AGROPEC.,CULTIVO DE FRUTAS.,NO,,,,,2026-09-19T21:40:58.666Z
20608294512,COOPERATIVA AGRARIA KURI VALLE DEL SISA LTDA,"COOPERATIVAS, SAIS, CAPS",,,HABIDO,ACTIVO,2021-08-02,2021-08-02,SAN MARTIN,EL DORADO,SAN JOSE DE SISA,JR. 20 DE MAYO NRO. S/N (A 100 METROS DEL PUENTE RIO SISA),,,IMPORTADOR/EXPORTADOR,CULTIVOS DE CEREALES.,,,NO,,,,,2026-09-19T21:44:11.515Z
20608311387,ASOCIACION DE PRODUCTORES AGRARIOS LOS TRIUNFADORES,ASOCIACION,,,HABIDO,ACTIVO,2021-08-05,2021-08-05,LORETO,LORETO,PARINARI,NRO. S/N COM. YURICA (7 DE JUNIO - RIO MARAÑON),,,SIN ACTIVIDAD,EXPLOTACION MIXTA.,,,NO,,,,,2026-09-19T21:38:03.020Z
20608389734,ASOCIACION AGROPECUARIO COMUNAL DE GOYAR PUNTA DEL DISTRITO DE UMARI,ASOCIACION,,,HABIDO,ACTIVO,2023-03-10,2023-03-10,HUANUCO,PACHITEA,UMARI,BQ PICHANAYOC NRO. 23 CAS. PICHANAYOC,,,SIN ACTIVIDAD,CULTIVO DE HORTALIZAS Y LEGUMBRES.,,,NO,,,,,2026-09-19T21:35:37.435Z
20608453815,ASOCIACIÓN AGROPECUARIA COMUNAL MIRANDO HACIA EL FUTURO DEL CASERIO DE CUCHO DEL DISTRITO DE UMARI,ASOCIACION,,,HABIDO,ACTIVO,2021-09-08,2021-09-08,HUANUCO,PACHITEA,UMARI,BL. OLLUCO LOMA MZA. . LOTE. 4 CAS. OLLUCO LOMA BAJO,,,SIN ACTIVIDAD,CULTIVO DE HORTALIZAS Y LEGUMBRES.,,,NO,,,,,2026-09-19T21:40:58.666Z
20608470388,ASOCIACION DE PRODUCTORES AGROPECUARIOS HUALLAHUALLANI-CURIBAYA,ASOCIACION,,,HABIDO,ACTIVO,2023-07-21,2023-07-21,TACNA,CANDARAVE,CANDARAVE,CAL. LIMA MZA. N LOTE. 08 C.P. CURIBAYA,,,SIN ACTIVIDAD,ACTIVIDADES OTRAS ASOCIACIONES NCP.,,,NO,,,,,2026-09-19T21:38:03.020Z
20608478311,COOPERATIVA AGRARIA YAKATHEO DEL AMAZONAS COOPAYAKAT,"COOPERATIVAS, SAIS, CAPS",,,HABIDO,ACTIVO,2021-09-14,2021-10-01,AMAZONAS,UTCUBAMBA,EL MILAGRO,CAR. FERNANDO BELAUNDE TERRY KM. 204 C.P. EL REPOSO (CAS. EL TRIUNFO EL MARAÑON),,,EXPORTADOR,"SERVICIOS AGRICOLAS, GANADERAS.",,,NO,,,,,2026-09-19T21:44:11.515Z
20608506706,COOPERATIVA AGRARIA SOSTENIBLE AGROPERU LTDA - CAS AGROPERU LTDA,"COOPERATIVAS, SAIS, CAPS",,,HABIDO,ACTIVO,2021-09-21,2021-09-21,JUNIN,SATIPO,SATIPO,JR. AUGUSTO B.LEGUIA NRO. SN URB. SATIPO (S72624565 FRENTE AL CENTRO CIVICO),,,SIN ACTIVIDAD,"SERVICIOS AGRICOLAS, GANADERAS.",,,NO,,,,,2026-09-19T21:44:11.515Z
20608517741,ASOCIACION DE PRODUCTORES AGROPECUARIOS AGROECOLOGICOS BARRIAL Y YANATILE,ASOCIACION,,,HABIDO,BAJA DE OFICIO,2021-09-23,2021-11-01,CUSCO,CALCA,YANATILE,NRO. SN SEC. BARRIAL (KM 132 CARRETERA CALCA A CHAHUARES),,,SIN ACTIVIDAD,ACTIVIDADES OTRAS ASOCIACIONES NCP.,,,NO,,,,,2026-09-19T21:49:12.014Z
20608562886,FUENTE DE ACOPIO DE FIBRA DE ALPACA SURI DE ORO CAPASO,ASOCIACION,,,HABIDO,SUSPENSION TEMPORAL,2026-04-14,2026-04-14,PUNO,EL COLLAO,CAPAZO,CAPASO LOTE. T9 SEC. TIRACOLLO (POR EL CENTRO DE SALUD),,,SIN ACTIVIDAD,PREP Y TEJ DE FIBRAS TEXTILES.,OTRAS ACTIVID.DE TIPO SERVICIO NCP,EXPLOTACION MIXTA.,NO,,,,,2026-09-19T21:49:12.014Z
20608571648,ASOCIACION DE PRODUCTORES AGROPECUARIOS UNION CHANQUIL,ASOCIACION,,,HABIDO,ACTIVO,2021-10-05,2021-10-05,HUANCAVELICA,ACOBAMBA,ROSARIO,CAL. LIMA NRO. SN C.P. CHANQUIL (A 1CDRA DE LA PLAZA DE ARMAS),,,SIN ACTIVIDAD,CULTIVO DE HORTALIZAS Y LEGUMBRES.,ACTIVIDADES OTRAS ASOCIACIONES NCP.,,NO,,,,,2026-09-19T21:38:03.020Z
20608597973,ASOCIACION AGROPECUARIA COMUNAL DE HUANIN DEL DISTRITO DE UMARI,ASOCIACION,,ASAC HUANIN,HABIDO,ACTIVO,2023-02-09,2023-02-09,HUANUCO,PACHITEA,UMARI,NRO. SN PUEBLO HUANIN,,,SIN ACTIVIDAD,CULTIVO DE HORTALIZAS Y LEGUMBRES.,EXPLOTACION MIXTA.,,NO,,,,,2026-09-19T21:35:37.435Z
20608609467,ASOCIACION DE PRODUCTORES FRUTICOLAS HUAQUISH POCOR - APROFRUT HUAQUISH POCOR,ASOCIACION,,,HABIDO,ACTIVO,2026-03-09,2026-03-09,ANCASH,RECUAY,PARARIN,NRO. S/N SEC. HUAQUISH (CERCA AL CENTRO CIVICO CALLE PRINCIPAL),,,SIN ACTIVIDAD,CULTIVO DE FRUTAS.,,,NO,,,,,2026-09-19T21:40:58.666Z
20608664450,COOPERATIVA AGRARIA DE SERVICIOS MULTIPLES APU RIMAQ LTDA-COOP. APU RIMAQ LTDA,"COOPERATIVAS, SAIS, CAPS",,,HABIDO,SUSPENSION TEMPORAL,2021-10-27,2021-10-27,APURIMAC,ANDAHUAYLAS,ANDAHUAYLAS,AV. LOS CHANCAS NRO. 741 (AL COSTADO DE LA SUNARP),,,SIN ACTIVIDAD,"SERVICIOS AGRICOLAS, GANADERAS.",,,NO,,,,,2026-09-19T21:49:13.930Z
20608668951,ASOCIACIÓN DE PRODUCTORES LA FRUTA DEL DRAGÓN-CHURUJA,ASOCIACION,,,HABIDO,BAJA DE OFICIO,2021-10-28,2021-11-01,AMAZONAS,BONGARA,CHURUJA,CAR. CHURUJA NRO. S/N C.P. MENOR CHURUJA (A 100 METROS DE LA PLAZA PRINCIPAL),,,SIN ACTIVIDAD,"SERVICIOS AGRICOLAS, GANADERAS.",,,NO,,,,,2026-09-19T21:49:13.930Z
20608699041,ASOCIACION DE PRODUCTORES AGROPECUARIOS AGROINDUSTRIALES VALLE DEL PARAISO DE TICRAPO,ASOCIACION,,,HABIDO,BAJA DE OFICIO,2021-11-05,2021-11-05,HUANCAVELICA,CASTROVIRREYNA,TICRAPO,AV. BUENOS AIRES NRO. SN (CARRETERA A MOYEBAMBA),,,SIN ACTIVIDAD,ACTIVIDADES OTRAS ASOCIACIONES NCP.,,,NO,,,,,2026-09-19T21:49:13.930Z
20608734628,"ASOCIACION DE PRODUCTORES AGROPECUARIOS HUASCARAN DEL DISTRITO DE RANRAHIRCA, PROVINCIA DE YUNGAY",ASOCIACION,,,HABIDO,ACTIVO,2026-05-13,2026-05-13,ANCASH,YUNGAY,RANRAHIRCA,NRO. SN ARHUAY (A 70 MTS DE IE DE HUASCARAN C2P),,,SIN ACTIVIDAD,"SERVICIOS AGRICOLAS, GANADERAS.",,,NO,,,,,2026-09-19T21:38:03.020Z
20608734725,ASOCIACION DE FRUCTICULTORES DE QUESQUENTO,ASOCIACION,,,HABIDO,SUSPENSION TEMPORAL,2026-03-25,2026-03-25,CUSCO,LA CONVENCION,QUELLOUNO,NRO. SN SEC. QUESQUENTO (3 CDRS ABJ CARRETERA CENTRAL C1P NARANJ),,,SIN ACTIVIDAD,CULTIVO DE FRUTAS.,,"SERVICIOS AGRICOLAS, GANADERAS.",NO,,,,,2026-09-19T21:49:12.014Z
20608748921,"ASOCIACION DE PRODUCTORES AGROPECUARIOS DEL DISTRITO DE GUADALUPE, CHEPEN Y ANEXOS",ASOCIACION,,,HABIDO,ACTIVO,2026-05-15,2026-05-15,LA LIBERTAD,PACASMAYO,GUADALUPE,CAL. ALIANZA NRO. 204 SEC. GUADALUPE,,,SIN ACTIVIDAD,ACTIVIDADES OTRAS ASOCIACIONES NCP.,,,NO,,,,,2026-09-19T21:38:03.020Z
20608820672,ASOCIACION AGROPECUARIA COMUNAL DEL PUEBLO DE RACO DEL DISTRITO DE UMARI,ASOCIACION,,,HABIDO,ACTIVO,2021-12-03,2021-12-03,HUANUCO,PACHITEA,UMARI,NRO. S/N PUEBLO DE RACO (FRENTE DEL CAMPO DEPORTIVO),,,SIN ACTIVIDAD,EXPLOTACION MIXTA.,,,NO,,,,,2026-09-19T21:35:37.435Z
20608834746,ASOCIACION DE PRODUCTORES LAGUNA LA BOA,ASOCIACION,,,HABIDO,ACTIVO,2021-12-07,2022-01-01,HUANUCO,LEONCIO PRADO,JOSE CRESPO Y CASTILLO,NRO. S/N CAS. LAS MERCEDES (1 KM ANTES DE LA LAGUNA),,,SIN ACTIVIDAD,CULTIVO DE FRUTAS.,,,NO,,,,,2026-09-19T21:40:58.666Z
20608860771,ASOCIACIÓN COMUNAL AGROPECUARIA DEL CASERIO DE NIÑA COCHA,ASOCIACION,,,HABIDO,ACTIVO,2021-12-16,2021-12-16,HUANUCO,PACHITEA,UMARI,NINACOCHA NRO. 35,,,SIN ACTIVIDAD,CULTIVO DE HORTALIZAS Y LEGUMBRES.,,,NO,,,,,2026-09-19T21:40:58.666Z
20608865927,LAS PUINAHUINAS S.A.C.,SOCIEDAD ANONIMA CERRADA,,,HABIDO,ACTIVO,2024-09-10,2024-09-10,LORETO,REQUENA,PUINAHUA,NRO. S/N COM. NATIVA ANCASH,,,SIN ACTIVIDAD,EXPLOTACION MIXTA.,,,NO,,,,,2026-09-19T21:44:11.515Z
20608952315,NUMBERI S.A.C.,SOCIEDAD ANONIMA CERRADA,,,HABIDO,ACTIVO,2022-01-10,2022-02-01,MADRE DE DIOS,TAMBOPATA,TAMBOPATA,JR. AMAZONAS NRO. 342 OTR. CERCADO,,,SIN ACTIVIDAD,"VTA. MAY. ALIMENTOS, BEBIDAS Y TABACO.",EDUCACION DE ADULTOS Y OTROS,,NO,,,,,2026-09-19T21:44:11.515Z
20609013487,ASOCIACION DE PRODUCTORES DE CHANCCAYMARCA,ASOCIACION,,,HABIDO,ACTIVO,2026-06-01,2026-06-01,APURIMAC,CHINCHEROS,RANRACANCHA,NRO. SN C.C. MOLLEBAMBA,,,SIN ACTIVIDAD,ACTIVIDADES OTRAS ASOCIACIONES NCP.,,,NO,,,,,2026-09-19T21:40:58.666Z
20609025353,ASOCIACION DE PRODUCTORES AGROPERU MANDOVA,ASOCIACION,,,HABIDO,ACTIVO,2022-01-28,2022-02-01,CAJAMARCA,JAEN,JAEN,CAL. LOS ROBLES MZA. E LOTE. 7 SEC. EL HUITO (1 CDRA ANTES DE LA CASCADA),,,SIN ACTIVIDAD,"VTA. MAY. ALIMENTOS, BEBIDAS Y TABACO.","SERVICIOS AGRICOLAS, GANADERAS.",EXPLOTACION MIXTA.,NO,,,,,2026-09-19T21:40:58.666Z
20609057361,ASOCIACION DE PRODUCTORES AGROPECUARIOS Y LACTEOS DEL DISTRITO DE PLATERIA,ASOCIACION,,,HABIDO,BAJA DE OFICIO,2022-02-04,2022-06-21,PUNO,PUNO,PLATERIA,AV. CCOTA NRO. S/N (AL COSTADO DE LA COMISARIA PNP.),,,SIN ACTIVIDAD,ACTIVIDADES OTRAS ASOCIACIONES NCP.,,,NO,,,,,2026-09-19T21:49:12.014Z
20609069555,"ASOCIACIÓN AGROPECUARIA TURÍSTICO INDUSTRIAL ""CCORI WAYRA CHINA"" DEL CASERIO DE IRHUACA",ASOCIACION,,,HABIDO,BAJA DE OFICIO,2022-02-08,2022-01-01,AYACUCHO,LUCANAS,CHAVIÑA,MZA. . LOTE. . CAS. IRHUACA S/N,,,SIN ACTIVIDAD,ACTIV.ORGANIZACIONES EMPRESARIALES,,,NO,,,,,2026-09-19T21:49:13.930Z
20609078074,ASOCIACION AGROPECUARIA DE CHALLHUALLA,ASOCIACION,,,HABIDO,ACTIVO,2025-08-29,2025-08-29,AYACUCHO,LUCANAS,LUCANAS,NRO. 250 CHALLHUALLA,,,SIN ACTIVIDAD,EXPLOTACION MIXTA.,,,NO,,,,,2026-09-19T21:35:37.435Z
20609119421,ASOCIACION AGROPECUARIA LLOQICHAYOCC,ASOCIACION,,,HABIDO,ACTIVO,2026-05-04,2026-05-04,AYACUCHO,HUAMANGA,SAN JUAN BAUTISTA,NRO. S/N BAR. ÑAHUINPUQUIO (ULTIMO PARADERO DE LA RUTA 10),,,SIN ACTIVIDAD,EXPLOTACION MIXTA.,"SERVICIOS AGRICOLAS, GANADERAS.",,NO,,,,,2026-09-19T21:35:37.435Z
20609166500,ASOCIACION DE PRODUCTORES AGROPECUARIOS Y SERVICIOS TURISTICOS YURAQ - WASI,ASOCIACION,,,HABIDO,ACTIVO,2022-03-02,2022-03-02,AYACUCHO,PARINACOCHAS,PUYUSCA,MZA. A-1 LOTE. 2 ANX. YURACHASI (ALT. PASANDO PUENTE DE YURACCHUASI),,,SIN ACTIVIDAD,EXPLOTACION MIXTA.,ELAB DE OTROS PROD. ALIMENTICIOS.,,NO,,,,,2026-09-19T21:40:58.666Z
20609201259,ASOCIACION DE PRODUCTORES AGROECOLOGICOS DEL HUALLAGA,ASOCIACION,,,HABIDO,ACTIVO,2022-03-10,2022-03-10,HUANUCO,LEONCIO PRADO,RUPA-RUPA,JR. SUCRE NRO. 230,,,SIN ACTIVIDAD,ACTIV.ORGANIZACIONES EMPRESARIALES,,,NO,,,,,2026-09-19T21:38:03.020Z
20609203359,ASOCIACION AGROPECUARIA HIJOS DE TICRAPO,ASOCIACION,,,HABIDO,ACTIVO,2024-12-02,2024-12-02,HUANCAVELICA,CASTROVIRREYNA,TICRAPO,CAL. SAN JOSE NRO. S/N (AL COSTADO D C. ADUCATIVO 22047),,,SIN ACTIVIDAD,CULTIVO DE FRUTAS.,,,NO,,,,,2026-09-19T21:35:37.435Z
20609343355,ASOCIACION DE PRODUCTORES Y EXPORTADORES FUNDO LUISA VICTORIA ASPREXFLV,ASOCIACION,,FUNDO LUISA VICTORIA,HABIDO,ACTIVO,2026-08-05,2026-08-05,ANCASH,SANTA,MORO,CAPTUY BAJO NRO. SN CAS. CAPTUY,,,SIN ACTIVIDAD,CULTIVO DE FRUTAS.,"ELAB. FRUTAS, LEG. Y HORTALIZAS.",,NO,,,,,2026-09-19T21:40:58.666Z
20609411423,ASOCIACION DE PRODUCTORES AGROPECUARIOS ÑAUPAQMAN PURISUN DE YALAGUA,ASOCIACION,,,HABIDO,ACTIVO,2024-05-16,2024-05-16,MOQUEGUA,GENERAL SANCHEZ CERRO,UBINAS,AV. MOQUEGUA NRO. S/N C.C. YALAGUA,,,SIN ACTIVIDAD,CRIA DE ANIMALES DOMESTICOS.,EXPLOTACION MIXTA.,,NO,,,,,2026-09-19T21:40:58.666Z
20609488621,ASOCIACION DE PRODUCTORES AGROECOLOGICOS E INDUSTRIALES SUPER CAMPO,ASOCIACION,,,HABIDO,BAJA DE OFICIO,2022-05-17,2022-05-17,LA LIBERTAD,SANCHEZ CARRION,SANAGORAN,NRO. 05 CAS. LA LUCUMA (A LADO DE FUENTE EL SAUCE SANAGORAN),,,SIN ACTIVIDAD,ACTIVIDADES OTRAS ASOCIACIONES NCP.,,,NO,,,,,2026-09-19T21:49:12.014Z
20609518643,SOCIEDAD PERUANA DE CRIADORES DE ALPACAS Y LLAMAS REGISTRADAS DE LA REGION DE APURIMAC,ASOCIACION,,,HABIDO,BAJA DE OFICIO,2022-05-24,2022-06-01,APURIMAC,ABANCAY,ABANCAY,PJ. LAS FLORES NRO. SN URB. LAS AMERICAS (ESPALDA PARADERO GRAU COTABAMBA),,,SIN ACTIVIDAD,CRIA DE ANIMALES DOMESTICOS.,,,NO,,,,,2026-09-19T21:49:12.014Z
20609529891,ASOCIACIÓN CENTRAL PRODUCTORES Y CRIADORES DE ALPACAS Y LLAMAS OCONGATE CUSCO-APROCALLOC,ASOCIACION,,,HABIDO,BAJA DE OFICIO,2022-05-26,2022-06-15,CUSCO,QUISPICANCHI,OCONGATE,"CAL. PRINCIPAL NRO. 2 C.P. TINKE (CERCA A LA PLAZA, C2P)",,,SIN ACTIVIDAD,CRIA DE ANIMALES DOMESTICOS.,,,NO,,,,,2026-09-19T21:49:13.930Z
20609542129,ASOCIACIÓN DE PRODUCTORES DE GRANOS ANDINOS APURIMAQ,ASOCIACION,,,HABIDO,ACTIVO,2022-05-30,2022-06-01,APURIMAC,ANDAHUAYLAS,TALAVERA,JR. ALDAZABAL NRO. 315 (AL COSTADO DEL COLEGIO JUAN PABLO II),,,EXPORTADOR,"SERVICIOS AGRICOLAS, GANADERAS.",,,NO,,,,,2026-09-19T21:40:58.666Z
20609555395,COOPERATIVA AGRARIA BANAQUI CURIMANA,"COOPERATIVAS, SAIS, CAPS",,COOPERATIVA BANAQUI,HABIDO,ACTIVO,2022-06-01,2022-06-01,UCAYALI,PADRE ABAD,CURIMANA,JR. GARIBALDI BARDALES MZA. 54 LOTE. 6 (COSTADO DE LA PNP),,,SIN ACTIVIDAD,CULTIVO DE FRUTAS.,EXPLOTACION MIXTA.,,NO,,,,,2026-09-19T21:42:35.997Z
20609623056,ASOCIACION DE AGROPECUARIOS LLANGANUCO,ASOCIACION,,,HABIDO,ACTIVO,2022-06-16,2022-06-16,ANCASH,YUNGAY,YUNGAY,"NRO. SN CAS. DE HUAMACCHUCO (2P, CS PLOMA)",,,SIN ACTIVIDAD,"SERVICIOS AGRICOLAS, GANADERAS.",,,NO,,,,,2026-09-19T21:35:37.435Z
20609726262,ASOCIACION CENTRAL DE PRODUCTORES LACTEOS DEL DISTRITO DE YARABAMBA,ASOCIACION,,,HABIDO,BAJA DE OFICIO,2022-07-12,2022-07-12,AREQUIPA,AREQUIPA,YARABAMBA,OTR. COMPLEJO RECREATIVO EL PA KM. SN OTR. PUEBLO TRADICIONAL YARABA,,,SIN ACTIVIDAD,ACTIVIDADES OTRAS ASOCIACIONES NCP.,,,NO,,,,,2026-09-19T21:49:12.014Z
20609787202,ASOCIACION CENTRAL DE PIÑEROS AGRO TECNIFICADOS DE MADRE DE DIOS,ASOCIACION,,,HABIDO,ACTIVO,2022-07-26,2022-07-26,MADRE DE DIOS,TAMBOPATA,LABERINTO,CAR. PTO MALDONADO - CUSCO SAN KM. 73 (CERCA A PEAJE),,,IMPORTADOR,"SERVICIOS AGRICOLAS, GANADERAS.",,,NO,,,,,2026-09-19T21:35:37.435Z
20609813688,ASOCIACIÓN DE PRODUCTORES AGROECOLOGICO AGROPECUARIO MULTISERVICIOS ALTA SIERRA CASACOTO - TAPO,ASOCIACION,,,HABIDO,ACTIVO,2024-06-21,2024-06-21,JUNIN,TARMA,TAPO,NRO. SN ANX. CASACOTO (S77057430-50MTS DE LA I.E. INICIAL 30854),,,SIN ACTIVIDAD,ACTIVIDADES OTRAS ASOCIACIONES NCP.,,,NO,,,,,2026-09-19T21:40:58.666Z
20609846314,COOPERATIVA AGRARIA DE FAMILIAS CAMPESINAS EMPRENDEDORAS Y RESILIENTES DEL PERÚ - CAFCER,"COOPERATIVAS, SAIS, CAPS",,CAFCER,HABIDO,ACTIVO,2022-08-11,2022-08-11,SAN MARTIN,LAMAS,PINTO RECODO,OTR. . NRO. . KM. 1 CAS. LA FLORIDA,,,SIN ACTIVIDAD,CULTIVOS DE CEREALES.,,,NO,,,,,2026-09-19T21:42:35.997Z
20609862492,ASOCIACION DE MUJERES EMPRENDEDORAS DE LA COMUNIDAD CAMPESINA DE EXCHAJE,ASOCIACION,,,HABIDO,BAJA PROV. POR OFICIO,2022-08-16,2022-09-01,MOQUEGUA,GENERAL SANCHEZ CERRO,YUNGA,ZONA A MZA. G LOTE. 3 C.P. EXCHAJE,,,SIN ACTIVIDAD,ACTIVIDADES OTRAS ASOCIACIONES NCP.,EXPLOTACION MIXTA.,,NO,,,,,2026-09-19T21:49:12.014Z
20609875276,ASOCIACIÓN DE PRODUCTORES DE CUY - EL OLIVO / APROCUYOL,ASOCIACION,,,HABIDO,BAJA PROV. POR OFICIO,2025-01-30,2025-01-01,CAJAMARCA,CAJABAMBA,CACHACHI,NRO. SN C.P. CHOLOCAL (SECTOR EL OLIVO - A 300 M JARDIN DE NIÑO),,,SIN ACTIVIDAD,CRIA DE ANIMALES DOMESTICOS.,,,NO,,,,,2026-09-19T21:49:12.014Z
20609917840,ASOCIACION DE PRODUCTORES REPRESA TAPASH,ASOCIACION,,,HABIDO,SUSPENSION TEMPORAL,2022-08-29,2022-09-01,LA LIBERTAD,SANTIAGO DE CHUCO,MOLLEPATA,AV. EL BOSQUE NRO. 06 CAS. LA YEGUADA,,,SIN ACTIVIDAD,ACTIVIDADES OTRAS ASOCIACIONES NCP.,,,NO,,,,,2026-09-19T21:49:12.014Z
20609941406,COMUNIDAD NATIVA DE HUITOTOS DE FORTALEZA,"COMUNIDAD CAMPESINA, NATIVA",,,HABIDO,ACTIVO,2022-09-05,2022-09-05,LORETO,MAYNAS,NAPO,NRO. S/N COM. FORTALEZA,,,SIN ACTIVIDAD,CULTIVO DE FRUTAS.,,,NO,,,,,2026-09-19T21:40:58.666Z
20609948044,COOPERATIVA AGRARIA DE FRUTICULTORES DE SANDIA,"COOPERATIVAS, SAIS, CAPS",,,HABIDO,ACTIVO,2022-09-06,2022-09-06,PUNO,SANDIA,SANDIA,JR. LIMA NRO. 322,,,SIN ACTIVIDAD,CULTIVO DE FRUTAS.,ELAB DE OTROS PROD. ALIMENTICIOS.,,NO,,,,,2026-09-19T21:42:35.997Z
20609979471,ASOCIACION DE PRODUCTORES AGROPECUARIOS ECOLOGICOS SAN ANTONIO HEROINAS TOLEDO,ASOCIACION,,,HABIDO,ACTIVO,2022-09-13,2022-10-01,JUNIN,CONCEPCION,HEROINAS TOLEDO,JR. CANCHAPALCA NRO. SN (S69450787-5 CDRAS DE POSTA MEDICA),,,SIN ACTIVIDAD,CRIA DE ANIMALES DOMESTICOS.,CULTIVO DE HORTALIZAS Y LEGUMBRES.,,NO,,,,,2026-09-19T21:38:03.020Z
20610024085,"COOPERATIVA AGRARIA DE PRODUCTORES DE PALTA HASS, DEL ANEXO DE RONDAYACU, DISTRITO DE MONOBAMBA","COOPERATIVAS, SAIS, CAPS",,C.A.P.P. HASS RONDAYACU,HABIDO,SUSPENSION TEMPORAL,2022-09-22,2022-09-22,JUNIN,CHANCHAMAYO,SAN RAMON,JR. PROGRESO NRO. 163 URB. SAN RAMON (S72261306-FTE A CENTRO COM. SAN RAMON),,,SIN ACTIVIDAD,CULTIVO DE FRUTAS.,,,NO,,,,,2026-09-19T21:49:13.930Z
20610032185,ASOCIACION DE PRODUCTORES SOSTENIBLES AWAJUN DEL MARAÑON,ASOCIACION,,,HABIDO,ACTIVO,2022-09-23,2022-09-23,LORETO,DATEM DEL MARAÑON,MANSERICHE,NRO. S/N COM. UGARTE (DESDE SARAMIRIZA VIA FLUVIAL),,,SIN ACTIVIDAD,SILVICULTURA Y EXT. DE MADERA.,OTROS TIPOS DE VENTA POR MENOR.,EXPLOTACION MIXTA.,NO,,,,,2026-09-19T21:40:58.666Z
20610124977,ASOCIACION DE PRODUCTORES ALPAQUEROS PISCICULTORES Y ARTESANOS DEL DISTRITO DE CAYLLOMA,ASOCIACION,,,HABIDO,ACTIVO,2026-03-19,2026-03-19,AREQUIPA,CAYLLOMA,CAYLLOMA,CAL. SAN NICOLAS NRO. 113,,,SIN ACTIVIDAD,CRIA DE ANIMALES DOMESTICOS.,ACTIVIDADES OTRAS ASOCIACIONES NCP.,VTA.  MAY. DE MATERIAS PRIMAS AGROPEC.,NO,,,,,2026-09-19T21:40:58.666Z
20610159789,ASOCIACION DE PRODUCTORES AGROPECUARIOS NUEVO MILENIO DE CHUQUIBAMBA - APANMIC,ASOCIACION,,,HABIDO,BAJA DE OFICIO,2022-10-25,2022-10-25,CAJAMARCA,CAJABAMBA,CACHACHI,NRO. -- CAS. CHIQUIBAMBA (CASERIO LICLIPAMPA),,,SIN ACTIVIDAD,CRIA DE ANIMALES DOMESTICOS.,,,NO,,,,,2026-09-19T21:49:13.930Z
20610286519,COOPERATIVA AGRARIA LINE COFFEE MARAÑÓN - LINE COFFEE MARAÑON,"COOPERATIVAS, SAIS, CAPS",,MARAÑÓN COFFEE,HABIDO,ACTIVO,2022-11-24,2023-03-01,AMAZONAS,UTCUBAMBA,LONYA GRANDE,JR. 28 DE JULIO NRO. S/N BAR. NUEVA DELI (A MEDIA CDA. DEL PARQUE INFANTIL),,,SIN ACTIVIDAD,CULTIVO DE FRUTAS.,CULTIVOS DE CEREALES.,,NO,,,,,2026-09-19T21:44:11.515Z
20610507701,ASOCIACION DE RECOLECTORES DE CASTAÑA ORGANICA DE MADRE DE DIOS - ARCOMAD,ASOCIACION,,,HABIDO,ACTIVO,2023-01-24,2023-01-24,MADRE DE DIOS,TAMBOPATA,TAMBOPATA,PJ. LUIS PEREZ VALERA MZA. 2F LOTE. 4 SAN LUIS (AL LADO DE EX INRENA),,,SIN ACTIVIDAD,VTA.  MAY. DE MATERIAS PRIMAS AGROPEC.,,,NO,,,,,2026-09-19T21:40:58.666Z
20610524231,COOPERATIVA AGRARIA ARTESANAL ORO ANDINO DE PARIA - CAAOPAR,"COOPERATIVAS, SAIS, CAPS",,,HABIDO,ACTIVO,2023-01-27,2023-02-01,HUANCAVELICA,HUAYTARA,PILPICHACA,CAR. LOS LIBERTADORES NRO. 5.8 COM. PILPICHACA,,,SIN ACTIVIDAD,OTROS TIPOS DE VENTA AL POR MENOR.,,,NO,,,,,2026-09-19T21:42:35.997Z
20610555811,COOPERATIVA AGRARIA TOTORAL,"COOPERATIVAS, SAIS, CAPS",,,HABIDO,ACTIVO,2023-02-03,2023-02-01,APURIMAC,ANDAHUAYLAS,SAN JERONIMO,AV. JOSE MARIA ARGUEDAS NRO. 1010,,,SIN ACTIVIDAD,CULTIVOS DE CEREALES.,,,NO,,,,,2026-09-19T21:44:11.515Z
20610585184,COOPERATIVA AGRARIA DEL DESARROLLO ARTESANAL DE FIBRA DE ALPACA DE PICHCCAHUASI,"COOPERATIVAS, SAIS, CAPS",,,HABIDO,ACTIVO,2023-02-10,2023-02-10,HUANCAVELICA,HUAYTARA,PILPICHACA,MZA. L LOTE. 214A BAR. PICHCAHUASI,,,SIN ACTIVIDAD,OTROS TIPOS DE VENTA AL POR MENOR.,,,NO,,,,,2026-09-19T21:42:35.997Z
20610592474,ASOCIACION DE PRODUCTORES AGROPECUARIOS PIEDRA TROMPA,ASOCIACION,,LÁCTEOS CLARITA,HABIDO,ACTIVO,2023-02-13,2023-02-01,CAJAMARCA,SAN MIGUEL,CALQUIS,NRO. SN CAS. GORDILLOS (PIEDRA TROMPA CARR GORDILLOS - CAJAMARCA),,,SIN ACTIVIDAD,ACTIVIDADES OTRAS ASOCIACIONES NCP.,EXPLOTACION MIXTA.,,NO,,,,,2026-09-19T21:38:03.020Z
20610598880,COOPERATIVA AGRARIA INTERANDINO,"COOPERATIVAS, SAIS, CAPS",,,HABIDO,ACTIVO,2023-02-14,2023-02-14,APURIMAC,ABANCAY,ABANCAY,JR. PARAGUAY NRO. 126 URB. LAS AMERICAS,,,SIN ACTIVIDAD,CULTIVO DE FRUTAS.,,,NO,,,,,2026-09-19T21:44:11.515Z
20610739491,ASOCIACION DE PRODUCTORES AGROPECUARIOS DON ANDRES-AMAZONAS,ASOCIACION,,,HABIDO,ACTIVO,2023-03-17,2023-03-17,AMAZONAS,LUYA,CAMPORREDONDO,NRO. S/N BAR. NUEVO HORIZONTE (COSTADO DEL MERCADO CENTRAL),,,EXPORTADOR,"SERVICIOS AGRICOLAS, GANADERAS.",CULTIVOS DE CEREALES.,,NO,,,,,2026-09-19T21:38:03.020Z
20610739505,COOPERATIVA AGRARIA HUAYHUASH,"COOPERATIVAS, SAIS, CAPS",,,HABIDO,ACTIVO,2023-03-17,2023-04-15,ANCASH,BOLOGNESI,HUASTA,MZA. M LOTE. 1 CAS. SAN ANTONIO DE QUISIPATA (CARRETERA CHIQUIAN PACLLON KM 7 Y MEDIO),,,SIN ACTIVIDAD,EXPLOTACION MIXTA.,CULTIVO DE FRUTAS.,,NO,,,,,2026-09-19T21:42:35.997Z
20610772553,ASOCIACION DE MUJERES CAFICULTORAS DE CHINYAMA,ASOCIACION,,,HABIDO,BAJA DE OFICIO,2025-03-24,2025-03-01,LAMBAYEQUE,FERREÑAFE,CAÑARIS,MZA. A LOTE. SN CAS. HUARHUARCUCHO,,,SIN ACTIVIDAD,ACTIVIDADES OTRAS ASOCIACIONES NCP.,,,NO,,,,,2026-09-19T21:49:12.014Z
20611055669,ASOCIACION DE EMPRENDEDORES VIRGEN NATIVIDAD DE EXCHAJE,ASOCIACION,,,HABIDO,ACTIVO,2025-01-13,2025-01-13,MOQUEGUA,GENERAL SANCHEZ CERRO,YUNGA,NRO. S/N ANX. EXCHAJE (A 10 KM. DE YUNGA),,,SIN ACTIVIDAD,ACTIVIDADES OTRAS ASOCIACIONES NCP.,EXPLOTACION MIXTA.,,NO,,,,,2026-09-19T21:35:37.435Z
20611065044,ASOCIACIÓN DE PRODUCTORES LOS SEMBRADORES DE HUARIBAMBA,ASOCIACION,,,HABIDO,BAJA PROV. POR OFICIO,2025-11-17,2025-11-17,HUANCAVELICA,TAYACAJA,HUARIBAMBA,OTR. BQ PROGRESO NRO. 15 INT. 15 BAR. PROGRESO (S66573326-A 100 MTRS IE AUGUSTO SALAZAR),,,SIN ACTIVIDAD,CULTIVOS DE CEREALES.,,,NO,,,,,2026-09-19T21:49:13.930Z
20611080817,ASOCIACION DE PRODUCTORES OCCIDENTAL DE QUERAL,ASOCIACION,,,HABIDO,BAJA DE OFICIO,2023-06-01,2023-07-01,ANCASH,HUAYLAS,CARAZ,NRO. SN ESTANCIA QUERAL (PASANDO CRUCE DE MIRAMAR),,,SIN ACTIVIDAD,ACTIVIDADES OTRAS ASOCIACIONES NCP.,,,NO,,,,,2026-09-19T21:49:13.930Z
20611141298,COOPERATIVA AGRARIA GANADERA DE CAMELIDOS SUDAMERICANOS 24 DE SETIEMBRE DE CONDURIRI,"COOPERATIVAS, SAIS, CAPS",,,HABIDO,ACTIVO,2023-06-14,2023-06-14,PUNO,EL COLLAO,CONDURIRI,NRO. S/N BAR. 25 DE DICIEMBRE (A MEDIA CDRA PLAZA ARMAS CONDURIRI),,,SIN ACTIVIDAD,"SERVICIOS AGRICOLAS, GANADERAS.",EXPLOTACION MIXTA.,,NO,,,,,2026-09-19T21:42:35.997Z
20611142162,ASOCIACION DE PRODUCTORES AGROPECUARIOS MUSOQ ALLPA DE PICHOS,ASOCIACION,,,HABIDO,BAJA DE OFICIO,2023-06-14,2023-06-14,HUANCAVELICA,TAYACAJA,PICHOS,JR. 6 DE ABRIL NRO. SN BAR. CENTRO (SUMINISTRO 70875501),,,SIN ACTIVIDAD,CULTIVOS DE CEREALES.,,,NO,,,,,2026-09-19T21:49:12.014Z
20611153571,ASOCIACION DE PRODUCTORES DE MANGO Y PALTA - SANTIAGO DE HUIÑA - VALLE HUARMEY,ASOCIACION,,,NO HABIDO,SUSPENSION TEMPORAL,2026-05-19,2026-05-19,ANCASH,HUARMEY,HUARMEY,MZA. A LOTE. 17 C.P. SANTIAGO DE HUIÑA (1 CDRA DEL CEMENTERIO DE SANTIAGO DE HUI),,,SIN ACTIVIDAD,CULTIVO DE FRUTAS.,,,NO,,,,,2026-09-19T21:49:13.930Z
20611180625,ASOCIACION DE PRODUCTORES AGROPECUARIOS-ISCOCUCHO - APROAGRI,ASOCIACION,,,HABIDO,SUSPENSION TEMPORAL,2024-09-27,2024-09-27,CAJAMARCA,CAJABAMBA,CONDEBAMBA,NRO. SN CAS. ISCOCUCHO,,,SIN ACTIVIDAD,ACTIVIDADES OTRAS ASOCIACIONES NCP.,EXPLOTACION MIXTA.,,NO,,,,,2026-09-19T21:49:13.930Z
20611182661,COOPERATIVA AGRARIA PITAHAYA AMAZONAS,"COOPERATIVAS, SAIS, CAPS",,,HABIDO,ACTIVO,2023-06-23,2023-06-23,AMAZONAS,BONGARA,CHURUJA,CAR. CHURUJA NRO. S/N (KM 10 FRENTE A LA COMISARIA),,,SIN ACTIVIDAD,CULTIVO DE FRUTAS.,"ELAB. FRUTAS, LEG. Y HORTALIZAS.",,NO,,,,,2026-09-19T21:44:11.515Z
20611198923,COOPERATIVA AGRARIA LAND PERÚ,"COOPERATIVAS, SAIS, CAPS",,,NO HABIDO,SUSPENSION TEMPORAL,2023-06-27,2023-06-27,JUNIN,CHANCHAMAYO,PICHANAQUI,JR. JOSE BALTA MZA. H1 LOTE. 3 URB. SAN JOSE (S72578515-FTE A CUNA MAS DE 3 DE MAYO),,,IMPORTADOR/EXPORTADOR,CULTIVO DE FRUTAS.,"ELAB. FRUTAS, LEG. Y HORTALIZAS.",,NO,,,,,2026-09-19T21:49:13.930Z
20611254068,COOPERATIVA AGRARIA WARMI TARPUY,"COOPERATIVAS, SAIS, CAPS",,,HABIDO,ACTIVO,2023-07-10,2023-07-10,APURIMAC,ANDAHUAYLAS,SAN JERONIMO,PJ. JUAN PABLO II NRO. S/N (1CDR Y MEDIA DEL COLEGIO CRISTO REY),,,IMPORTADOR/EXPORTADOR,"SERVICIOS AGRICOLAS, GANADERAS.",,,NO,,,,,2026-09-19T21:44:11.515Z
20611321482,COOPERATIVA AGRARIA LOS GANADEROS DE MARCABAL,"COOPERATIVAS, SAIS, CAPS",,,HABIDO,ACTIVO,2023-07-21,2023-07-21,LA LIBERTAD,SANCHEZ CARRION,MARCABAL,CR. LOCABAMBA NRO. 64 CAS. LOCABAMBA,,,SIN ACTIVIDAD,CRIA DE GANADO.,,,NO,,,,,2026-09-19T21:44:11.515Z
20611340002,COOPERATIVA AGRARIA INTERCULTURAL CAFE PUI PUI LTDA,"COOPERATIVAS, SAIS, CAPS",,,HABIDO,ACTIVO,2023-07-26,2023-07-26,JUNIN,SATIPO,SATIPO,"CAR. 0 NRO. S/N C.P. RIO VENADO (A 22KM DEL TERMINAL, PARATUSHIALI-SATIPO)",,,SIN ACTIVIDAD,CULTIVO DE FRUTAS.,,,NO,,,,,2026-09-19T21:44:11.515Z
20611444053,ASOCIACION DE PRODUCTORES AGROPECUARIOS Y AGROINDUSTRIALES VIZCACHANI,ASOCIACION,,,HABIDO,ACTIVO,2026-06-25,2026-06-25,PUNO,PUNO,VILQUE,NRO. -- AYMARA II - VILQUE (A 100M DE LA CARRETERA),,,SIN ACTIVIDAD,CULTIVOS DE CEREALES.,EXPLOTACION MIXTA.,ELAB DE PRODUCTOS LACTEOS.,NO,,,,,2026-09-19T21:38:03.020Z
20611451602,ASOCIACION SUMAQ URPIKUNA DE COALAQUE,ASOCIACION,,,HABIDO,ACTIVO,2023-08-22,2023-09-01,MOQUEGUA,GENERAL SANCHEZ CERRO,UBINAS,NRO. . C.C. COALAQUE S/N UBINAS,,,SIN ACTIVIDAD,ACTIVIDADES OTRAS ASOCIACIONES NCP.,,,NO,,,,,2026-09-19T21:40:58.666Z
20611472529,COOPERATIVA AGRARIA ALTO ANDINO CULTA-ACORA,"COOPERATIVAS, SAIS, CAPS",,,HABIDO,ACTIVO,2023-08-25,2023-08-25,PUNO,PUNO,PLATERIA,NRO. -- COM. DE CULTA SE13 (CP CULTA),,,SIN ACTIVIDAD,ELAB DE PRODUCTOS LACTEOS.,,,NO,,,,,2026-09-19T21:42:35.997Z
20611480262,COOPERATIVA AGRARIA SAN CRISTOBAL DE COALLACA - CABANILLAS,"COOPERATIVAS, SAIS, CAPS",,,HABIDO,ACTIVO,2023-08-28,2023-08-28,PUNO,SAN ROMAN,JULIACA,JR. TIABAYA NRO. 132 URB. STA ADRIANA 2E (A 1 CDRA DE CEBA STA ADRIANA),,,SIN ACTIVIDAD,CULTIVOS DE CEREALES.,EXPLOTACION MIXTA.,,NO,,,,,2026-09-19T21:44:11.515Z
20611510731,AGROPECUARIO FORESTAL E INDUSTRIAL VALLE NUEVO - AFI VALLE NUEVO,ASOCIACION,,,HABIDO,BAJA PROV. POR OFICIO,2025-06-24,2025-06-24,TACNA,TACNA,TACNA,MZA. I LOTE. 11 PJ A. B. LEGUIA (COLEGIO SOTILLO),,,SIN ACTIVIDAD,ACTIVIDADES OTRAS ASOCIACIONES NCP.,,,NO,,,,,2026-09-19T21:49:12.014Z
20611531088,"ASOCIACION DE AGRICULTORES INNOVADORES DE ANCASH, EDIFLOR",ASOCIACION,,NUTRIAVO,HABIDO,ACTIVO,2023-09-08,2023-09-08,ANCASH,SANTA,CHIMBOTE,MZA. F1 LOTE. 16 P.J. EL PROGRESO (A 2CDRAS DEL COLEGIO NIÑO DIOS),,,SIN ACTIVIDAD,"SERVICIOS AGRICOLAS, GANADERAS.",ELAB. DE ACEITE Y GRASAS.,,NO,,,,,2026-09-19T21:35:37.435Z
20611567449,COOPERATIVA AGRARIA PROCUY MANTARO LTDA,"COOPERATIVAS, SAIS, CAPS",,,HABIDO,ACTIVO,2023-09-20,2023-10-20,JUNIN,JAUJA,ATAURA,JR. RICARDO PALMA NRO. 110 (S69949255- A 2 CDRS DE LA PLAZ DE ATAURA),,,SIN ACTIVIDAD,"SERVICIOS AGRICOLAS, GANADERAS.",,VTA.  MAY. DE MATERIAS PRIMAS AGROPEC.,NO,,,,,2026-09-19T21:44:11.515Z
20611631686,COOPERATIVA AGRARIA EMPRENDEDORAS Y DEFENSORAS FRUTOS DEL VALLE,"COOPERATIVAS, SAIS, CAPS",,,HABIDO,ACTIVO,2023-10-02,2023-10-01,CAJAMARCA,CAJABAMBA,CACHACHI,AV. PERU NRO. 948 C.P. CHOLOCAL,,,SIN ACTIVIDAD,"SERVICIOS AGRICOLAS, GANADERAS.",,,NO,,,,,2026-09-19T21:42:35.997Z
20611650524,ASOCIACION DE PRODUCTORES AGROPECUARIOS INCACHAQUI-ISCOCUCHO,ASOCIACION,,,HABIDO,BAJA PROV. POR OFICIO,2026-01-06,2026-01-06,CAJAMARCA,CAJABAMBA,CAJABAMBA,JR. BLONDEL NRO. 1079 URB. CAJABAMBA (A 10 METROS INTERSECCION CON JR CACERES),,,SIN ACTIVIDAD,ACTIVIDADES OTRAS ASOCIACIONES NCP.,EXPLOTACION MIXTA.,,NO,,,,,2026-09-19T21:49:13.930Z
20611831570,ASOCIACION JUNTOS POR UN SUEÑO VERDE,ASOCIACION,,,HABIDO,ACTIVO,2023-11-16,2023-11-16,MOQUEGUA,MARISCAL NIETO,SAN ANTONIO,SECTOR LA RINCONADA NRO. S/N FND. DOS PUQUIOS,,,SIN ACTIVIDAD,"SERVICIOS AGRICOLAS, GANADERAS.",EXPLOTACION MIXTA.,,NO,,,,,2026-09-19T21:40:58.666Z
20611854553,COOPERATIVA AGRARIA EL SEMBRADOR,"COOPERATIVAS, SAIS, CAPS",,,HABIDO,ACTIVO,2023-11-22,2023-11-22,LA LIBERTAD,VIRU,VIRU,CAR. INDUSTRIAL NRO. S/N SEC. RAMAL CARTAVIO,,,SIN ACTIVIDAD,CULTIVOS DE CEREALES.,VTA.  MAY. DE MATERIAS PRIMAS AGROPEC.,,NO,,,,,2026-09-19T21:42:35.997Z
20611935243,COOPERATIVA AGRARIA ECOLOGICA CANIARI AMAZONICA CAECAM,"COOPERATIVAS, SAIS, CAPS",,,HABIDO,ACTIVO,2023-12-12,2023-12-12,UCAYALI,PADRE ABAD,ALEXANDER VON HUMBOLDT,CAR. FEDERICO BASADRE KM. 85 INT. B OTR. JUNTA VECINAL CAPITAN (A DOS CUADRAS DEL CEMENTERIO),,,IMPORTADOR/EXPORTADOR,CULTIVO DE FRUTAS.,"VTA.  MIN. ALIMENTOS, BEBIDAS, TABACO.",EXPLOTACION MIXTA.,NO,,,,,2026-09-19T21:42:35.997Z
20611967056,COOPERATIVA AGRARIA NUEVA ESPERANZA DE RANCHOPAMPA - PATALA,"COOPERATIVAS, SAIS, CAPS",,,HABIDO,ACTIVO,2023-12-20,2023-12-01,JUNIN,HUANCAYO,PUCARA,ANEXO PATALA NRO. SN BAR. PARAISO PUCARA (S67933256 ANEXO PATALA),,,SIN ACTIVIDAD,"SERVICIOS AGRICOLAS, GANADERAS.",,,NO,,,,,2026-09-19T21:44:11.515Z
20612023655,ASOCIACION DE PRODUCTORES AGROPECUARIOS Y APICULTORES MARCABALINOS,ASOCIACION,,,HABIDO,ACTIVO,2024-01-08,2024-01-08,LA LIBERTAD,SANCHEZ CARRION,MARCABAL,CAL. VICTOR RAUL NRO. SN MARCABAL,,,SIN ACTIVIDAD,CRIA DE ANIMALES DOMESTICOS.,"VTA.  MIN. ALIMENTOS, BEBIDAS, TABACO.",,NO,,,,,2026-09-19T21:38:03.020Z
20612079111,ASOCIACIÒN AGROPECUARIA FUTUROS DE HUAIRAG DEL DISTRITO DE UMARI,ASOCIACION,,,HABIDO,ACTIVO,2024-01-22,2024-01-22,HUANUCO,PACHITEA,UMARI,NRO. S/N C.P. MENOR DE PINQUIRAY (ALTURA DE LA PLAZA PRINCIPAL),,,SIN ACTIVIDAD,EXPLOTACION MIXTA.,,,NO,,,,,2026-09-19T21:40:58.666Z
20612142361,ASOCIACIÓN DE PRODUCTORES AGROPECUARIOS SIN FRONTERAS DE VILLA GLORIA,ASOCIACION,,,HABIDO,ACTIVO,2024-02-05,2024-02-05,HUANUCO,HUANUCO,CHINCHAO,MZA. L LOTE. 5 CAS. VILLA GLORIA (ENTRADA DE SANTA TERESITA- KM 67),,,SIN ACTIVIDAD,EXPLOTACION MIXTA.,,,NO,,,,,2026-09-19T21:40:58.666Z
20612229105,ASOCIACION DE PRODUCTORES AGROPECUARIOS Y VECINOS COLINDANTES DE LA PLANTA COMPRESORA KAMANI ABRA,ASOCIACION,,,HABIDO,BAJA DE OFICIO,2024-02-22,2024-03-01,CUSCO,LA CONVENCION,KUMPIRUSHIATO,NRO. SN CIGAKIATO (PLANTA COMPRESORA),,,SIN ACTIVIDAD,"SERVICIOS AGRICOLAS, GANADERAS.",,,NO,,,,,2026-09-19T21:49:13.930Z
20612331821,ASOCIACIÓN DE MUJERES LAS FLORES DE LUYA,ASOCIACION,,,HABIDO,ACTIVO,2024-03-14,2024-03-15,AMAZONAS,LUYA,PISUQUIA,CARRETERA ANEXO YOMBLON NRO. S/N ANEXO PISUQUIA (CARRETERA ANEXO YOMBLON),,,EXPORTADOR,EXPLOTACION MIXTA.,ELAB DE OTROS PROD. ALIMENTICIOS.,,NO,,,,,2026-09-19T21:40:58.666Z
20612380571,"ASOCIACION DE PRODUCTORES AGROPECUARIOS, GANADEROS, CHAQUILBAMBA, LA LECHERIA",ASOCIACION,,,HABIDO,BAJA DE OFICIO,2025-04-23,2025-04-23,LA LIBERTAD,SANCHEZ CARRION,MARCABAL,JR. ABELARDO GAMARRA RONDO NRO. 207 OTR. C.P.M. CHAQUILBAMBA,,,SIN ACTIVIDAD,ELAB DE PRODUCTOS LACTEOS.,CRIA DE GANADO.,EXPLOTACION MIXTA.,NO,,,,,2026-09-19T21:49:13.930Z
20612473626,ASOCIACION DE PRODUCTORES PRODUCTIVOS  MISHKI MUYU DEL MEDIO TIGRE,ASOCIACION,,,HABIDO,ACTIVO,2024-04-15,2024-04-15,LORETO,LORETO,TIGRE,NRO. S/N COM. NATIVA ALFONSO UGARTE (RIO),,,SIN ACTIVIDAD,ELAB. PROD. DE PANADERIA.,ELAB. DE BEBIDAS NO ALCOHOLICAS.,,NO,,,,,2026-09-19T21:40:58.666Z
20612512320,ASOC. DE PRODUCTORES AGROPECUARIOS INDUSTRIALES Y CADENAS PRODUCTIVAS JAHUAY LA RINCONADA QUERAPI,ASOCIACION,,,HABIDO,ACTIVO,2024-04-23,2024-04-23,MOQUEGUA,MARISCAL NIETO,MOQUEGUA,PARC 1A MZA. C LOTE. 09 PAMPAS JAGUAY - RINCONADA (CRUCE TOQUEPALA),,,SIN ACTIVIDAD,ACTIVIDADES OTRAS ASOCIACIONES NCP.,EXPLOTACION MIXTA.,,NO,,,,,2026-09-19T21:35:37.435Z
20612596833,ASOCIACION DE PRODUCTORES AGRICOLAS SUMAC SARA DEL DISTRITO DE LUCRE,ASOCIACION,,,HABIDO,ACTIVO,2026-04-08,2026-04-13,CUSCO,QUISPICANCHI,LUCRE,CAL. MANCO CCAPAC NRO. SN (APROX 3CDRAS DE LA PLAZA),,,SIN ACTIVIDAD,"SERVICIOS AGRICOLAS, GANADERAS.",,,NO,,,,,2026-09-19T21:38:03.020Z
20612601462,COOPERATIVA AGRARIA DE PRODUCCION ORGANICA DE USUARIOS CHANKILLO COOPAGROCHANKILLO,"COOPERATIVAS, SAIS, CAPS",,,HABIDO,ACTIVO,2024-05-13,2024-05-13,ANCASH,CASMA,CASMA,PJ. RAMON CASTILLA MZA. N LOTE. 3 H.U. ZONA IV (AL LADO DEL PARQUE RAMON CASTILLA),,,SIN ACTIVIDAD,"SERVICIOS AGRICOLAS, GANADERAS.",,,NO,,,,,2026-09-19T21:42:35.997Z
20612652075,COOPERATIVA AGROINDUSTRIAL DE BAMBU DE LA REGION AMAZONAS,"COOPERATIVAS, SAIS, CAPS",,,HABIDO,ACTIVO,2024-05-23,2024-05-23,AMAZONAS,BAGUA,ARAMANGO,AV. PRINCIPAL NRO. REF C.P. EL MUYO (SUM.32263342 / A 50M DE LA COMISARIA),,,SIN ACTIVIDAD,SILVICULTURA Y EXT. DE MADERA.,CULTIVO DE HORTALIZAS Y LEGUMBRES.,FAB. OTROS PRODUCTOS DE MADERA.,NO,,,,,2026-09-19T21:44:11.515Z
20612751111,COOPERATIVA AGRARIA INDUSTRIAL VALLE VERDE SELVA CENTRAL,"COOPERATIVAS, SAIS, CAPS",,,HABIDO,ACTIVO,2024-06-14,2024-06-01,JUNIN,CHANCHAMAYO,PERENE,CAR. PRINCIPAL NRO. SN C.P. ZOTANI SECTOR YUNGOL (A 10 CDRAS DE LA ESCUELA N 30905),,,SIN ACTIVIDAD,EXPLOTACION MIXTA.,,,NO,,,,,2026-09-19T21:44:11.515Z
20612779598,"""COOPERATIVA AGRARIA TIAMBRA VALLE HUASAHUASI""","COOPERATIVAS, SAIS, CAPS",,,HABIDO,SUSPENSION TEMPORAL,2024-06-21,2024-06-21,JUNIN,TARMA,HUASAHUASI,BQ. TIAMBRA NRO. S/N CAS. TIAMBRA (S71347783 CERCA AL PUENTE),,,SIN ACTIVIDAD,CULTIVOS DE CEREALES.,CULTIVO DE HORTALIZAS Y LEGUMBRES.,,NO,,,,,2026-09-19T21:49:12.014Z
20612976857,COOPERATIVA AGRARIA YALPA LIMITADA,"COOPERATIVAS, SAIS, CAPS",,,HABIDO,ACTIVO,2024-08-08,2024-08-08,TACNA,TACNA,LA YARADA LOS PALOS,OTR. PARCELA NRO. 01 ASC. AGRICULTORES DE SANTA CAT,,,SIN ACTIVIDAD,CULTIVOS DE CEREALES.,CULTIVO DE FRUTAS.,,NO,,,,,2026-09-19T21:44:11.515Z
20612982407,ASOCIACION DE PRODUCTORES DE CAMU CAMU DE VILLA LAGUNAS,ASOCIACION,,,HABIDO,SUSPENSION TEMPORAL,2024-08-09,2024-08-09,LORETO,ALTO AMAZONAS,LAGUNAS,PADRE LUCERO MZA. 13 LOTE. 09 (COSTADO DE GRIFO JYM),,,SIN ACTIVIDAD,EXPLOTACION MIXTA.,,,NO,,,,,2026-09-19T21:49:13.930Z
20613016253,ASOCIACION DE PRODUCTORES MULTIPLES AGRARIOS DEL DISTRITO DE INCLAN,ASOCIACION,,,HABIDO,ACTIVO,2024-08-16,2024-08-16,TACNA,TACNA,INCLAN,MZA. A LOTE. 02 A.V. PROTER SAMA,,,SIN ACTIVIDAD,EXPLOTACION MIXTA.,,,NO,,,,,2026-09-19T21:40:58.666Z
20613037595,ASOCIACION DE PRODUCTORES PALTO MARCAHUASI-MOLLEPATA,ASOCIACION,,,HABIDO,BAJA DE OFICIO,2024-08-22,2024-08-22,CUSCO,ANTA,MOLLEPATA,NRO. SN SEC. MARCAHUASI,,,SIN ACTIVIDAD,ACTIVIDADES OTRAS ASOCIACIONES NCP.,"SERVICIOS AGRICOLAS, GANADERAS.",,NO,,,,,2026-09-19T21:49:12.014Z
20613068075,ASOCIACIÓN DE PRODUCTORES AGROPECUARIOS CORAZON DE LA SELVA - APROAGROCOSEL,ASOCIACION,,,HABIDO,ACTIVO,2024-08-28,2024-09-01,SAN MARTIN,MOYOBAMBA,CALZADA,JR. INDEPENDENCIA NRO. S/N (CDRA 6 - CERCA A LA MUNICIPALIDAD),,,SIN ACTIVIDAD,CULTIVO DE FRUTAS.,,,NO,,,,,2026-09-19T21:40:58.666Z
20613233106,ASOCIACION DE PRODUCTORES FRUTICOLAS QUIACA,ASOCIACION,,,HABIDO,ACTIVO,2024-10-02,2024-10-02,PUNO,SANDIA,QUIACA,NRO. SN SEC. DISTRITO QUIACA 2 (BARRIO PROGRESO),,,SIN ACTIVIDAD,CULTIVO DE FRUTAS.,EXPLOTACION MIXTA.,,NO,,,,,2026-09-19T21:40:58.666Z
20613667203,ASOCIACION DE PRODUCTORES AGROINDUSTRIALES HACIENDA SAN JOSE DE LA VILLA DE YARABAMBA,ASOCIACION,,,HABIDO,BAJA DE OFICIO,2025-01-16,2025-01-01,AREQUIPA,AREQUIPA,YARABAMBA,CAL. AMERICA NRO. 138 (A 2 CDRAS COMISARIA YARABAMBA),,,SIN ACTIVIDAD,ACTIVIDADES OTRAS ASOCIACIONES NCP.,,,NO,,,,,2026-09-19T21:49:12.014Z
20613899287,COOPERATIVA AGRARIA AGROFRUTOS ORGANICOS,"COOPERATIVAS, SAIS, CAPS",,,HABIDO,ACTIVO,2025-03-06,2025-03-01,LAMBAYEQUE,LAMBAYEQUE,MOTUPE,SECTOR SANTA ROSA NRO. SN CAS. TONGORRAPE (COSTADO DE LA CANCHITA DEPORTIVA),,,SIN ACTIVIDAD,"SERVICIOS AGRICOLAS, GANADERAS.",OTRAS ACTIVIDADES DE TRANSPORTES.,,NO,,,,,2026-09-19T21:42:35.997Z
20613911279,COOPERATIVA AGRARIA ARTESANAL CCORI PACCO DE INGAHUASI - PILPICHACA,"COOPERATIVAS, SAIS, CAPS",,,HABIDO,ACTIVO,2025-03-10,2025-03-10,HUANCAVELICA,HUAYTARA,PILPICHACA,MZA. L LOTE. 96 SEC. INGAHUASI (A 1/2 CDRA DE LA PLAZA),,,SIN ACTIVIDAD,OTROS TIPOS DE VENTA AL POR MENOR.,PREP Y TEJ DE FIBRAS TEXTILES.,FAB. DE PRENDAS DE VESTIR.,NO,,,,,2026-09-19T21:42:35.997Z
