name,title,organization,num_resources,num_tags,license_id,isopen,state,first_resource_url,first_resource_format,first_resource_status,created,modified
cantidad-de-investigadores-que-estudiaron-en-universidades-publicas-por-grados-academicos,Cantidad de investigadores que estudiaron en universidades publicas por grados academicos,Plataforma Nacional de Datos Abiertos,1,6,,,Active,http://datos.concytec.gob.pe/sites/default/files/DAT_INV_GRA_ACA_2.xlsx,XLSX,0,"Vie, 10/21/2016 - 15:30","Vie, 06/12/2026 - 10:22"
viáticos-de-entidades,Viáticos de entidades,Plataforma Nacional de Datos Abiertos,1,5,,,Active,https://www.datosabiertos.gob.pe/sites/default/files/ds_viatico_entidades_2016.csv,CSV,404,"Mié, 10/26/2016 - 13:02","Mié, 03/15/2017 - 13:58"
vehículos-de-entidades,Vehículos de entidades,Plataforma Nacional de Datos Abiertos,2,5,,,Active,https://www.datosabiertos.gob.pe/sites/default/files/ds_vehiculo_entidades_2015.csv,CSV,200,"Mié, 10/26/2016 - 16:36","Mié, 03/15/2017 - 13:58"
publicidad-de-entidades,Publicidad de entidades,Plataforma Nacional de Datos Abiertos,2,5,,,Active,https://www.datosabiertos.gob.pe/sites/default/files/ds_publicidad_entidades_2015.csv,CSV,200,"Mié, 10/26/2016 - 16:42","Mié, 03/15/2017 - 13:58"
teléfonos-de-entidades,Teléfonos de entidades,Plataforma Nacional de Datos Abiertos,2,5,,,Active,https://www.datosabiertos.gob.pe/sites/default/files/ds_telefono_entidades_2015.csv,CSV,200,"Mié, 10/26/2016 - 16:49","Mié, 03/15/2017 - 13:58"
tramite-de-entidades,Tramite de entidades,Plataforma Nacional de Datos Abiertos,1,5,,,Active,https://www.datosabiertos.gob.pe/sites/default/files/ds_tramite_entidades_2015.csv,CSV,200,"Mié, 11/02/2016 - 16:58","Mié, 03/15/2017 - 13:58"
ordenes-de-entidades,Ordenes de entidades,Plataforma Nacional de Datos Abiertos,2,5,,,Active,https://www.datosabiertos.gob.pe/sites/default/files/ds_orden_entidades_2015.csv,CSV,200,"Vie, 10/28/2016 - 10:40","Mié, 03/15/2017 - 13:58"
valorización-de-pérdidas-por-presencia-de-enfermedades-nivel-de-región-política-años-2012,Valorización de pérdidas por presencia de enfermedades a nivel de región política: años 2012-2013-2014-2015. ,Plataforma Nacional de Datos Abiertos,1,2,,,Active,https://www.datosabiertos.gob.pe/sites/default/files/Perdidas%20al%20VBP%20x%20efecto%20de%20plagas%202012_2014.xlsx,EXCEL,200,"Vie, 12/30/2016 - 17:12","Mié, 03/15/2017 - 17:02"
personal-de-entidades,Personal de entidades,Plataforma Nacional de Datos Abiertos,2,5,,,Active,https://www.datosabiertos.gob.pe/sites/default/files/ds_personal_entidades_2015.csv,CSV,200,"Mié, 10/26/2016 - 17:07","Mié, 03/15/2017 - 13:58"
inscripción-de-empresas-cubicadoras-osinergmin,Inscripción de Empresas Cubicadoras - OSINERGMIN,Plataforma Nacional de Datos Abiertos,1,0,,,Active,https://www.datosabiertos.gob.pe/sites/default/files/STE-Registro-Empresas-Cubicadoras.xls,XLB,200,"Mar, 01/03/2017 - 08:53","Mié, 12/17/2025 - 11:57"
registro-de-hidrocarburos-líquidos-osinergmin,Registro de Hidrocarburos Líquidos - Osinergmin,Plataforma Nacional de Datos Abiertos,11,2,,,Active,https://www.datosabiertos.gob.pe/sites/default/files/CDCLyOPDHconInstalacionesFijas.xls,XLB,200,"Mar, 01/03/2017 - 12:04","Mar, 04/07/2026 - 10:31"
registro-de-instaladores-habilitados-de-gas-natural-organismo-supervisor-de-la-inversión-en,Registro de instaladores habilitados de gas natural - [Organismo Supervisor de la Inversión en Energía y Minería - OSINERGMIN],Plataforma Nacional de Datos Abiertos,4,1,,,Active,https://www.datosabiertos.gob.pe/sites/default/files/PersonaJuridica.pdf,PDF,200,"Mar, 01/03/2017 - 10:16","Vie, 07/24/2026 - 10:37"
boletin,Boletin,Plataforma Nacional de Datos Abiertos,1,1,,,Active,https://www.datosabiertos.gob.pe/sites/default/files/BOLETIN%20INSTITUCIONAL%20N%C2%B001.pdf,PDF,200,"Mar, 01/03/2017 - 12:24","Jue, 07/06/2017 - 19:55"
instituciones-científicas-depositarias-de-material-biológico-serfor,Instituciones Científicas Depositarias de Material Biológico - SERFOR,Plataforma Nacional de Datos Abiertos,1,1,,,Active,https://www.datosabiertos.gob.pe/sites/default/files/Instituciones%20Cientificas%20Depositarias%20de%20Material%20Biologico.xlsx,XLSX,200,"Mar, 01/03/2017 - 16:22","Mié, 03/08/2017 - 14:09"
registro-nacional-de-infractores-serfor,Registro Nacional de Infractores - SERFOR,Plataforma Nacional de Datos Abiertos,1,1,,,Active,https://www.datosabiertos.gob.pe/sites/default/files/Registro%20Nacional%20de%20Infractores.xlsx,XLSX,200,"Mar, 01/03/2017 - 16:25","Vie, 06/17/2022 - 17:09"
boletín-estadístico-mensual-de-la-producción-y-comercialización-avícola,BOLETÍN ESTADÍSTICO MENSUAL DE LA PRODUCCIÓN Y COMERCIALIZACIÓN AVÍCOLA ,Plataforma Nacional de Datos Abiertos,44,1,,,Active,https://www.datosabiertos.gob.pe/sites/default/files/cuadros-produccion-comercializacion-avicola-set16.xls,XLB,200,"Mié, 01/04/2017 - 10:00","Mié, 11/08/2017 - 17:49"
boletín-estadístico-mensual-de-la-producción-y-comercialización-avícola-–-octubre-2016,Boletín Estadístico Mensual de la Producción y Comercialización Avícola – Octubre 2016-DGESEP-DEA,Plataforma Nacional de Datos Abiertos,0,0,,,Active,,,,"Mié, 01/04/2017 - 16:12","Mié, 03/08/2017 - 12:21"
registro-de-cultivares-comerciales-nivel-nacional,Registro de Cultivares Comerciales a Nivel Nacional,Plataforma Nacional de Datos Abiertos,9,3,,,Active,https://www.datosabiertos.gob.pe/sites/default/files/Registro%20Cultivar%20Comercial%20%282016-12%29.xls,EXCEL,200,"Mié, 01/04/2017 - 10:36","Mié, 07/12/2017 - 14:41"
boletin-hidrometeorológico,BOLETIN hidrometeorológico,Plataforma Nacional de Datos Abiertos,1,1,,,Active,https://www.datosabiertos.gob.pe/sites/default/files/bolitin%202016%20.ZIP,ZIP,200,"Mar, 01/10/2017 - 15:51","Jue, 07/06/2017 - 19:55"
temperatura-agua-y-ambiente-nodo-sensor-puerto-maldonado-represa-iiap,Temperatura Agua y Ambiente Nodo Sensor  Puerto Maldonado Represa- IIAP,Plataforma Nacional de Datos Abiertos,1,1,,,Active,https://www.datosabiertos.gob.pe/sites/default/files/SIMonitoreoIIAP-DatosHistoricos.xlsx,XLSX,200,"Mié, 01/11/2017 - 10:25","Jue, 07/16/2026 - 11:37"
cuadro-estadistico-de-autorización-de-desbosque-serfor,Cuadro Estadistico de Autorización de Desbosque - SERFOR,Plataforma Nacional de Datos Abiertos,1,1,,,Active,https://www.datosabiertos.gob.pe/sites/default/files/Cuadro%20Estadistico%20de%20Autorizaci%C3%B3n%20de%20Desbosque%20%202016.xls,XLSX,200,"Mié, 01/11/2017 - 16:06","Mié, 03/08/2017 - 14:09"
ley-de-agricultura-familiar,Ley de Agricultura Familiar ,Plataforma Nacional de Datos Abiertos,1,2,,,Active,http://www.agriculturafamiliarperu.pe/wp-content/uploads/2016/09/doc_ley_30355_pe__af.pdf,PDF,0,"Vie, 01/20/2017 - 17:48","Mié, 03/15/2017 - 13:58"
reglamento-de-la-ley-de-agricultura-familiar,Reglamento de la Ley de Agricultura Familiar,Plataforma Nacional de Datos Abiertos,1,1,,,Active,http://www.agriculturafamiliarperu.pe/wp-content/uploads/2016/10/D.S.-015-2016-MINAGRI-Reglamento-de-Ley-de-Agricultura-Familiar.pdf,PDF,0,"Vie, 01/20/2017 - 17:55","Mié, 03/08/2017 - 14:09"
autorizaciones-de-investigaciones-científicas-serfor,Autorizaciones de Investigaciones Científicas - SERFOR,Plataforma Nacional de Datos Abiertos,1,1,,,Active,https://www.datosabiertos.gob.pe/sites/default/files/Autorizaciones%20de%20Investigaciones%20Cient%C3%ADficas.xlsx,XLSX,200,"Mié, 01/11/2017 - 16:12","Mié, 03/08/2017 - 14:09"
relación-de-promotores-certificados-en-manejo-de-camélidos,Relación de Promotores CERTIFICADOS en Manejo de Camélidos,Plataforma Nacional de Datos Abiertos,1,1,,,Active,https://www.datosabiertos.gob.pe/sites/default/files/RELACION%20DE%20TALENTOS%20CERTIFICADOS%20para%20datos%20abiertos.csv,CSV,200,"Vie, 01/20/2017 - 18:29","Mié, 03/08/2017 - 14:09"
directorio-de-talentos-rurales-certificados-en-manejo-de-plantones-de-cacao-2016,Directorio de Talentos Rurales Certificados en Manejo de Plantones de Cacao 2016,Plataforma Nacional de Datos Abiertos,1,2,,,Active,https://www.datosabiertos.gob.pe/sites/default/files/RELACION%20CERTIFICADOS%20EN%20CACAO%20PARA%20PORTAL.xlsx,EXCEL,200,"Vie, 01/20/2017 - 18:38","Mié, 03/08/2017 - 14:09"
directorio-de-talentos-rurales-certificados-en-manejo-de-café-y-especies-asociadas,Directorio de Talentos Rurales Certificados en manejo de Café y Especies Asociadas,Plataforma Nacional de Datos Abiertos,0,2,,,Active,,,,"Vie, 01/20/2017 - 18:41","Mié, 03/08/2017 - 12:27"
directorio-de-talentos-rurales-certificados-por-agro-rural-en-manejo-de-café-y-especies,Directorio de Talentos Rurales Certificados por AGRO RURAL en manejo de Café y Especies Asociadas ,Plataforma Nacional de Datos Abiertos,1,2,,,Active,https://www.datosabiertos.gob.pe/sites/default/files/Relaci%C3%B3n%20de%20certificados%20%20Cafe%202016%20-%20para%20portal.xlsx,EXCEL,200,"Vie, 01/20/2017 - 18:45","Mié, 03/15/2017 - 17:02"
monto-del-seguro-catastrófico-según-región-y-cultivo,"Monto del seguro catastrófico, según región y cultivo",Plataforma Nacional de Datos Abiertos,1,1,,,Active,https://www.datosabiertos.gob.pe/sites/default/files/seguro.catastrofico.csv,CSV,200,"Dom, 02/05/2017 - 22:33","Mié, 03/15/2017 - 17:02"
plan-nacional-de-renovación-de-cafetales,Plan Nacional de renovación de cafetales,Plataforma Nacional de Datos Abiertos,1,0,,,Active,https://www.datosabiertos.gob.pe/sites/default/files/Plan%20Nacional%20de%20renovaci%C3%B3n%20de%20cafetales%20a%202%2C016.xlsx,EXCEL,200,"Lun, 01/23/2017 - 16:54","Mié, 03/15/2017 - 17:02"
directorio-de-gestores-de-sierra-y-selva-exportadora,Directorio de Gestores de Sierra y Selva Exportadora,Plataforma Nacional de Datos Abiertos,1,2,,,Active,https://www.datosabiertos.gob.pe/sites/default/files/GESTORES.csv,CSV,200,"Mar, 02/07/2017 - 17:58","Mié, 03/08/2017 - 14:09"
boletín-estadístico-de-comercio-exterior-agrario,BOLETÍN ESTADÍSTICO DE COMERCIO EXTERIOR AGRARIO,Plataforma Nacional de Datos Abiertos,40,1,,,Active,https://www.datosabiertos.gob.pe/sites/default/files/recursos/2017/09/COMERCIO%20EXTERIOR%20AGRARIO%20ENERO%202017.pdf,PDF,200,"Lun, 02/06/2017 - 10:59","Mar, 11/07/2017 - 11:43"
boletín-agrícola-pecuario-y-avícola-2016,Boletín Agrícola Pecuario y Avícola  2016,Plataforma Nacional de Datos Abiertos,3,0,,,Active,https://www.datosabiertos.gob.pe/sites/default/files/BOLET%C3%8DN%20AGR%C3%8DCOLA%20PECUARIO%20y%20AV%C3%8DCOLA%20%20DICIEMBRE%202016.pdf,PDF,200,"Mié, 03/01/2017 - 14:18","Mié, 03/15/2017 - 11:35"
disponibilidad-y-precio-de-venta-de-reproductores-en-estaciones-experimentales-agrarias,DISPONIBILIDAD Y PRECIO DE VENTA DE REPRODUCTORES EN ESTACIONES EXPERIMENTALES AGRARIAS,Plataforma Nacional de Datos Abiertos,1,1,,,Active,https://www.datosabiertos.gob.pe/sites/default/files/DISPONIBILIDAD%20Y%20PRECIO%20DE%20VENTA%20DE%20REPRODUCTORES%20EN%20ESTACIONES%20EXPERIMENTALES%20AGRARIAS.xlsx,EXCEL,200,"Mar, 03/21/2017 - 11:31","Vie, 07/07/2017 - 20:07"
lista-de-visitas-al-psi-2017,Lista de Visitas al PSI - 2017,Plataforma Nacional de Datos Abiertos,2,3,,,Active,https://www.datosabiertos.gob.pe/sites/default/files/VISITAS%20ENERO%202017.xls,XLS,200,"Mar, 03/28/2017 - 09:29","Vie, 11/18/2022 - 10:41"
catastro-forestal-nivel-nacional-serfor,Catastro Forestal (Nivel Nacional) - SERFOR,Plataforma Nacional de Datos Abiertos,2,1,,,Active,https://www.datosabiertos.gob.pe/sites/default/files/Catastro%20Forestal%20Marzo%202017_0.zip,ARCGIS,200,"Lun, 04/10/2017 - 10:53","Mié, 02/12/2025 - 18:34"
sunarp-2-registro-de-bienes-muebles,SUNARP | 2. REGISTRO DE BIENES MUEBLES,Plataforma Nacional de Datos Abiertos,1,4,,,Active,https://www.gob.pe/institucion/sunarp/informes-publicaciones/1433955-2-registro-de-bienes-muebles-ogpp,,200,"Mié, 04/12/2017 - 16:28","Mié, 01/21/2026 - 17:55"
sunarp-1-registro-de-propiedad-inmueble,SUNARP | 1. REGISTRO DE PROPIEDAD INMUEBLE,Plataforma Nacional de Datos Abiertos,1,7,,,Active,https://www.gob.pe/institucion/sunarp/informes-publicaciones/1433948-1-registro-de-propiedad-inmueble-ogpp,DATA,200,"Mié, 04/12/2017 - 08:20","Mié, 01/21/2026 - 17:55"
sunarp-3-registro-de-personas-naturales,SUNARP | 3. REGISTRO DE PERSONAS NATURALES,Plataforma Nacional de Datos Abiertos,1,5,,,Active,https://www.gob.pe/institucion/sunarp/informes-publicaciones/1433961-3-registro-de-personas-naturales-ogpp,,200,"Mié, 04/12/2017 - 16:40","Mié, 01/21/2026 - 17:56"
sunarp-4-registro-de-personas-jurídicas,SUNARP | 4. REGISTRO DE PERSONAS JURÍDICAS,Plataforma Nacional de Datos Abiertos,1,4,,,Active,https://www.gob.pe/institucion/sunarp/informes-publicaciones/1433963-4-registro-de-personas-juridicas-ogpp,,200,"Mié, 04/12/2017 - 16:45","Mié, 01/21/2026 - 17:57"
sunarp-7-títulos-presentados-e-inscritos-consolidado-de-los-cuatro-registros,SUNARP | 7. TÍTULOS PRESENTADOS E INSCRITOS (CONSOLIDADO DE LOS CUATRO REGISTROS),Plataforma Nacional de Datos Abiertos,1,2,,,Active,https://www.gob.pe/institucion/sunarp/informes-publicaciones/1433973-7-titulos-presentados-e-inscritos-consolidados-de-los-cuatro-registros-ogpp,,200,"Mié, 04/12/2017 - 17:07","Mié, 01/21/2026 - 17:53"
sunarp-6-servicios-registrales,SUNARP | 6. SERVICIOS REGISTRALES,Plataforma Nacional de Datos Abiertos,1,1,,,Active,https://www.gob.pe/institucion/sunarp/informes-publicaciones/1433966-6-servicios-registrales-ogpp,,200,"Mié, 04/12/2017 - 17:04","Mié, 01/21/2026 - 17:58"
precios-por-productos-variedad-año-2017-kg,PRECIOS POR PRODUCTOS VARIEDAD AÑO 2017  KG.,Plataforma Nacional de Datos Abiertos,1,0,,,Active,https://www.datosabiertos.gob.pe/sites/default/files/prec.mensual.xlsx,XLSX,200,"Lun, 04/24/2017 - 12:33","Vie, 07/07/2017 - 20:07"
ingreso-diarios-de-precios-por-variedad-de-producto-en-kg-abril-2017,INGRESO DIARIOS DE PRECIOS POR VARIEDAD  DE PRODUCTO EN KG.  ABRIL  2017,Plataforma Nacional de Datos Abiertos,1,0,,,Active,https://www.datosabiertos.gob.pe/sites/default/files/PRC.ABRIL_.xlsx,XLSX,200,"Lun, 04/24/2017 - 12:24","Vie, 07/07/2017 - 20:07"
ingreso-diario-de-volumenes-tm-de-productos-al-gmml-del-01-al-18-de-abril-2017,INGRESO DIARIO DE VOLUMENES ( TM ) DE PRODUCTOS AL GMML	- DEL   01 AL 18   DE  ABRIL  2017,Plataforma Nacional de Datos Abiertos,1,0,,,Active,https://www.datosabiertos.gob.pe/sites/default/files/VOL.ABRIL_.xlsx,XLSX,200,"Lun, 04/24/2017 - 12:36","Vie, 07/07/2017 - 20:07"
volumenes-y-procedencias-del-producto-del-año-2017,VOLUMENES Y PROCEDENCIAS DEL PRODUCTO DEL AÑO: 2017,Plataforma Nacional de Datos Abiertos,1,0,,,Active,https://www.datosabiertos.gob.pe/sites/default/files/VOL.PROC_.PROD_..xlsx,XLSX,200,"Lun, 04/24/2017 - 12:38","Vie, 07/07/2017 - 20:07"
volumenes-de-producto-por-varieadad-tm-del-año-2017,VOLUMENES DE PRODUCTO POR VARIEADAD   TM. DEL AÑO 2017,Plataforma Nacional de Datos Abiertos,1,0,,,Active,https://www.datosabiertos.gob.pe/sites/default/files/VOL.PROD_..xlsx,XLSX,200,"Lun, 04/24/2017 - 12:39","Vie, 07/07/2017 - 20:07"
ingreso-diarios-de-precios-por-variedad-de-producto-en-kg-del-01-al-19-de-abril-2017,INGRESO DIARIOS DE PRECIOS POR VARIEDAD  DE PRODUCTO EN KG.  DEL 01 AL 19 DE ABRIL  2017,Plataforma Nacional de Datos Abiertos,1,0,,,Active,https://www.datosabiertos.gob.pe/sites/default/files/PRC.ABRIL__0.xlsx,XLSX,200,"Lun, 04/24/2017 - 15:43","Vie, 07/07/2017 - 20:07"
ingreso-diario-de-volumenes-tm-de-productos-al-gmml-del-01-al-19-de-abril-2017,INGRESO DIARIO DE VOLUMENES ( TM ) DE PRODUCTOS AL GMML DEL   01 AL 19   DE  ABRIL  2017,Plataforma Nacional de Datos Abiertos,1,0,,,Active,https://www.datosabiertos.gob.pe/sites/default/files/VOL.ABRIL__0.xlsx,XLSX,200,"Lun, 04/24/2017 - 15:39","Vie, 07/07/2017 - 20:07"
precios-por-productos-variedad-año-2017-kg-del-01-al-19-de-abril,PRECIOS POR PRODUCTOS VARIEDAD AÑO 2017  KG. DEL 01 AL 19 DE ABRIL,Plataforma Nacional de Datos Abiertos,1,0,,,Active,https://www.datosabiertos.gob.pe/sites/default/files/prec.mensual_0.xlsx,XLSX,200,"Lun, 04/24/2017 - 15:44","Vie, 07/07/2017 - 20:07"
volumenes-de-producto-por-varieadad-tm-del-01-al-19-de-abril-del-año-2017,VOLUMENES DE PRODUCTO POR VARIEADAD   TM. DEL 01 AL 19 DE ABRIL DEL AÑO 2017 ,Plataforma Nacional de Datos Abiertos,1,0,,,Active,https://www.datosabiertos.gob.pe/sites/default/files/VOL.PROD_._0.xlsx,XLSX,200,"Lun, 04/24/2017 - 15:47","Vie, 07/07/2017 - 20:07"
ingreso-diario-de-volumenes-tm-de-productos-al-gmml-del-01-al-20-de-abril-2017,INGRESO DIARIO DE VOLUMENES ( TM ) DE PRODUCTOS AL GMML DEL   01 AL 20  DE  ABRIL  2017,Plataforma Nacional de Datos Abiertos,1,0,,,Active,https://www.datosabiertos.gob.pe/sites/default/files/VOL.ABRIL__1.xlsx,XLSX,200,"Lun, 04/24/2017 - 15:53","Vie, 07/07/2017 - 20:07"
volumenes-y-procedencias-del-producto-del-año-2017-del-01-al-19-de-abril,VOLUMENES Y PROCEDENCIAS DEL PRODUCTO DEL AÑO:    2017 DEL 01 AL 19 DE ABRIL,Plataforma Nacional de Datos Abiertos,1,0,,,Active,https://www.datosabiertos.gob.pe/sites/default/files/VOL.PROC_.PROD_._0.xlsx,XLSX,200,"Lun, 04/24/2017 - 15:49","Vie, 07/07/2017 - 20:07"
precios-por-productos-variedad-del-01-al-20-de-abril-año-2017-kg,PRECIOS POR PRODUCTOS VARIEDAD DEL 01 AL 20 DE ABRIL  AÑO 2017  KG.,Plataforma Nacional de Datos Abiertos,1,0,,,Active,https://www.datosabiertos.gob.pe/sites/default/files/prec.mensual_1.xlsx,XLSX,200,"Lun, 04/24/2017 - 15:59","Vie, 07/07/2017 - 20:07"
sunarp-5-publicidad-registral,SUNARP | 5. PUBLICIDAD REGISTRAL,Plataforma Nacional de Datos Abiertos,1,2,,,Active,https://www.gob.pe/institucion/sunarp/informes-publicaciones/1433964-5-publicidad-registral-ogpp,,200,"Mié, 04/12/2017 - 17:00","Mié, 01/21/2026 - 17:57"
ingreso-diarios-de-precios-por-variedad-de-producto-en-kg-del-01-al-20-de-abril-2017,INGRESO DIARIOS DE PRECIOS POR VARIEDAD  DE PRODUCTO EN KG.  DEL 01 AL 20 DE ABRIL  2017,Plataforma Nacional de Datos Abiertos,1,0,,,Active,https://www.datosabiertos.gob.pe/sites/default/files/PRC.ABRIL__1.xlsx,XLSX,200,"Lun, 04/24/2017 - 15:54","Vie, 07/07/2017 - 20:07"
volumenes-y-procedencias-del-producto-del-01-al-20-del-año-2017,VOLUMENES Y PROCEDENCIAS DEL PRODUCTO DEL 01 AL 20 DEL AÑO:    2017,Plataforma Nacional de Datos Abiertos,1,0,,,Active,https://www.datosabiertos.gob.pe/sites/default/files/VOL.PROC_.PROD_._1.xlsx,XLSX,200,"Lun, 04/24/2017 - 16:04","Vie, 07/07/2017 - 20:07"
volumenes-de-producto-por-varieadad-tm-del-01-al-20-del-año-2017,VOLUMENES DE PRODUCTO POR VARIEADAD   TM. DEL 01 AL 20 DEL AÑO 2017,Plataforma Nacional de Datos Abiertos,1,0,,,Active,https://www.datosabiertos.gob.pe/sites/default/files/VOL.PROD_._1.xlsx,XLSX,200,"Lun, 04/24/2017 - 16:03","Vie, 07/07/2017 - 20:07"
ingreso-diarios-de-precios-por-variedad-de-producto-en-kg-del-01-al-21-de-abril-2017,INGRESO DIARIOS DE PRECIOS POR VARIEDAD  DE PRODUCTO EN KG. DEL 01 AL 21 DE ABRIL  2017,Plataforma Nacional de Datos Abiertos,1,0,,,Active,https://www.datosabiertos.gob.pe/sites/default/files/PRC.ABRIL__2.xlsx,XLSX,200,"Mar, 04/25/2017 - 08:23","Vie, 07/07/2017 - 20:07"
precios-por-productos-variedad-del-01-al-21-de-abril-del-año-2017-kg,PRECIOS POR PRODUCTOS VARIEDAD DEL 01 AL 21 DE ABRIL DEL AÑO 2017  KG.,Plataforma Nacional de Datos Abiertos,1,0,,,Active,https://www.datosabiertos.gob.pe/sites/default/files/prec.mensual_2.xlsx,XLSX,200,"Mar, 04/25/2017 - 08:25","Vie, 07/07/2017 - 20:07"
ingreso-diario-de-volumenes-tm-de-productos-al-gmml-del-01-al-21-de-abril-2017,INGRESO DIARIO DE VOLUMENES ( TM ) DE PRODUCTOS AL GMML DEL   01 AL 21  DE  ABRIL  2017,Plataforma Nacional de Datos Abiertos,1,0,,,Active,https://www.datosabiertos.gob.pe/sites/default/files/VOL.ABRIL__2.xlsx,XLSX,200,"Mar, 04/25/2017 - 08:21","Vie, 07/07/2017 - 20:07"
volumenes-de-producto-por-varieadad-tm-del-01-al-21-de-abril-del-año-2017,VOLUMENES DE PRODUCTO POR VARIEADAD   TM. DEL 01 AL 21 DE ABRIL DEL AÑO 2017,Plataforma Nacional de Datos Abiertos,1,0,,,Active,https://www.datosabiertos.gob.pe/sites/default/files/VOL.PROD_._2.xlsx,XLSX,200,"Mar, 04/25/2017 - 08:27","Vie, 07/07/2017 - 20:07"
ingreso-diarios-de-precios-por-variedad-de-producto-en-kg-del-01-al-24-de-abril-2017,INGRESO DIARIOS DE PRECIOS POR VARIEDAD  DE PRODUCTO EN KG.  DEL 01 AL 24 DE ABRIL  2017,Plataforma Nacional de Datos Abiertos,1,0,,,Active,https://www.datosabiertos.gob.pe/sites/default/files/PRC.ABRIL__3.xlsx,XLSX,200,"Mar, 04/25/2017 - 08:50","Vie, 07/07/2017 - 20:07"
ingreso-diario-de-volumenes-tm-de-productos-al-gmml-del-01-al-24-de-abril-2017,INGRESO DIARIO DE VOLUMENES ( TM ) DE PRODUCTOS AL GMML DEL   01 AL 24  DE  ABRIL  2017,Plataforma Nacional de Datos Abiertos,1,0,,,Active,https://www.datosabiertos.gob.pe/sites/default/files/VOL.ABRIL__3.xlsx,XLSX,200,"Mar, 04/25/2017 - 08:48","Vie, 07/07/2017 - 20:07"
volumenes-y-procedencias-del-producto-del-01-al-21-de-abril-del-año-2017,VOLUMENES Y PROCEDENCIAS DEL PRODUCTO DEL 01 AL 21 DE ABRIL DEL AÑO:    2017,Plataforma Nacional de Datos Abiertos,1,0,,,Active,https://www.datosabiertos.gob.pe/sites/default/files/VOL.PROC_.PROD_._2.xlsx,XLSX,200,"Mar, 04/25/2017 - 08:30","Vie, 07/07/2017 - 20:07"
volumenes-de-producto-por-varieadad-tm-del-01-al-24-de-abril-del-año-2017,VOLUMENES DE PRODUCTO POR VARIEADAD   TM. DEL 01 AL 24 DE ABRIL DEL AÑO 2017,Plataforma Nacional de Datos Abiertos,1,0,,,Active,https://www.datosabiertos.gob.pe/sites/default/files/VOL.PROD_._3.xlsx,XLSX,200,"Mar, 04/25/2017 - 09:01","Vie, 07/07/2017 - 20:07"
volumenes-y-procedencias-del-producto-del-01-al-24-de-abril-del-año-2017,VOLUMENES Y PROCEDENCIAS DEL PRODUCTO DEL 01 AL 24 DE ABRIL DEL AÑO:    2017,Plataforma Nacional de Datos Abiertos,1,0,,,Active,https://www.datosabiertos.gob.pe/sites/default/files/VOL.PROC_.PROD_._3.xlsx,XLSX,200,"Mar, 04/25/2017 - 09:03","Vie, 07/07/2017 - 20:07"
precios-por-productos-variedad-del-01-al-24-de-abril-del-año-2017-kg,PRECIOS POR PRODUCTOS VARIEDAD DEL 01 AL 24 DE ABRIL DEL AÑO 2017  KG.,Plataforma Nacional de Datos Abiertos,1,0,,,Active,https://www.datosabiertos.gob.pe/sites/default/files/prec.mensual_3.xlsx,XLSX,200,"Mar, 04/25/2017 - 08:54","Vie, 07/07/2017 - 20:07"
ingreso-diario-de-volumenes-tm-de-productos-al-gmml-del-01-al-25-de-abril-2017,INGRESO DIARIO DE VOLUMENES ( TM ) DE PRODUCTOS AL GMML DEL   01 AL 25  DE  ABRIL  2017,Plataforma Nacional de Datos Abiertos,1,0,,,Active,https://www.datosabiertos.gob.pe/sites/default/files/VOL.ABRIL__4.xlsx,XLSX,200,"Mar, 04/25/2017 - 14:33","Vie, 07/07/2017 - 20:07"
volumenes-de-producto-por-varieadad-tm-del-01-al-25-de-abril-del-año-2017,VOLUMENES DE PRODUCTO POR VARIEADAD   TM. DEL 01 AL 25 DE ABRIL DEL AÑO 2017,Plataforma Nacional de Datos Abiertos,1,0,,,Active,https://www.datosabiertos.gob.pe/sites/default/files/VOL.PROD_._4.xlsx,XLSX,200,"Mar, 04/25/2017 - 14:40","Vie, 07/07/2017 - 20:07"
ingreso-diarios-de-precios-por-variedad-de-producto-en-kg-del-01-al-25-de-abril-2017,INGRESO DIARIOS DE PRECIOS POR VARIEDAD  DE PRODUCTO EN KG.  DEL 01 AL 25 DE ABRIL  2017,Plataforma Nacional de Datos Abiertos,1,0,,,Active,https://www.datosabiertos.gob.pe/sites/default/files/PRC.ABRIL__4.xlsx,XLSX,200,"Mar, 04/25/2017 - 14:35","Vie, 07/07/2017 - 20:07"
ingreso-diario-de-volumenes-tm-de-productos-al-gmml-del-01-al-26-de-abril-2017,INGRESO DIARIO DE VOLUMENES ( TM ) DE PRODUCTOS AL GMML DEL   01 AL 26  DE  ABRIL  2017,Plataforma Nacional de Datos Abiertos,1,0,,,Active,https://www.datosabiertos.gob.pe/sites/default/files/VOL.ABRIL__5.xlsx,XLSX,200,"Mié, 04/26/2017 - 12:40","Vie, 07/07/2017 - 20:07"
precios-por-productos-variedad-del-01-al-25-de-abril-del-año-2017-kg,PRECIOS POR PRODUCTOS VARIEDAD DEL 01 AL 25 DE ABRIL DEL AÑO 2017  KG.,Plataforma Nacional de Datos Abiertos,1,0,,,Active,https://www.datosabiertos.gob.pe/sites/default/files/prec.mensual_4.xlsx,XLSX,200,"Mar, 04/25/2017 - 14:38","Vie, 07/07/2017 - 20:07"
volumenes-y-procedencias-del-producto-del-01-al-25-de-abril-del-año-2017,VOLUMENES Y PROCEDENCIAS DEL PRODUCTO DEL 01 AL 25 DE ABRIL DEL AÑO:    2017,Plataforma Nacional de Datos Abiertos,1,0,,,Active,https://www.datosabiertos.gob.pe/sites/default/files/VOL.PROC_.PROD_._4.xlsx,XLSX,200,"Mar, 04/25/2017 - 14:42","Vie, 07/07/2017 - 20:07"
precios-por-productos-variedad-del-01-al-26-de-abril-del-año-2017-kg,PRECIOS POR PRODUCTOS VARIEDAD DEL 01 AL 26 DE ABRIL DEL AÑO 2017  KG.,Plataforma Nacional de Datos Abiertos,1,0,,,Active,https://www.datosabiertos.gob.pe/sites/default/files/prec.mensual_5.xlsx,XLSX,200,"Mié, 04/26/2017 - 12:44","Vie, 07/07/2017 - 20:07"
ingreso-diarios-de-precios-por-variedad-de-producto-en-kg-del-01-al-26-de-abril-2017,INGRESO DIARIOS DE PRECIOS POR VARIEDAD  DE PRODUCTO EN KG.  DEL 01 AL 26 DE ABRIL  2017,Plataforma Nacional de Datos Abiertos,1,0,,,Active,https://www.datosabiertos.gob.pe/sites/default/files/PRC.ABRIL__5.xlsx,XLSX,200,"Mié, 04/26/2017 - 12:41","Vie, 07/07/2017 - 20:07"
volumenes-y-procedencias-del-producto-del-01-al-26-de-abril-del-año-2017,VOLUMENES Y PROCEDENCIAS DEL PRODUCTO DEL 01 AL 26 DE ABRIL DEL AÑO:    2017,Plataforma Nacional de Datos Abiertos,1,0,,,Active,https://www.datosabiertos.gob.pe/sites/default/files/VOL.PROC_.PROD_._5.xlsx,XLSX,200,"Mié, 04/26/2017 - 12:48","Vie, 07/07/2017 - 20:07"
volumenes-de-producto-por-varieadad-tm-del-01-al-26-de-abril-del-año-2017,VOLUMENES DE PRODUCTO POR VARIEADAD   TM. DEL 01 AL 26 DE ABRIL DEL AÑO 2017,Plataforma Nacional de Datos Abiertos,1,0,,,Active,https://www.datosabiertos.gob.pe/sites/default/files/VOL.PROD_._5.xlsx,XLSX,200,"Mié, 04/26/2017 - 12:46","Vie, 07/07/2017 - 20:07"
ingreso-diario-de-volumenes-tm-de-productos-al-gmml-del-01-al-27-de-abril-2017,INGRESO DIARIO DE VOLUMENES ( TM ) DE PRODUCTOS AL GMML DEL   01 AL 27  DE  ABRIL  2017,Plataforma Nacional de Datos Abiertos,1,0,,,Active,https://www.datosabiertos.gob.pe/sites/default/files/VOL.ABRIL__6.xlsx,XLSX,200,"Jue, 04/27/2017 - 14:33","Vie, 07/07/2017 - 20:07"
volumenes-de-producto-por-varieadad-tm-del-01-al-27-de-abril-del-año-2017,VOLUMENES DE PRODUCTO POR VARIEADAD   TM. DEL 01 AL 27 DE ABRIL DEL AÑO 2017,Plataforma Nacional de Datos Abiertos,1,0,,,Active,https://www.datosabiertos.gob.pe/sites/default/files/VOL.PROD_._6.xlsx,XLSX,200,"Jue, 04/27/2017 - 14:40","Vie, 07/07/2017 - 20:07"
precios-por-productos-variedad-del-01-al-27-de-abril-del-año-2017-kg,PRECIOS POR PRODUCTOS VARIEDAD DEL 01 AL 27 DE ABRIL DEL AÑO 2017  KG.,Plataforma Nacional de Datos Abiertos,1,0,,,Active,https://www.datosabiertos.gob.pe/sites/default/files/prec.mensual_6.xlsx,XLSX,200,"Jue, 04/27/2017 - 14:39","Vie, 07/07/2017 - 20:07"
ingreso-diarios-de-precios-por-variedad-de-producto-en-kg-del-01-al-27-de-abril-del-2017,INGRESO DIARIOS DE PRECIOS POR VARIEDAD  DE PRODUCTO EN KG.  DEL 01 AL 27 DE ABRIL DEL 2017,Plataforma Nacional de Datos Abiertos,1,0,,,Active,https://www.datosabiertos.gob.pe/sites/default/files/PRC.ABRIL__6.xlsx,XLSX,200,"Jue, 04/27/2017 - 14:34","Vie, 07/07/2017 - 20:07"
ingreso-diario-de-volumenes-tm-de-productos-al-gmml-del-01-al-28-de-abril-2017,INGRESO DIARIO DE VOLUMENES ( TM ) DE PRODUCTOS AL GMML DEL   01 AL 28  DE  ABRIL  2017,Plataforma Nacional de Datos Abiertos,1,0,,,Active,https://www.datosabiertos.gob.pe/sites/default/files/VOL.ABRIL__7.xlsx,XLSX,200,"Vie, 04/28/2017 - 12:02","Vie, 07/07/2017 - 20:07"
volumenes-y-procedencias-del-producto-del-01-al-27-de-abril-del-año-2017,VOLUMENES Y PROCEDENCIAS DEL PRODUCTO DEL 01 AL 27 DE ABRIL DEL AÑO:    2017,Plataforma Nacional de Datos Abiertos,1,0,,,Active,https://www.datosabiertos.gob.pe/sites/default/files/VOL.PROC_.PROD_._6.xlsx,XLSX,200,"Jue, 04/27/2017 - 14:41","Vie, 07/07/2017 - 20:07"
precios-por-productos-variedad-del-01-al-28-de-abril-del-año-2017-kg,PRECIOS POR PRODUCTOS VARIEDAD DEL 01 AL 28 DE ABRIL DEL AÑO 2017  KG.,Plataforma Nacional de Datos Abiertos,1,0,,,Active,https://www.datosabiertos.gob.pe/sites/default/files/prec.mensual_7.xlsx,XLSX,200,"Vie, 04/28/2017 - 12:09","Vie, 07/07/2017 - 20:07"
ingreso-diarios-de-precios-por-variedad-de-producto-en-kg-del-01-al-28-de-abril-2017,INGRESO DIARIOS DE PRECIOS POR VARIEDAD  DE PRODUCTO EN KG.  DEL 01 AL 28 DE ABRIL 2017,Plataforma Nacional de Datos Abiertos,1,0,,,Active,https://www.datosabiertos.gob.pe/sites/default/files/PRC.ABRIL__7.xlsx,XLSX,200,"Vie, 04/28/2017 - 12:05","Vie, 07/07/2017 - 20:07"
volumenes-de-producto-por-varieadad-tm-del-01-al-28-de-abril-del-año-2017,VOLUMENES DE PRODUCTO POR VARIEADAD   TM. DEL 01 AL 28 DE ABRIL DEL AÑO 2017,Plataforma Nacional de Datos Abiertos,1,0,,,Active,https://www.datosabiertos.gob.pe/sites/default/files/VOL.PROD_._7.xlsx,XLSX,200,"Vie, 04/28/2017 - 12:10","Vie, 07/07/2017 - 20:07"
documentos-normativos,Documentos normativos,Plataforma Nacional de Datos Abiertos,1,3,,,Active,https://www.datosabiertos.gob.pe/sites/default/files/documentos-normativos.csv,CSV,200,"Mar, 05/02/2017 - 15:34","Vie, 06/12/2026 - 10:31"
convenios-interinstitucionales-del-pronabec,Convenios interinstitucionales del Pronabec,Plataforma Nacional de Datos Abiertos,1,3,,,Active,https://www.datosabiertos.gob.pe/sites/default/files/convenios-interinstitucionales.csv,CSV,200,"Mar, 05/02/2017 - 15:48","Vie, 06/12/2026 - 10:32"
volumenes-y-procedencias-del-producto-del-01-al-28-de-abril-del-año-2017,VOLUMENES Y PROCEDENCIAS DEL PRODUCTO DEL 01 AL 28 DE ABRIL DEL AÑO:    2017,Plataforma Nacional de Datos Abiertos,1,0,,,Active,https://www.datosabiertos.gob.pe/sites/default/files/VOL.PROC_.PROD_._7.xlsx,XLSX,200,"Vie, 04/28/2017 - 12:11","Vie, 07/07/2017 - 20:07"
convocatorias-cas-del-pronabec,Convocatorias CAS del Pronabec,Plataforma Nacional de Datos Abiertos,1,2,,,Active,https://www.datosabiertos.gob.pe/sites/default/files/convocatoria-cas-del-pronabec.csv,CSV,200,"Mar, 05/02/2017 - 15:59","Vie, 06/12/2026 - 10:32"
notas-de-prensa-del-pronabec,Notas de Prensa del Pronabec,Plataforma Nacional de Datos Abiertos,1,2,,,Active,https://www.datosabiertos.gob.pe/sites/default/files/notas-de-prensa-del-pronabec.csv,CSV,200,"Mar, 05/02/2017 - 16:09","Vie, 06/12/2026 - 10:34"
procesos-de-adquisición-y-contratación-del-pronabec,Procesos de Adquisición y Contratación del Pronabec,Plataforma Nacional de Datos Abiertos,1,4,,,Active,https://www.datosabiertos.gob.pe/sites/default/files/procesos-de-adquisicion-y-contratacion.csv,CSV,200,"Mar, 05/02/2017 - 16:15","Vie, 06/12/2026 - 10:35"
entidades-carreras-y-áreas-participantes-en-crédito-18-del-pronabec,"Entidades, Carreras y Áreas participantes en Crédito 18 del Pronabec",Plataforma Nacional de Datos Abiertos,1,4,,,Active,https://www.datosabiertos.gob.pe/sites/default/files/entidad-carrera-area-credito18.csv,CSV,200,"Mar, 05/02/2017 - 16:49","Vie, 06/12/2026 - 10:37"
publicaciones-del-pronabec,Publicaciones del Pronabec,Plataforma Nacional de Datos Abiertos,1,2,,,Active,https://www.datosabiertos.gob.pe/sites/default/files/publicaciones-del-pronabec.csv,CSV,200,"Mar, 05/02/2017 - 16:32","Vie, 06/12/2026 - 10:36"
monedas-de-subvención-pronabec,Monedas de Subvención - PRONABEC,Plataforma Nacional de Datos Abiertos,4,3,,,Active,https://www.datosabiertos.gob.pe/sites/default/files/monedas-de-la-subvencion.csv,CSV,200,"Mar, 05/02/2017 - 16:41","Lun, 08/03/2026 - 19:58"
premios-obtenidos-por-el-pronabec,Premios Obtenidos por el Pronabec,Plataforma Nacional de Datos Abiertos,1,2,,,Active,https://www.datosabiertos.gob.pe/sites/default/files/premios-y-reconocimientos.csv,CSV,200,"Mar, 05/02/2017 - 16:56","Jue, 07/06/2017 - 19:55"
asistencia-la-feria-expoempleo-2015-del-pronabec,Asistencia a la Feria Expoempleo 2015 del Pronabec,Plataforma Nacional de Datos Abiertos,1,2,,,Active,https://www.datosabiertos.gob.pe/sites/default/files/asistencia-feria-expoempleo.csv,CSV,200,"Mar, 05/02/2017 - 17:21","Jue, 07/06/2017 - 19:55"
resoluciones-directorales-ejecutivas-del-pronabec,Resoluciones Directorales Ejecutivas del Pronabec,Plataforma Nacional de Datos Abiertos,1,5,,,Active,https://www.datosabiertos.gob.pe/sites/default/files/rde.csv,CSV,200,"Mar, 05/02/2017 - 17:12","Vie, 06/12/2026 - 10:38"
capacitaciones-realizadas-en-el-pronabec,Capacitaciones realizadas en el Pronabec,Plataforma Nacional de Datos Abiertos,1,2,,,Active,https://www.datosabiertos.gob.pe/sites/default/files/capacitaciones.csv,CSV,200,"Mié, 05/03/2017 - 08:37","Vie, 06/12/2026 - 10:39"
conceptos-de-pago-de-las-subvenciones-de-becas-del-pronabec,Conceptos de pago de las subvenciones de becas del Pronabec,Plataforma Nacional de Datos Abiertos,2,4,,,Active,https://www.datosabiertos.gob.pe/sites/default/files/concepto-de-pago-de-subvenciones.csv,CSV,200,"Mié, 05/03/2017 - 08:53","Mar, 09/12/2017 - 17:09"
ubigeo-del-postulante-becas-pronabec,Ubigeo del Postulante a Becas - PRONABEC,Plataforma Nacional de Datos Abiertos,3,4,,,Active,https://www.datosabiertos.gob.pe/sites/default/files/Dataset%20Ubigeo%20del%20Postulante%20a%20Becas.csv,.CSV,200,"Mié, 05/03/2017 - 09:06","Mié, 06/17/2026 - 17:15"
perfil-del-personal-del-pronabec,Perfil del Personal del Pronabec,Plataforma Nacional de Datos Abiertos,1,1,,,Active,https://www.datosabiertos.gob.pe/sites/default/files/perfil-profesional-del-pronabec.csv,CSV,200,"Mié, 05/03/2017 - 09:22","Vie, 06/12/2026 - 10:41"
estados-del-becario-del-pronabec,Estados del Becario del Pronabec,Plataforma Nacional de Datos Abiertos,1,2,,,Active,https://www.datosabiertos.gob.pe/sites/default/files/estados-del-becario.csv,CSV,200,"Mié, 05/03/2017 - 09:27","Vie, 06/12/2026 - 10:40"
precios-por-productos-variedad-año-del-01-al-30-de-abril-del-2017-kg,PRECIOS POR PRODUCTOS VARIEDAD AÑO DEL 01 AL 30 DE ABRIL DEL 2017  KG.,Plataforma Nacional de Datos Abiertos,1,0,,,Active,https://www.datosabiertos.gob.pe/sites/default/files/prec.mensual_8.xlsx,XLSX,200,"Mié, 05/03/2017 - 14:36","Vie, 07/07/2017 - 20:07"
ingreso-diario-de-volumenes-tm-de-productos-al-gmml-del-01-al-30-de-abril-2017,INGRESO DIARIO DE VOLUMENES ( TM ) DE PRODUCTOS AL GMML	DEL   01 AL  30  DE  ABRIL  2017,Plataforma Nacional de Datos Abiertos,1,0,,,Active,https://www.datosabiertos.gob.pe/sites/default/files/VOL.ABRIL__8.xlsx,XLSX,200,"Mié, 05/03/2017 - 14:29","Vie, 07/07/2017 - 20:07"
estadística-de-la-producción-de-los-principales-productos-metálicos-y-no-metálicos-nivel,Estadística de la producción de los principales productos metálicos y no metálicos a nivel nacional,Plataforma Nacional de Datos Abiertos,1,2,,,Active,http://www.minem.gob.pe/_estadisticaSector.php?idSector=1&idCategoria=10,APPLICATION/VND,200,"Mié, 05/03/2017 - 11:33","Vie, 02/22/2019 - 19:03"
ingreso-diarios-de-precios-por-variedad-de-producto-en-kg-del-01-al-30-de-abril-del-2017,INGRESO DIARIOS DE PRECIOS POR VARIEDAD  DE PRODUCTO EN KG. DEL 01 AL 30 DE ABRIL DEL 2017,Plataforma Nacional de Datos Abiertos,1,0,,,Active,https://www.datosabiertos.gob.pe/sites/default/files/PREC.ABRIL_.xlsx,XLSX,200,"Mié, 05/03/2017 - 14:34","Vie, 07/07/2017 - 20:07"
volumenes-de-producto-por-varieadad-tm-del-01-al-30-de-abril-del-año-2017,VOLUMENES DE PRODUCTO POR VARIEADAD   TM. DEL 01 AL 30 DE ABRIL DEL AÑO 2017,Plataforma Nacional de Datos Abiertos,1,0,,,Active,https://www.datosabiertos.gob.pe/sites/default/files/VOL.PROD_._8.xlsx,XLSX,200,"Mié, 05/03/2017 - 14:38","Vie, 07/07/2017 - 20:07"
ingreso-diario-de-volumenes-tm-de-productos-al-gmml-del-01-al-03-de-mayo-2017,INGRESO DIARIO DE VOLUMENES ( TM ) DE PRODUCTOS AL GMML DEL   01  AL  03  DE  MAYO  2017,Plataforma Nacional de Datos Abiertos,0,0,,,Active,,,,"Mié, 05/03/2017 - 14:43","Vie, 07/07/2017 - 17:38"
volumenes-y-procedencias-del-producto-del-año-del-01-al-30-de-abril-del-2017,VOLUMENES Y PROCEDENCIAS DEL PRODUCTO DEL AÑO:  DEL 01 AL 30 DE ABRIL DEL 2017,Plataforma Nacional de Datos Abiertos,1,0,,,Active,https://www.datosabiertos.gob.pe/sites/default/files/VOL.PROC_.PROD_._8.xlsx,XLSX,200,"Mié, 05/03/2017 - 14:41","Vie, 07/07/2017 - 20:07"
ingreso-diarios-de-precios-por-variedad-de-producto-en-kg-del-01-al-03-de-mayo-del-2017,INGRESO DIARIOS DE PRECIOS POR VARIEDAD  DE PRODUCTO EN KG. DEL 01 AL 03 DE MAYO DEL 2017,Plataforma Nacional de Datos Abiertos,1,0,,,Active,https://www.datosabiertos.gob.pe/sites/default/files/PRC.MAYO_.xlsx,XLSX,200,"Mié, 05/03/2017 - 14:47","Vie, 07/07/2017 - 20:07"
volumenes-de-producto-por-varieadad-tm-del-01-al-03-de-mayo-del-año-2017,VOLUMENES DE PRODUCTO POR VARIEADAD   TM. DEL 01 AL 03 DE MAYO DEL AÑO 2017,Plataforma Nacional de Datos Abiertos,0,0,,,Active,,,,"Mié, 05/03/2017 - 14:50","Vie, 07/07/2017 - 17:38"
precios-por-productos-variedad-del-01-al-03-de-mayo-del-año-2017-kg,PRECIOS POR PRODUCTOS VARIEDAD DEL 01 AL 03 DE MAYO DEL AÑO 2017  KG.,Plataforma Nacional de Datos Abiertos,1,0,,,Active,https://www.datosabiertos.gob.pe/sites/default/files/prec.mensual_9.xlsx,XLSX,200,"Mié, 05/03/2017 - 14:48","Vie, 07/07/2017 - 20:07"
ingreso-diarios-de-precios-por-variedad-de-producto-en-kg-del-01-al-04-de-mayo-del-2017,INGRESO DIARIOS DE PRECIOS POR VARIEDAD  DE PRODUCTO EN KG.  DEL 01 AL 04 DE MAYO DEL 2017,Plataforma Nacional de Datos Abiertos,1,0,,,Active,https://www.datosabiertos.gob.pe/sites/default/files/PRC.MAYO__0.xlsx,XLSX,200,"Jue, 05/04/2017 - 12:57","Vie, 07/07/2017 - 20:07"
ingreso-diario-de-volumenes-tm-de-productos-al-gmml-del-01-al-04-de-mayo-2017,INGRESO DIARIO DE VOLUMENES ( TM ) DE PRODUCTOS AL GMML DEL   01  AL  04  DE  MAYO  2017,Plataforma Nacional de Datos Abiertos,1,0,,,Active,https://www.datosabiertos.gob.pe/sites/default/files/VOL.MAYO_.xlsx,XLSX,200,"Jue, 05/04/2017 - 12:56","Vie, 07/07/2017 - 20:07"
precios-por-productos-variedad-del-01-al-04-de-mayo-del-año-2017-kg,PRECIOS POR PRODUCTOS VARIEDAD DEL 01 AL 04 DE MAYO DEL AÑO 2017  KG.,Plataforma Nacional de Datos Abiertos,1,0,,,Active,https://www.datosabiertos.gob.pe/sites/default/files/prec.mensual_10.xlsx,XLSX,200,"Jue, 05/04/2017 - 12:58","Vie, 07/07/2017 - 20:07"
precios-por-productos-variedad-del-01-al-05-de-mayo-del-año-2017-kg,PRECIOS POR PRODUCTOS VARIEDAD DEL 01 AL 05 DE MAYO DEL AÑO 2017  KG.,Plataforma Nacional de Datos Abiertos,1,0,,,Active,https://www.datosabiertos.gob.pe/sites/default/files/prec.mensual_11.xlsx,XLSX,200,"Vie, 05/05/2017 - 12:27","Vie, 07/07/2017 - 20:07"
volumenes-y-procedencias-del-producto-del-01-al-03-de-mayo-del-año-2017,VOLUMENES Y PROCEDENCIAS DEL PRODUCTO DEL 01 AL 03 DE MAYO DEL AÑO:    2017,Plataforma Nacional de Datos Abiertos,1,0,,,Active,https://www.datosabiertos.gob.pe/sites/default/files/VOL.PROC_.PROD_._9.xlsx,XLSX,200,"Mié, 05/03/2017 - 14:55","Vie, 07/07/2017 - 20:07"
volumenes-y-procedencias-del-producto-del-01-al-04-de-mayo-del-año-2017,VOLUMENES Y PROCEDENCIAS DEL PRODUCTO DEL 01 AL 04 DE MAYO DEL AÑO:    2017,Plataforma Nacional de Datos Abiertos,1,0,,,Active,https://www.datosabiertos.gob.pe/sites/default/files/VOL.PROC_.PROD_._10.xlsx,XLSX,200,"Jue, 05/04/2017 - 12:59","Vie, 07/07/2017 - 20:07"
ingreso-diarios-de-precios-por-variedad-de-producto-en-kg-del-01-al-05-de-mayo-2017,INGRESO DIARIOS DE PRECIOS POR VARIEDAD  DE PRODUCTO EN KG.  DEL 01 AL 05 DE MAYO 2017,Plataforma Nacional de Datos Abiertos,1,0,,,Active,https://www.datosabiertos.gob.pe/sites/default/files/PRC.MAYO__1.xlsx,XLSX,200,"Vie, 05/05/2017 - 12:23","Vie, 07/07/2017 - 20:07"
ingreso-diario-de-volumenes-tm-de-productos-al-gmml-del-01-al-05-de-mayo-2017,INGRESO DIARIO DE VOLUMENES ( TM ) DE PRODUCTOS AL GMML DEL   01  AL  05  DE  MAYO  2017,Plataforma Nacional de Datos Abiertos,1,0,,,Active,https://www.datosabiertos.gob.pe/sites/default/files/VOL.MAYO__0.xlsx,XLSX,200,"Vie, 05/05/2017 - 12:21","Vie, 07/07/2017 - 20:07"
volumenes-de-producto-por-varieadad-tm-del-01-al-05-de-mayo-del-año-2017,VOLUMENES DE PRODUCTO POR VARIEADAD   TM. DEL 01 AL 05 DE MAYO DEL AÑO 2017,Plataforma Nacional de Datos Abiertos,1,0,,,Active,https://www.datosabiertos.gob.pe/sites/default/files/VOL.PROD_._10.xlsx,XLSX,200,"Vie, 05/05/2017 - 12:35","Vie, 07/07/2017 - 20:07"
volumenes-de-producto-por-varieadad-tm-del-01-al-04-de-mayo-del-año-2017,VOLUMENES DE PRODUCTO POR VARIEADAD   TM. DEL 01 AL 04 DE MAYO DEL AÑO 2017,Plataforma Nacional de Datos Abiertos,1,0,,,Active,https://www.datosabiertos.gob.pe/sites/default/files/VOL.PROD_._9.xlsx,XLSX,200,"Jue, 05/04/2017 - 12:59","Vie, 07/07/2017 - 20:07"
volumenes-y-procedencias-del-producto-del-01-al-05-de-mayo-del-año-2017,VOLUMENES Y PROCEDENCIAS DEL PRODUCTO DEL 01 AL 05 DE MAYO DEL AÑO:    2017,Plataforma Nacional de Datos Abiertos,1,0,,,Active,https://www.datosabiertos.gob.pe/sites/default/files/VOL.PROC_.PROD_._11.xlsx,XLSX,200,"Vie, 05/05/2017 - 12:37","Vie, 07/07/2017 - 20:07"
pueblos-formalizados-al-05-de-mayo-del-2017,PUEBLOS FORMALIZADOS AL 05 DE MAYO DEL 2017,Plataforma Nacional de Datos Abiertos,0,1,,,Active,,,,"Lun, 05/08/2017 - 09:28","Vie, 07/23/2021 - 16:21"
ingreso-diario-de-volumenes-tm-de-productos-al-gmml-del-01-al-08-de-mayo-2017,INGRESO DIARIO DE VOLUMENES ( TM ) DE PRODUCTOS AL GMML	DEL   01  AL  08  DE  MAYO  2017,Plataforma Nacional de Datos Abiertos,1,0,,,Active,https://www.datosabiertos.gob.pe/sites/default/files/VOL.MAYO__1.xlsx,XLSX,200,"Lun, 05/08/2017 - 14:41","Vie, 07/07/2017 - 20:07"
ingreso-diarios-de-precios-por-variedad-de-producto-en-kg-del-01-al-08-de-mayo-2017,INGRESO DIARIOS DE PRECIOS POR VARIEDAD  DE PRODUCTO EN KG.  DEL 01 AL 08 DE MAYO 2017,Plataforma Nacional de Datos Abiertos,1,0,,,Active,https://www.datosabiertos.gob.pe/sites/default/files/PRC.MAYO__2.xlsx,XLSX,200,"Lun, 05/08/2017 - 14:42","Vie, 07/07/2017 - 20:07"
precios-por-productos-variedad-del-01-al-08-de-mayo-del-año-2017-kg,PRECIOS POR PRODUCTOS VARIEDAD DEL 01 AL 08 DE MAYO DEL AÑO 2017  KG.,Plataforma Nacional de Datos Abiertos,2,0,,,Active,https://www.datosabiertos.gob.pe/sites/default/files/prec.mensual_12.xlsx,XLSX,200,"Lun, 05/08/2017 - 14:44","Vie, 07/07/2017 - 20:07"
volumenes-y-procedencias-del-producto-del-01-al-08-de-mayo-del-año-2017,VOLUMENES Y PROCEDENCIAS DEL PRODUCTO DEL 01 AL 08 DE MAYO DEL AÑO:    2017,Plataforma Nacional de Datos Abiertos,1,0,,,Active,https://www.datosabiertos.gob.pe/sites/default/files/VOL.PROC_.PROD_._12.xlsx,XLSX,200,"Lun, 05/08/2017 - 14:49","Vie, 07/07/2017 - 20:07"
volumenes-de-producto-por-varieadad-tm-del-01-al-08-de-mayo-del-año-2017,VOLUMENES DE PRODUCTO POR VARIEADAD   TM. DEL 01 AL 08 DE MAYO DEL AÑO 2017,Plataforma Nacional de Datos Abiertos,1,0,,,Active,https://www.datosabiertos.gob.pe/sites/default/files/VOL.PROD_._11.xlsx,XLSX,200,"Lun, 05/08/2017 - 14:48","Vie, 07/07/2017 - 20:07"
ingreso-diario-de-volumenes-tm-de-productos-al-gmml-del-01-al-09-de-mayo-2017,INGRESO DIARIO DE VOLUMENES ( TM ) DE PRODUCTOS AL GMML DEL   01  AL  09  DE  MAYO  2017,Plataforma Nacional de Datos Abiertos,1,0,,,Active,https://www.datosabiertos.gob.pe/sites/default/files/recursos/2017/05/VOL.MAYO_.xlsx,XLSX,200,"Mar, 05/09/2017 - 12:46","Vie, 07/07/2017 - 20:07"
precios-por-productos-variedad-del-01-al-09-de-mayo-del-año-2017-kg,PRECIOS POR PRODUCTOS VARIEDAD DEL 01 AL 09 DE MAYO DEL AÑO 2017  KG.,Plataforma Nacional de Datos Abiertos,1,0,,,Active,https://www.datosabiertos.gob.pe/sites/default/files/recursos/2017/05/prec.mensual.xlsx,XLSX,200,"Mar, 05/09/2017 - 12:47","Vie, 07/07/2017 - 20:07"
ingreso-diarios-de-precios-por-variedad-de-producto-en-kg-del-01-al-09-de-mayo-2017,INGRESO DIARIOS DE PRECIOS POR VARIEDAD  DE PRODUCTO EN KG.  DEL 01 AL 09 DE MAYO 2017,Plataforma Nacional de Datos Abiertos,1,0,,,Active,https://www.datosabiertos.gob.pe/sites/default/files/recursos/2017/05/PRC.MAYO_.xlsx,XLSX,200,"Mar, 05/09/2017 - 12:47","Vie, 07/07/2017 - 20:07"
volumenes-de-producto-por-varieadad-tm-del-01-al-09-de-mayo-del-año-2017,VOLUMENES DE PRODUCTO POR VARIEADAD   TM. DEL 01 AL 09 DE MAYO DEL AÑO 2017,Plataforma Nacional de Datos Abiertos,1,0,,,Active,https://www.datosabiertos.gob.pe/sites/default/files/recursos/2017/05/VOL.PROD_..xlsx,XLSX,200,"Mar, 05/09/2017 - 12:49","Vie, 07/07/2017 - 20:07"
volumenes-y-procedencias-del-producto-del-01-al-09-de-mayo-del-año-2017,VOLUMENES Y PROCEDENCIAS DEL PRODUCTO DEL 01 AL 09 DE MAYO DEL AÑO:    2017,Plataforma Nacional de Datos Abiertos,1,0,,,Active,https://www.datosabiertos.gob.pe/sites/default/files/recursos/2017/05/VOL.PROC_.PROD_..xlsx,XLSX,200,"Mar, 05/09/2017 - 12:50","Vie, 07/07/2017 - 20:07"
ingreso-diario-de-volumenes-tm-de-productos-al-gmml-del-01-al-10-de-mayo-2017,INGRESO DIARIO DE VOLUMENES ( TM ) DE PRODUCTOS AL GMML	DEL   01  AL  10  DE  MAYO  2017,Plataforma Nacional de Datos Abiertos,1,0,,,Active,https://www.datosabiertos.gob.pe/sites/default/files/recursos/2017/05/VOL.MAYO__0.xlsx,XLSX,200,"Mié, 05/10/2017 - 12:51","Vie, 07/07/2017 - 20:07"
ingreso-diarios-de-precios-por-variedad-de-producto-en-kg-del-01-al-10-de-mayo-2017,INGRESO DIARIOS DE PRECIOS POR VARIEDAD  DE PRODUCTO EN KG.  DEL 01 AL 10 DE MAYO 2017,Plataforma Nacional de Datos Abiertos,1,0,,,Active,https://www.datosabiertos.gob.pe/sites/default/files/recursos/2017/05/PRC.MAYO__0.xlsx,XLSX,200,"Mié, 05/10/2017 - 12:52","Vie, 07/07/2017 - 20:07"
precios-por-productos-variedad-del-01-al-10-de-mayo-del-año-2017-kg,PRECIOS POR PRODUCTOS VARIEDAD DEL 01 AL 10 DE MAYO DEL AÑO 2017  KG.,Plataforma Nacional de Datos Abiertos,1,0,,,Active,https://www.datosabiertos.gob.pe/sites/default/files/recursos/2017/05/prec.mensual_0.xlsx,XLSX,200,"Mié, 05/10/2017 - 12:53","Vie, 07/07/2017 - 20:07"
volumenes-de-producto-por-varieadad-tm-del-01-al-10-de-mayo-del-año-2017,VOLUMENES DE PRODUCTO POR VARIEADAD   TM. DEL 01 AL 10 DE MAYO DEL AÑO 2017,Plataforma Nacional de Datos Abiertos,1,0,,,Active,https://www.datosabiertos.gob.pe/sites/default/files/recursos/2017/05/VOL.PROD_._0.xlsx,XLSX,200,"Mié, 05/10/2017 - 12:53","Vie, 07/07/2017 - 20:07"
volumenes-y-procedencias-del-producto-del-01-al-10-de-mayo-del-año-2017,VOLUMENES Y PROCEDENCIAS DEL PRODUCTO DEL 01 AL 10 DE MAYO DEL AÑO:    2017,Plataforma Nacional de Datos Abiertos,1,0,,,Active,https://www.datosabiertos.gob.pe/sites/default/files/recursos/2017/05/VOL.PROC_.PROD_._0.xlsx,XLSX,200,"Mié, 05/10/2017 - 12:54","Vie, 07/07/2017 - 20:07"
ingreso-diario-de-volumenes-tm-de-productos-al-gmml-del-01-al-11-de-mayo-2017,INGRESO DIARIO DE VOLUMENES ( TM ) DE PRODUCTOS AL GMML	DEL   01  AL  11  DE  MAYO  2017,Plataforma Nacional de Datos Abiertos,1,0,,,Active,https://www.datosabiertos.gob.pe/sites/default/files/recursos/2017/05/VOL.MAYO__1.xlsx,XLSX,200,"Jue, 05/11/2017 - 15:05","Vie, 07/07/2017 - 20:07"
ingreso-diarios-de-precios-por-variedad-de-producto-en-kg-del-01-al-11-de-mayo-2017,INGRESO DIARIOS DE PRECIOS POR VARIEDAD  DE PRODUCTO EN KG.  DEL 01 AL 11 DE MAYO 2017,Plataforma Nacional de Datos Abiertos,1,0,,,Active,https://www.datosabiertos.gob.pe/sites/default/files/recursos/2017/05/PRC.MAYO__1.xlsx,XLSX,200,"Jue, 05/11/2017 - 15:08","Vie, 07/07/2017 - 20:07"
precios-por-productos-variedad-del-01-al-11-de-mayo-del-año-2017-kg,PRECIOS POR PRODUCTOS VARIEDAD DEL 01 AL 11 DE MAYO DEL AÑO 2017  KG.,Plataforma Nacional de Datos Abiertos,1,0,,,Active,https://www.datosabiertos.gob.pe/sites/default/files/recursos/2017/05/prec.mensual_1.xlsx,XLSX,200,"Jue, 05/11/2017 - 15:15","Vie, 07/07/2017 - 20:07"
volumenes-de-producto-por-varieadad-tm-del-01-al-11-de-mayo-del-año-2017,VOLUMENES DE PRODUCTO POR VARIEADAD   TM. DEL 01 AL 11 DE MAYO DEL AÑO 2017,Plataforma Nacional de Datos Abiertos,1,0,,,Active,https://www.datosabiertos.gob.pe/sites/default/files/recursos/2017/05/VOL.PROD_._1.xlsx,XLSX,200,"Jue, 05/11/2017 - 15:16","Vie, 07/07/2017 - 20:07"
ingreso-diario-de-volumenes-tm-de-productos-al-gmml-del-01-al-12-de-mayo-2017,INGRESO DIARIO DE VOLUMENES ( TM ) DE PRODUCTOS AL GMML	DEL   01  AL  12  DE  MAYO  2017,Plataforma Nacional de Datos Abiertos,1,0,,,Active,https://www.datosabiertos.gob.pe/sites/default/files/recursos/2017/05/VOL.MAYO__2.xlsx,XLSX,200,"Vie, 05/12/2017 - 13:58","Vie, 07/07/2017 - 20:07"
volumenes-y-procedencias-del-producto-del-01-al-11-de-mayo-del-año-2017,VOLUMENES Y PROCEDENCIAS DEL PRODUCTO DEL 01 AL 11 DE MAYO DEL AÑO:    2017,Plataforma Nacional de Datos Abiertos,1,0,,,Active,https://www.datosabiertos.gob.pe/sites/default/files/recursos/2017/05/VOL.PROC_.PROD_._1.xlsx,XLSX,200,"Jue, 05/11/2017 - 15:18","Vie, 07/07/2017 - 20:07"
ingreso-diarios-de-precios-por-variedad-de-producto-en-kg-del-01-al-12-de-mayo-2017,INGRESO DIARIOS DE PRECIOS POR VARIEDAD  DE PRODUCTO EN KG.  DEL 01 AL 12 DE MAYO 2017,Plataforma Nacional de Datos Abiertos,1,0,,,Active,https://www.datosabiertos.gob.pe/sites/default/files/recursos/2017/05/PRC.MAYO__2.xlsx,XLSX,200,"Vie, 05/12/2017 - 13:59","Vie, 07/07/2017 - 20:07"
precios-por-productos-variedad-del-01-al-12-de-mayo-del-año-2017-kg,PRECIOS POR PRODUCTOS VARIEDAD DEL 01 AL 12 DE MAYO DEL AÑO 2017  KG.,Plataforma Nacional de Datos Abiertos,1,0,,,Active,https://www.datosabiertos.gob.pe/sites/default/files/recursos/2017/05/prec.mensual_2.xlsx,XLSX,200,"Vie, 05/12/2017 - 14:01","Vie, 07/07/2017 - 20:07"
volumenes-y-procedencias-del-producto-del-01-al-12-de-mayo-del-año-2017,VOLUMENES Y PROCEDENCIAS DEL PRODUCTO DEL 01 AL 12 DE MAYO DEL AÑO:    2017,Plataforma Nacional de Datos Abiertos,1,0,,,Active,https://www.datosabiertos.gob.pe/sites/default/files/recursos/2017/05/VOL.PROC_.PROD_._2.xlsx,XLSX,200,"Vie, 05/12/2017 - 14:02","Vie, 07/07/2017 - 20:07"
volumenes-de-producto-por-varieadad-tm-del-01-al-12-de-mayo-del-año-2017,VOLUMENES DE PRODUCTO POR VARIEADAD   TM. DEL 01 AL 12 DE MAYO DEL AÑO 2017,Plataforma Nacional de Datos Abiertos,1,0,,,Active,https://www.datosabiertos.gob.pe/sites/default/files/recursos/2017/05/VOL.PROD_._2.xlsx,XLSX,200,"Vie, 05/12/2017 - 14:01","Vie, 07/07/2017 - 20:07"
ingreso-diario-de-volumenes-tm-de-productos-al-gmml-del-01-al-15-de-mayo-2017,INGRESO DIARIO DE VOLUMENES ( TM ) DE PRODUCTOS AL GMML	DEL   01  AL  15  DE  MAYO  2017,Plataforma Nacional de Datos Abiertos,1,0,,,Active,https://www.datosabiertos.gob.pe/sites/default/files/recursos/2017/05/VOL.MAYO__3.xlsx,XLSX,200,"Lun, 05/15/2017 - 15:11","Vie, 07/07/2017 - 20:07"
precios-por-productos-variedad-del-01-al-15-de-mayo-del-año-2017-kg,PRECIOS POR PRODUCTOS VARIEDAD DEL 01 AL 15 DE MAYO DEL AÑO 2017  KG.,Plataforma Nacional de Datos Abiertos,1,0,,,Active,https://www.datosabiertos.gob.pe/sites/default/files/recursos/2017/05/prec.mensual_3.xlsx,XLSX,200,"Lun, 05/15/2017 - 15:16","Vie, 07/07/2017 - 20:07"
ingreso-diarios-de-precios-por-variedad-de-producto-en-kg-del-01-al-15-de-mayo-2017,INGRESO DIARIOS DE PRECIOS POR VARIEDAD  DE PRODUCTO EN KG.  DEL 01 AL 15 DE MAYO 2017,Plataforma Nacional de Datos Abiertos,1,0,,,Active,https://www.datosabiertos.gob.pe/sites/default/files/recursos/2017/05/PRC.MAYO__3.xlsx,XLSX,200,"Lun, 05/15/2017 - 15:15","Vie, 07/07/2017 - 20:07"
volumenes-de-producto-por-varieadad-tm-del-01-al-15-de-mayo-del-año-2017,VOLUMENES DE PRODUCTO POR VARIEADAD   TM. DEL 01 AL 15 DE MAYO DEL AÑO 2017,Plataforma Nacional de Datos Abiertos,1,0,,,Active,https://www.datosabiertos.gob.pe/sites/default/files/recursos/2017/05/VOL.PROD_._3.xlsx,XLSX,200,"Lun, 05/15/2017 - 15:17","Vie, 07/07/2017 - 20:07"
volumenes-y-procedencias-del-producto-del-01-al-15-de-mayo-del-año-2017,VOLUMENES Y PROCEDENCIAS DEL PRODUCTO DEL 01 AL 15 DE MAYO DEL AÑO:    2017,Plataforma Nacional de Datos Abiertos,1,0,,,Active,https://www.datosabiertos.gob.pe/sites/default/files/recursos/2017/05/VOL.PROC_.PROD_._3.xlsx,XLSX,200,"Lun, 05/15/2017 - 15:22","Vie, 07/07/2017 - 20:07"
precios-por-productos-variedad-del-01-al-16-de-mayo-del-año-2017-kg,PRECIOS POR PRODUCTOS VARIEDAD DEL 01 AL 16 DE MAYO DEL AÑO 2017  KG.,Plataforma Nacional de Datos Abiertos,1,0,,,Active,https://www.datosabiertos.gob.pe/sites/default/files/recursos/2017/05/prec.mensual_4.xlsx,XLSX,200,"Mar, 05/16/2017 - 12:02","Vie, 07/07/2017 - 20:07"
ingreso-diarios-de-precios-por-variedad-de-producto-en-kg-del-01-al-16-de-mayo-2017,INGRESO DIARIOS DE PRECIOS POR VARIEDAD  DE PRODUCTO EN KG.  DEL 01 AL 16 DE MAYO 2017,Plataforma Nacional de Datos Abiertos,1,0,,,Active,https://www.datosabiertos.gob.pe/sites/default/files/recursos/2017/05/PRC.MAYO__4.xlsx,XLSX,200,"Mar, 05/16/2017 - 12:01","Vie, 07/07/2017 - 20:07"
volumenes-de-producto-por-varieadad-tm-del-01-al-16-de-mayo-del-año-2017,VOLUMENES DE PRODUCTO POR VARIEADAD   TM. DEL 01 AL 16 DE MAYO DEL AÑO 2017,Plataforma Nacional de Datos Abiertos,1,0,,,Active,https://www.datosabiertos.gob.pe/sites/default/files/recursos/2017/05/VOL.PROD_._4.xlsx,XLSX,200,"Mar, 05/16/2017 - 12:04","Vie, 07/07/2017 - 20:07"
volumenes-y-procedencias-del-producto-del-01-al-16-de-mayo-del-año-2017,VOLUMENES Y PROCEDENCIAS DEL PRODUCTO DEL 01 AL 16 DE MAYO DEL AÑO:    2017,Plataforma Nacional de Datos Abiertos,1,0,,,Active,https://www.datosabiertos.gob.pe/sites/default/files/recursos/2017/05/VOL.PROC_.PROD_._4.xlsx,XLSX,200,"Mar, 05/16/2017 - 12:05","Vie, 07/07/2017 - 20:07"
promedio-mensual-de-remuneraciones-brutas-soles-s-de-trabajadores-en-el-sector-privado-por,"PROMEDIO MENSUAL DE REMUNERACIONES BRUTAS (SOLES S/.) DE TRABAJADORES EN EL SECTOR PRIVADO POR SITUACIÓN EDUCATIVO, SEGÚN DISTRITOS",Plataforma Nacional de Datos Abiertos,2,1,,,Active,https://www.datosabiertos.gob.pe/sites/default/files/Prome%20Remuneraci%C3%B3n%20Bruta%20Nivel%20Educ%202021.csv,CSV,200,"Mié, 05/17/2017 - 10:04","Sáb, 03/18/2023 - 09:52"
empresas-en-el-sector-privado-por-meses-según-distritos,"EMPRESAS EN EL SECTOR PRIVADO POR MESES, SEGÚN DISTRITOS",Plataforma Nacional de Datos Abiertos,2,1,,,Active,https://www.datosabiertos.gob.pe/sites/default/files/Empresas%20sector%20privado%20por%20mes%20Seg%C3%BAn%20Distritos%202021.csv,CSV,200,"Mié, 05/17/2017 - 09:19","Sáb, 03/18/2023 - 09:39"
promedio-mensual-de-trabajadores-del-sector-privado-por-régimen-de-salud-según-distritos,"PROMEDIO MENSUAL DE TRABAJADORES DEL SECTOR PRIVADO POR RÉGIMEN DE SALUD, SEGÚN DISTRITOS",Plataforma Nacional de Datos Abiertos,2,1,,,Active,https://www.datosabiertos.gob.pe/sites/default/files/Trabajadores%20por%20Reg%20Salud%202021.csv,CSV,200,"Mié, 05/17/2017 - 10:18","Lun, 03/20/2023 - 09:52"
número-de-trabajadores-del-sector-privado-por-meses-según-ciiu-clasificación-internacional,"NÚMERO DE TRABAJADORES DEL SECTOR PRIVADO POR MESES , SEGÚN CIIU-Clasificación Internacional Industrial Uniforme",Plataforma Nacional de Datos Abiertos,2,1,,,Active,https://www.datosabiertos.gob.pe/sites/default/files/Trabajadores%20Seg%C3%BAn%20CIUU%202021.csv,CSV,200,"Mié, 05/17/2017 - 10:38","Lun, 03/20/2023 - 09:57"
promedio-mensual-de-trabajadores-del-sector-privado-por-régimen-de-pensión-según-distritos,"PROMEDIO MENSUAL DE TRABAJADORES DEL SECTOR PRIVADO POR RÉGIMEN DE PENSIÓN, SEGÚN DISTRITOS",Plataforma Nacional de Datos Abiertos,2,1,,,Active,https://www.datosabiertos.gob.pe/sites/default/files/Trabajadores%20por%20Reg%20Pension%202021.csv,CSV,200,"Mié, 05/17/2017 - 10:23","Sáb, 03/18/2023 - 10:32"
ingreso-diarios-de-precios-por-variedad-de-producto-en-kg-del-01-al-17-de-mayo-2017,INGRESO DIARIOS DE PRECIOS POR VARIEDAD  DE PRODUCTO EN KG.  DEL 01 AL 17 DE MAYO 2017,Plataforma Nacional de Datos Abiertos,1,0,,,Active,https://www.datosabiertos.gob.pe/sites/default/files/recursos/2017/05/PRC.MAYO__5.xlsx,XLSX,200,"Mié, 05/17/2017 - 15:35","Vie, 07/07/2017 - 20:07"
ingreso-diario-de-volumenes-tm-de-productos-al-gmml-del-01-al-17-de-mayo-2017,INGRESO DIARIO DE VOLUMENES ( TM ) DE PRODUCTOS AL GMML	DEL   01  AL  17  DE  MAYO  2017,Plataforma Nacional de Datos Abiertos,1,0,,,Active,https://www.datosabiertos.gob.pe/sites/default/files/recursos/2017/05/VOL.MAYO__5.xlsx,XLSX,200,"Mié, 05/17/2017 - 15:34","Vie, 07/07/2017 - 20:07"
ingreso-diario-de-volumenes-tm-de-productos-al-gmml-del-01-al-16-de-mayo-2017,INGRESO DIARIO DE VOLUMENES ( TM ) DE PRODUCTOS AL GMML	DEL   01  AL  16  DE  MAYO  2017,Plataforma Nacional de Datos Abiertos,1,0,,,Active,https://www.datosabiertos.gob.pe/sites/default/files/recursos/2017/05/VOL.MAYO__4.xlsx,XLSX,200,"Mar, 05/16/2017 - 11:59","Vie, 07/07/2017 - 20:07"
ingreso-diario-de-volumenes-tm-de-productos-al-gmml-del-01-al-18-de-mayo-2017,INGRESO DIARIO DE VOLUMENES ( TM ) DE PRODUCTOS AL GMML	DEL   01  AL  18  DE  MAYO  2017,Plataforma Nacional de Datos Abiertos,1,0,,,Active,https://www.datosabiertos.gob.pe/sites/default/files/recursos/2017/05/VOL.MAYO__6.xlsx,XLSX,200,"Jue, 05/18/2017 - 14:34","Vie, 07/07/2017 - 20:07"
volumenes-y-procedencias-del-producto-del-01-al-17-de-mayo-del-año-2017,VOLUMENES Y PROCEDENCIAS DEL PRODUCTO DEL 01 AL 17 DE MAYO DEL AÑO:    2017,Plataforma Nacional de Datos Abiertos,1,0,,,Active,https://www.datosabiertos.gob.pe/sites/default/files/recursos/2017/05/VOL.PROC_.PROD_._5.xlsx,XLSX,200,"Mié, 05/17/2017 - 15:39","Vie, 07/07/2017 - 20:07"
volumenes-de-producto-por-varieadad-tm-del-01-al-17-de-mayo-del-año-2017,VOLUMENES DE PRODUCTO POR VARIEADAD   TM. DEL 01 AL 17 DE MAYO DEL AÑO 2017,Plataforma Nacional de Datos Abiertos,1,0,,,Active,https://www.datosabiertos.gob.pe/sites/default/files/recursos/2017/05/VOL.PROD_._5.xlsx,XLSX,200,"Mié, 05/17/2017 - 15:38","Vie, 07/07/2017 - 20:07"
precios-por-productos-variedad-del-01-al-17-de-mayo-del-año-2017-kg,PRECIOS POR PRODUCTOS VARIEDAD DEL 01 AL 17 DE MAYO DEL AÑO 2017  KG.,Plataforma Nacional de Datos Abiertos,1,0,,,Active,https://www.datosabiertos.gob.pe/sites/default/files/recursos/2017/05/prec.mensual_5.xlsx,XLSX,200,"Mié, 05/17/2017 - 15:36","Vie, 07/07/2017 - 20:07"
ingreso-diarios-de-precios-por-variedad-de-producto-en-kg-del-01-al-18-de-mayo-2017,INGRESO DIARIOS DE PRECIOS POR VARIEDAD  DE PRODUCTO EN KG.  DEL 01 AL 18 DE MAYO 2017,Plataforma Nacional de Datos Abiertos,1,0,,,Active,https://www.datosabiertos.gob.pe/sites/default/files/recursos/2017/05/PRC.MAYO__6.xlsx,XLSX,200,"Jue, 05/18/2017 - 14:42","Vie, 07/07/2017 - 20:07"
precios-por-productos-variedad-del-01-al-18-de-mayo-del-año-2017-kg,PRECIOS POR PRODUCTOS VARIEDAD DEL 01 AL 18 DE MAYO DEL AÑO 2017  KG.,Plataforma Nacional de Datos Abiertos,1,0,,,Active,https://www.datosabiertos.gob.pe/sites/default/files/recursos/2017/05/prec.mensual_6.xlsx,XLSX,200,"Jue, 05/18/2017 - 14:43","Vie, 07/07/2017 - 20:07"
inscripción-de-empresas-cubicadoras-marzo-2017-osinergmin,Inscripción de Empresas Cubicadoras - Marzo 2017- OSINERGMIN ,Plataforma Nacional de Datos Abiertos,1,1,,,Active,https://www.datosabiertos.gob.pe/sites/default/files/recursos/2017/05/STE-Registro-Empresas-Cubicadoras.xls,XLB,200,"Jue, 05/18/2017 - 14:46","Mié, 12/17/2025 - 11:55"
volumenes-y-procedencias-del-producto-del-01-al-18-de-mayo-del-año-2017,VOLUMENES Y PROCEDENCIAS DEL PRODUCTO DEL 01 AL 18 DE MAYO DEL AÑO:    2017,Plataforma Nacional de Datos Abiertos,1,0,,,Active,https://www.datosabiertos.gob.pe/sites/default/files/recursos/2017/05/VOL.PROC_.PROD_._6.xlsx,XLSX,200,"Jue, 05/18/2017 - 14:46","Vie, 07/07/2017 - 20:07"
registro-de-instaladores-habilitados-de-gas-natural-mayo-2017-osinergmin,Registro de Instaladores Habilitados de Gas Natural - Mayo 2017 - OSINERGMIN ,Plataforma Nacional de Datos Abiertos,0,1,,,Active,,,,"Jue, 05/18/2017 - 15:22","Mié, 12/17/2025 - 12:02"
volumenes-de-producto-por-varieadad-tm-del-01-al-18-de-mayo-del-año-2017,VOLUMENES DE PRODUCTO POR VARIEADAD   TM. DEL 01 AL 18 DE MAYO DEL AÑO 2017,Plataforma Nacional de Datos Abiertos,1,0,,,Active,https://www.datosabiertos.gob.pe/sites/default/files/recursos/2017/05/VOL.PROD_._6.xlsx,XLSX,200,"Jue, 05/18/2017 - 14:44","Vie, 07/07/2017 - 20:07"
sistema-de-tanques-enterrados-ste-registro-personas-indice-de-riesgos-febrero-2017,Sistema de Tanques Enterrados (STE) - Registro Personas - Indice de Riesgos - Febrero 2017 - OSINERGMIN,Plataforma Nacional de Datos Abiertos,1,0,,,Active,https://www.datosabiertos.gob.pe/sites/default/files/recursos/2017/05/Registro_REIR.xls,XLB,200,"Vie, 05/19/2017 - 10:18","Mié, 12/17/2025 - 11:53"
registro-de-hidrocarburos-líquidos-mayo-2017-osinergmin,Registro de Hidrocarburos Líquidos - Mayo 2017 - OSINERGMIN,Plataforma Nacional de Datos Abiertos,32,1,,,Active,https://www.datosabiertos.gob.pe/sites/default/files/recursos/2017/05/CDCLyOPDHconInstalacionesFijas.xls,XLB,200,"Jue, 05/18/2017 - 16:20","Mié, 12/17/2025 - 11:54"
ingreso-diarios-de-precios-por-variedad-de-producto-en-kg-del-01-al-19-de-mayo-2017,INGRESO DIARIOS DE PRECIOS POR VARIEDAD  DE PRODUCTO EN KG.  DEL 01 AL 19 DE MAYO 2017,Plataforma Nacional de Datos Abiertos,1,0,,,Active,https://www.datosabiertos.gob.pe/sites/default/files/recursos/2017/05/PRC.MAYO__7.xlsx,XLSX,200,"Vie, 05/19/2017 - 14:04","Vie, 07/07/2017 - 20:07"
ingreso-diario-de-volumenes-tm-de-productos-al-gmml-del-01-al-19-de-mayo-2017,INGRESO DIARIO DE VOLUMENES ( TM ) DE PRODUCTOS AL GMML	DEL   01  AL  19  DE  MAYO  2017,Plataforma Nacional de Datos Abiertos,1,0,,,Active,https://www.datosabiertos.gob.pe/sites/default/files/recursos/2017/05/VOL.MAYO__7.xlsx,XLSX,200,"Vie, 05/19/2017 - 14:02","Vie, 07/07/2017 - 20:07"
volumenes-de-producto-por-varieadad-tm-del-01-al-19-de-mayo-del-año-2017,VOLUMENES DE PRODUCTO POR VARIEADAD   TM. DEL 01 AL 19 DE MAYO DEL AÑO 2017,Plataforma Nacional de Datos Abiertos,1,0,,,Active,https://www.datosabiertos.gob.pe/sites/default/files/recursos/2017/05/VOL.PROD_._7.xlsx,XLSX,200,"Vie, 05/19/2017 - 14:12","Vie, 07/07/2017 - 20:07"
registro-de-gas-natural,Registro de Gas Natural,Plataforma Nacional de Datos Abiertos,3,1,,,Active,https://osinergmin.sharepoint.com/sites/Portal_Datos_Abiertos_Osinergmin/Documentos%20compartidos/P%C3%BAblico/Instalaciones_GN_Unificado.csv,.CSV,403,"Vie, 05/19/2017 - 16:19","Vie, 06/05/2026 - 12:41"
volumenes-y-procedencias-del-producto-del-01-al-19-de-mayo-del-año-2017,VOLUMENES Y PROCEDENCIAS DEL PRODUCTO DEL 01 AL 19 DE MAYO DEL AÑO:    2017,Plataforma Nacional de Datos Abiertos,1,0,,,Active,https://www.datosabiertos.gob.pe/sites/default/files/recursos/2017/05/VOL.PROC_.PROD_._7.xlsx,XLSX,200,"Vie, 05/19/2017 - 14:17","Vie, 07/07/2017 - 20:07"
precios-por-productos-variedad-del-01-al-19-de-mayo-del-año-2017-kg,PRECIOS POR PRODUCTOS VARIEDAD DEL 01 AL 19 DE MAYO DEL AÑO 2017  KG.,Plataforma Nacional de Datos Abiertos,1,0,,,Active,https://www.datosabiertos.gob.pe/sites/default/files/recursos/2017/05/prec.mensual_7.xlsx,XLSX,200,"Vie, 05/19/2017 - 14:07","Vie, 07/07/2017 - 20:07"
pliegos-tarifarios-aplicables-al-cliente-final-por-departamento-osinergmin,Pliegos Tarifarios aplicables al Cliente Final por Departamento - OSINERGMIN,Plataforma Nacional de Datos Abiertos,1,1,,,Active,http://www.osinergmin.gob.pe/seccion/institucional/regulacion-tarifaria/pliegos-tarifarios/electricidad/pliegos-tarifiarios-cliente-final,,0,"Lun, 05/22/2017 - 10:54","Mié, 12/17/2025 - 11:56"
ingreso-diario-de-volumenes-tm-de-productos-al-gmml-del-01-al-22-de-mayo-2017,INGRESO DIARIO DE VOLUMENES ( TM ) DE PRODUCTOS AL GMML	DEL   01  AL  22  DE  MAYO  2017,Plataforma Nacional de Datos Abiertos,1,0,,,Active,https://www.datosabiertos.gob.pe/sites/default/files/recursos/2017/05/VOL.MAYO__8.xlsx,XLSX,200,"Lun, 05/22/2017 - 14:53","Vie, 07/07/2017 - 20:07"
ingreso-diarios-de-precios-por-variedad-de-producto-en-kg-del-01-al-22-de-mayo-2017,INGRESO DIARIOS DE PRECIOS POR VARIEDAD  DE PRODUCTO EN KG.  DEL 01 AL 22 DE MAYO 2017,Plataforma Nacional de Datos Abiertos,1,0,,,Active,https://www.datosabiertos.gob.pe/sites/default/files/recursos/2017/05/PRC.MAYO__8.xlsx,XLSX,200,"Lun, 05/22/2017 - 15:02","Vie, 07/07/2017 - 20:07"
precios-por-productos-variedad-del-01-al-22-de-mayo-del-año-2017-kg,PRECIOS POR PRODUCTOS VARIEDAD DEL 01 AL 22 DE MAYO DEL AÑO 2017  KG.,Plataforma Nacional de Datos Abiertos,2,0,,,Active,https://www.datosabiertos.gob.pe/sites/default/files/recursos/2017/05/prec.mensual_8.xlsx,XLSX,200,"Lun, 05/22/2017 - 15:03","Dom, 06/13/2021 - 06:00"
volumenes-de-producto-por-varieadad-tm-del-01-al-22-de-mayo-del-año-2017,VOLUMENES DE PRODUCTO POR VARIEADAD   TM. DEL 01 AL 22 DE MAYO DEL AÑO 2017,Plataforma Nacional de Datos Abiertos,1,0,,,Active,https://www.datosabiertos.gob.pe/sites/default/files/recursos/2017/05/VOL.PROD_._8.xlsx,XLSX,200,"Lun, 05/22/2017 - 15:05","Vie, 07/07/2017 - 20:07"
volumenes-y-procedencias-del-producto-del-01-al-22-de-mayo-del-año-2017,VOLUMENES Y PROCEDENCIAS DEL PRODUCTO DEL 01 AL 22 DE MAYO DEL AÑO:    2017,Plataforma Nacional de Datos Abiertos,1,0,,,Active,https://www.datosabiertos.gob.pe/sites/default/files/recursos/2017/05/VOL.PROC_.PROD_._8.xlsx,XLSX,200,"Lun, 05/22/2017 - 15:07","Vie, 07/07/2017 - 20:07"
ingreso-diarios-de-precios-por-variedad-de-producto-en-kg-del-01-al-23-de-mayo-2017,INGRESO DIARIOS DE PRECIOS POR VARIEDAD  DE PRODUCTO EN KG.  DEL 01 AL 23 DE MAYO 2017,Plataforma Nacional de Datos Abiertos,1,0,,,Active,https://www.datosabiertos.gob.pe/sites/default/files/recursos/2017/05/PRC.MAYO__9.xlsx,XLSX,200,"Mar, 05/23/2017 - 16:10","Vie, 07/07/2017 - 20:07"
precios-por-productos-variedad-del-01-al-23-de-mayo-del-año-2017-kg,PRECIOS POR PRODUCTOS VARIEDAD DEL 01 AL 23 DE MAYO DEL AÑO 2017  KG.,Plataforma Nacional de Datos Abiertos,1,0,,,Active,https://www.datosabiertos.gob.pe/sites/default/files/recursos/2017/05/prec.mensual_9.xlsx,XLSX,200,"Mar, 05/23/2017 - 16:11","Vie, 07/07/2017 - 20:07"
volumenes-y-procedencias-del-producto-del-01-al-23-de-mayo-del-año-2017,VOLUMENES Y PROCEDENCIAS DEL PRODUCTO DEL 01 AL 23 DE MAYO DEL AÑO:    2017,Plataforma Nacional de Datos Abiertos,1,0,,,Active,https://www.datosabiertos.gob.pe/sites/default/files/recursos/2017/05/VOL.PROC_.PROD_._9.xlsx,XLSX,200,"Mar, 05/23/2017 - 16:13","Vie, 07/07/2017 - 20:07"
ingreso-diario-de-volumenes-tm-de-productos-al-gmml-del-01-al-23-de-mayo-2017,INGRESO DIARIO DE VOLUMENES ( TM ) DE PRODUCTOS AL GMML	DEL   01  AL  23  DE  MAYO  2017,Plataforma Nacional de Datos Abiertos,1,0,,,Active,https://www.datosabiertos.gob.pe/sites/default/files/recursos/2017/05/VOL.MAYO__9.xlsx,XLSX,200,"Mar, 05/23/2017 - 16:08","Vie, 07/07/2017 - 20:07"
ingreso-diarios-de-precios-por-variedad-de-producto-en-kg-del-01-al-24-de-mayo-2017,INGRESO DIARIOS DE PRECIOS POR VARIEDAD  DE PRODUCTO EN KG.  DEL 01 AL 24 DE MAYO 2017,Plataforma Nacional de Datos Abiertos,1,0,,,Active,https://www.datosabiertos.gob.pe/sites/default/files/recursos/2017/05/PRC.MAYO__10.xlsx,XLSX,200,"Mié, 05/24/2017 - 11:17","Vie, 07/07/2017 - 20:07"
ingreso-diario-de-volumenes-tm-de-productos-al-gmml-del-01-al-24-de-mayo-2017,INGRESO DIARIO DE VOLUMENES ( TM ) DE PRODUCTOS AL GMML	DEL   01  AL  24  DE  MAYO  2017,Plataforma Nacional de Datos Abiertos,1,0,,,Active,https://www.datosabiertos.gob.pe/sites/default/files/recursos/2017/05/VOL.MAYO__10.xlsx,XLSX,200,"Mié, 05/24/2017 - 11:10","Vie, 07/07/2017 - 20:07"
precios-por-productos-variedad-del-01-al-24-de-mayo-del-año-2017-kg,PRECIOS POR PRODUCTOS VARIEDAD DEL 01 AL 24 DE MAYO DEL AÑO 2017  KG.,Plataforma Nacional de Datos Abiertos,1,0,,,Active,https://www.datosabiertos.gob.pe/sites/default/files/recursos/2017/05/prec.mensual_10.xlsx,XLSX,200,"Mié, 05/24/2017 - 11:36","Vie, 07/07/2017 - 20:07"
volumenes-de-producto-por-varieadad-tm-del-01-al-24-de-mayo-del-año-2017,VOLUMENES DE PRODUCTO POR VARIEADAD   TM. DEL 01 AL 24 DE MAYO DEL AÑO 2017,Plataforma Nacional de Datos Abiertos,1,0,,,Active,https://www.datosabiertos.gob.pe/sites/default/files/recursos/2017/05/VOL.PROD_._10.xlsx,XLSX,200,"Mié, 05/24/2017 - 11:39","Vie, 07/07/2017 - 20:07"
volumenes-y-procedencias-del-producto-del-01-al-24-de-mayo-del-año-2017,VOLUMENES Y PROCEDENCIAS DEL PRODUCTO DEL 01 AL 24 DE MAYO DEL AÑO:    2017,Plataforma Nacional de Datos Abiertos,1,0,,,Active,https://www.datosabiertos.gob.pe/sites/default/files/recursos/2017/05/VOL.PROC_.PROD_._10.xlsx,XLSX,200,"Mié, 05/24/2017 - 11:41","Vie, 07/07/2017 - 20:07"
accidentes-mortales-en-mina,Accidentes Mortales en Mina,Plataforma Nacional de Datos Abiertos,4,1,,,Active,https://www.datosabiertos.gob.pe/sites/default/files/recursos/2017/05/2016.xls,EXCEL,200,"Mié, 05/24/2017 - 11:57","Vie, 06/12/2026 - 10:42"
estadística-de-enfermedades-ocupacionales-en-minería,Estadística de Enfermedades Ocupacionales en Minería ,Plataforma Nacional de Datos Abiertos,3,2,,,Active,https://www.datosabiertos.gob.pe/sites/default/files/recursos/2017/05/EOT2015.ZIP,ZIP,200,"Jue, 05/25/2017 - 10:51","Vie, 02/22/2019 - 19:03"
índice-de-frecuencia-y-severidad-sobre-accidentes-de-trabajo,Índice de Frecuencia y Severidad sobre Accidentes de Trabajo,Plataforma Nacional de Datos Abiertos,1,1,,,Active,http://www.minem.gob.pe/_estadistica.php?idSector=1&idEstadistica=12486,APPLICATION/VND,200,"Jue, 05/25/2017 - 11:31","Vie, 02/22/2019 - 19:03"
plantas-autorizadas-para-beneficio-de-minerales,Plantas Autorizadas para Beneficio de Minerales,Plataforma Nacional de Datos Abiertos,1,1,,,Active,http://intranet2.minem.gob.pe/web/mineria/DIRECTORIO/DIRECTORIO/PLANTASBENEFICIONEW/plantas_Excel.asp?NOMBREEMPRESA=&NOMBREPLANTA=&SUSTANCIA=0&DEPARTAMENTO=0&CATEGORIA=0,APPLICATION/VND,503,"Jue, 05/25/2017 - 14:34","Vie, 02/22/2019 - 19:03"
registro-especial-de-comercializadores-y-procesadores-de-oro,Registro Especial de Comercializadores y Procesadores de Oro ,Plataforma Nacional de Datos Abiertos,1,1,,,Active,http://intranet2.minem.gob.pe/ProyectoDGE/Mineria/registro%20especial%20de%20comercializadores%20y%20procesadores%20de%20oro.pdf,PDF,200,"Jue, 05/25/2017 - 14:11","Vie, 02/22/2019 - 19:03"
directorios-mineros, Directorios Mineros,Plataforma Nacional de Datos Abiertos,3,1,,,Active,http://www.minem.gob.pe/minem/archivos/file/Mineria/REGISTROS/DIRECTORIO/Directorio.XLS,APPLICATION/VND,200,"Jue, 05/25/2017 - 14:57","Mar, 06/02/2020 - 23:52"
informe-estadístico-de-hidrocarburos,Informe Estadístico de Hidrocarburos,Plataforma Nacional de Datos Abiertos,7,1,,,Active,http://www.minem.gob.pe/minem/archivos/4_%20PRODUCCION%20DE%20HC-ABR%2017.pdf,PDF,200,"Jue, 05/25/2017 - 16:48","Vie, 02/22/2019 - 19:03"
volumenes-de-producto-por-varieadad-tm-del-01-al-23-de-mayo-del-año-2017,VOLUMENES DE PRODUCTO POR VARIEADAD   TM. DEL 01 AL 23 DE MAYO DEL AÑO 2017,Plataforma Nacional de Datos Abiertos,1,0,,,Active,https://www.datosabiertos.gob.pe/sites/default/files/recursos/2017/05/VOL.PROD_._9.xlsx,XLSX,200,"Mar, 05/23/2017 - 16:12","Vie, 07/07/2017 - 20:07"
ingreso-diario-de-volumenes-tm-de-productos-al-gmml-del-01-al-26-de-mayo-2017,INGRESO DIARIO DE VOLUMENES ( TM ) DE PRODUCTOS AL GMML	DEL   01  AL  26  DE  MAYO  2017,Plataforma Nacional de Datos Abiertos,1,0,,,Active,https://www.datosabiertos.gob.pe/sites/default/files/recursos/2017/05/VOL.MAYO__11.xlsx,XLSX,200,"Vie, 05/26/2017 - 12:35","Vie, 07/07/2017 - 20:07"
precios-por-productos-variedad-del-01-al-26-de-mayo-del-año-2017-kg,PRECIOS POR PRODUCTOS VARIEDAD DEL 01 AL 26 DE MAYO DEL AÑO 2017  KG.,Plataforma Nacional de Datos Abiertos,1,0,,,Active,https://www.datosabiertos.gob.pe/sites/default/files/recursos/2017/05/prec.mensual_11.xlsx,XLSX,200,"Vie, 05/26/2017 - 12:38","Vie, 07/07/2017 - 20:07"
volumenes-de-producto-por-varieadad-tm-del-01-al-26-de-mayo-del-año-2017,VOLUMENES DE PRODUCTO POR VARIEADAD   TM. DEL 01 AL 26 DE MAYO DEL AÑO 2017,Plataforma Nacional de Datos Abiertos,1,0,,,Active,https://www.datosabiertos.gob.pe/sites/default/files/recursos/2017/05/VOL.PROD_._11.xlsx,XLSX,200,"Vie, 05/26/2017 - 12:40","Vie, 07/07/2017 - 20:07"
ingreso-diarios-de-precios-por-variedad-de-producto-en-kg-del-01-al-26-de-mayo-2017,INGRESO DIARIOS DE PRECIOS POR VARIEDAD  DE PRODUCTO EN KG.  DEL 01 AL 26 DE MAYO 2017,Plataforma Nacional de Datos Abiertos,1,0,,,Active,https://www.datosabiertos.gob.pe/sites/default/files/recursos/2017/05/PRC.MAYO__11.xlsx,XLSX,200,"Vie, 05/26/2017 - 12:37","Vie, 07/07/2017 - 20:07"
volumenes-y-procedencias-del-producto-del-01-al-26-de-mayo-del-año-2017,VOLUMENES Y PROCEDENCIAS DEL PRODUCTO DEL 01 AL 26 DE MAYO DEL AÑO:    2017,Plataforma Nacional de Datos Abiertos,1,0,,,Active,https://www.datosabiertos.gob.pe/sites/default/files/recursos/2017/05/VOL.PROC_.PROD_._11.xlsx,XLSX,200,"Vie, 05/26/2017 - 12:41","Vie, 07/07/2017 - 20:07"
ingreso-diario-de-volumenes-tm-de-productos-al-gmml-del-01-al-30-de-mayo-2017,INGRESO DIARIO DE VOLUMENES ( TM ) DE PRODUCTOS AL GMML	DEL   01  AL  30  DE  MAYO  2017,Plataforma Nacional de Datos Abiertos,1,0,,,Active,https://www.datosabiertos.gob.pe/sites/default/files/recursos/2017/05/VOL.MAYO__12.xlsx,XLSX,200,"Mar, 05/30/2017 - 12:12","Vie, 07/07/2017 - 20:07"
precios-por-productos-variedad-del-01-al-30-de-mayo-del-año-2017-kg,PRECIOS POR PRODUCTOS VARIEDAD DEL 01 AL 30 DE MAYO DEL AÑO 2017  KG.,Plataforma Nacional de Datos Abiertos,1,0,,,Active,https://www.datosabiertos.gob.pe/sites/default/files/recursos/2017/05/prec.mensual_12.xlsx,XLSX,200,"Mar, 05/30/2017 - 12:18","Vie, 07/07/2017 - 20:07"
ingreso-diarios-de-precios-por-variedad-de-producto-en-kg-del-01-al-30-de-mayo-2017,INGRESO DIARIOS DE PRECIOS POR VARIEDAD  DE PRODUCTO EN KG.  DEL 01 AL 30 DE MAYO 2017,Plataforma Nacional de Datos Abiertos,1,0,,,Active,https://www.datosabiertos.gob.pe/sites/default/files/recursos/2017/05/PRC.MAYO__12.xlsx,XLSX,200,"Mar, 05/30/2017 - 12:16","Vie, 07/07/2017 - 20:07"
volumenes-de-producto-por-varieadad-tm-del-01-al-30-de-mayo-del-año-2017,VOLUMENES DE PRODUCTO POR VARIEADAD   TM. DEL 01 AL 30 DE MAYO DEL AÑO 2017,Plataforma Nacional de Datos Abiertos,1,0,,,Active,https://www.datosabiertos.gob.pe/sites/default/files/recursos/2017/05/VOL.PROD_._12.xlsx,XLSX,200,"Mar, 05/30/2017 - 12:20","Vie, 07/07/2017 - 20:07"
volumenes-y-procedencias-del-producto-del-01-al-30-de-mayo-del-año-2017,VOLUMENES Y PROCEDENCIAS DEL PRODUCTO DEL 01 AL 30 DE MAYO DEL AÑO:    2017,Plataforma Nacional de Datos Abiertos,1,0,,,Active,https://www.datosabiertos.gob.pe/sites/default/files/recursos/2017/05/VOL.PROC_.PROD_._12.xlsx,XLSX,200,"Mar, 05/30/2017 - 12:21","Vie, 07/07/2017 - 20:07"
ingreso-diario-de-volumenes-tm-de-productos-al-gmml-del-01-al-02-de-junio-2017,INGRESO DIARIO DE VOLUMENES ( TM ) DE PRODUCTOS AL GMML	DEL   01  AL  02  DE  JUNIO  2017,Plataforma Nacional de Datos Abiertos,1,0,,,Active,https://www.datosabiertos.gob.pe/sites/default/files/recursos/2017/06/VOL.JUNIO_.xlsx,XLSX,200,"Vie, 06/02/2017 - 11:26","Vie, 07/07/2017 - 20:07"
volumenes-de-producto-por-varieadad-tm-del-01-al-02-de-junio-del-año-2017,VOLUMENES DE PRODUCTO POR VARIEADAD   TM. DEL 01 AL 02 DE JUNIO DEL AÑO 2017,Plataforma Nacional de Datos Abiertos,1,0,,,Active,https://www.datosabiertos.gob.pe/sites/default/files/recursos/2017/06/VOL.PROD_..xlsx,XLSX,200,"Vie, 06/02/2017 - 11:46","Vie, 07/07/2017 - 20:07"
volumenes-y-procedencias-del-producto-del-01-al-02-de-junio-del-año-2017,VOLUMENES Y PROCEDENCIAS DEL PRODUCTO DEL 01 AL 02 DE JUNIO DEL AÑO:    2017,Plataforma Nacional de Datos Abiertos,1,0,,,Active,https://www.datosabiertos.gob.pe/sites/default/files/recursos/2017/06/VOL.PROC_.PROD_..xlsx,XLSX,200,"Vie, 06/02/2017 - 11:48","Vie, 07/07/2017 - 20:07"
precios-por-productos-variedad-del-01-al-02-de-junio-del-año-2017-kg,PRECIOS POR PRODUCTOS VARIEDAD DEL 01 AL 02 DE JUNIO DEL AÑO 2017  KG.,Plataforma Nacional de Datos Abiertos,1,0,,,Active,https://www.datosabiertos.gob.pe/sites/default/files/recursos/2017/06/prec.mensual.xlsx,XLSX,200,"Vie, 06/02/2017 - 11:43","Vie, 07/07/2017 - 20:07"
ingreso-diario-de-volumenes-tm-de-productos-al-gmml-del-01-al-05-de-junio-2017,INGRESO DIARIO DE VOLUMENES ( TM ) DE PRODUCTOS AL GMML	DEL   01  AL  05  DE  JUNIO  2017,Plataforma Nacional de Datos Abiertos,1,0,,,Active,https://www.datosabiertos.gob.pe/sites/default/files/recursos/2017/06/VOL.JUNIO__0.xlsx,XLSX,200,"Lun, 06/05/2017 - 11:42","Vie, 07/07/2017 - 20:07"
ingreso-diarios-de-precios-por-variedad-de-producto-en-kg-del-01-al-05-de-junio-2017,INGRESO DIARIOS DE PRECIOS POR VARIEDAD  DE PRODUCTO EN KG.  DEL 01 AL 05 DE JUNIO 2017,Plataforma Nacional de Datos Abiertos,1,0,,,Active,https://www.datosabiertos.gob.pe/sites/default/files/recursos/2017/06/PRC.JUNIO__0.xlsx,XLSX,200,"Lun, 06/05/2017 - 11:45","Vie, 07/07/2017 - 20:07"
precios-por-productos-variedad-del-01-al-05-de-junio-del-año-2017-kg,PRECIOS POR PRODUCTOS VARIEDAD DEL 01 AL 05 DE JUNIO DEL AÑO 2017  KG.,Plataforma Nacional de Datos Abiertos,1,0,,,Active,https://www.datosabiertos.gob.pe/sites/default/files/recursos/2017/06/prec.mensual_0.xlsx,XLSX,200,"Lun, 06/05/2017 - 11:47","Vie, 07/07/2017 - 20:07"
volumenes-de-producto-por-varieadad-tm-del-01-al-05-de-junio-del-año-2017,VOLUMENES DE PRODUCTO POR VARIEADAD   TM. DEL 01 AL 05 DE JUNIO DEL AÑO 2017,Plataforma Nacional de Datos Abiertos,1,0,,,Active,https://www.datosabiertos.gob.pe/sites/default/files/recursos/2017/06/VOL.PROD_._0.xlsx,XLSX,200,"Lun, 06/05/2017 - 11:48","Vie, 07/07/2017 - 20:07"
volumenes-y-procedencias-del-producto-del-01-al-05-de-junio-del-año-2017,VOLUMENES Y PROCEDENCIAS DEL PRODUCTO DEL 01 AL 05 DE JUNIO DEL AÑO:    2017,Plataforma Nacional de Datos Abiertos,1,0,,,Active,https://www.datosabiertos.gob.pe/sites/default/files/recursos/2017/06/VOL.PROC_.PROD_._0.xlsx,XLSX,200,"Lun, 06/05/2017 - 11:50","Vie, 07/07/2017 - 20:07"
ingreso-diario-de-volumenes-tm-de-productos-al-gmml-del-01-al-06-de-junio-2017,INGRESO DIARIO DE VOLUMENES ( TM ) DE PRODUCTOS AL GMML	DEL   01  AL  06  DE  JUNIO  2017,Plataforma Nacional de Datos Abiertos,1,0,,,Active,https://www.datosabiertos.gob.pe/sites/default/files/recursos/2017/06/VOL.JUNIO__1.xlsx,XLSX,200,"Mar, 06/06/2017 - 12:05","Vie, 07/07/2017 - 20:07"
ingreso-diarios-de-precios-por-variedad-de-producto-en-kg-del-01-al-06-de-junio-2017,INGRESO DIARIOS DE PRECIOS POR VARIEDAD  DE PRODUCTO EN KG.  DEL 01 AL 06 DE JUNIO 2017,Plataforma Nacional de Datos Abiertos,1,0,,,Active,https://www.datosabiertos.gob.pe/sites/default/files/recursos/2017/06/PRC.JUNIO__1.xlsx,XLSX,200,"Mar, 06/06/2017 - 12:10","Vie, 07/07/2017 - 20:07"
precios-por-productos-variedad-del-01-al-06-de-junio-del-año-2017-kg,PRECIOS POR PRODUCTOS VARIEDAD DEL 01 AL 06 DE JUNIO DEL AÑO 2017  KG.,Plataforma Nacional de Datos Abiertos,1,0,,,Active,https://www.datosabiertos.gob.pe/sites/default/files/recursos/2017/06/prec.mensual_1.xlsx,XLSX,200,"Mar, 06/06/2017 - 12:11","Vie, 07/07/2017 - 20:07"
volumenes-de-producto-por-varieadad-tm-del-01-al-06-de-junio-del-año-2017,VOLUMENES DE PRODUCTO POR VARIEADAD   TM. DEL 01 AL 06 DE JUNIO DEL AÑO 2017,Plataforma Nacional de Datos Abiertos,1,0,,,Active,https://www.datosabiertos.gob.pe/sites/default/files/recursos/2017/06/VOL.PROD_._1.xlsx,XLSX,200,"Mar, 06/06/2017 - 12:13","Vie, 07/07/2017 - 20:07"
ingreso-diarios-de-precios-por-variedad-de-producto-en-kg-del-01-al-02-de-junio-2017,INGRESO DIARIOS DE PRECIOS POR VARIEDAD  DE PRODUCTO EN KG.  DEL 01 AL 02 DE JUNIO 2017,Plataforma Nacional de Datos Abiertos,1,0,,,Active,https://www.datosabiertos.gob.pe/sites/default/files/recursos/2017/06/PRC.JUNIO_.xlsx,XLSX,200,"Vie, 06/02/2017 - 11:34","Vie, 07/07/2017 - 20:07"
volumenes-y-procedencias-del-producto-del-01-al-06-de-junio-del-año-2017,VOLUMENES Y PROCEDENCIAS DEL PRODUCTO DEL 01 AL 06 DE JUNIO DEL AÑO:    2017,Plataforma Nacional de Datos Abiertos,1,0,,,Active,https://www.datosabiertos.gob.pe/sites/default/files/recursos/2017/06/VOL.PROC_.PROD_._1.xlsx,XLSX,200,"Mar, 06/06/2017 - 12:15","Vie, 07/07/2017 - 20:07"
base-de-datos-censales-socio-económicos-y-culturales-de-las-cuencas-de-los-ríos-ampiyacu,"Base de datos censales socio económicos y culturales de las cuencas de los ríos  Ampiyacu, Urarinas, Nanay, Paranapura,Tigre y Ucayali  (Año 2004-2012)",Plataforma Nacional de Datos Abiertos,3,1,,,Active,https://www.datosabiertos.gob.pe/sites/default/files/recursos/2017/06/Chacras%20y%20Especie%20por%20Comunidad_0.xlsx,XLSX,200,"Mar, 06/06/2017 - 14:09","Jue, 07/16/2026 - 11:38"
ingreso-diario-de-volumenes-tm-de-productos-al-gmml-del-01-al-07-de-junio-2017,INGRESO DIARIO DE VOLUMENES ( TM ) DE PRODUCTOS AL GMML	DEL   01  AL  07  DE  JUNIO  2017,Plataforma Nacional de Datos Abiertos,1,0,,,Active,https://www.datosabiertos.gob.pe/sites/default/files/recursos/2017/06/vol.JUN_.xlsx,XLSX,200,"Mié, 06/07/2017 - 12:04","Vie, 07/07/2017 - 20:07"
ingreso-diarios-de-precios-por-variedad-de-producto-en-kg-del-01-al-07-de-junio-2017,INGRESO DIARIOS DE PRECIOS POR VARIEDAD  DE PRODUCTO EN KG.  DEL 01 AL 07 DE JUNIO 2017,Plataforma Nacional de Datos Abiertos,1,0,,,Active,https://www.datosabiertos.gob.pe/sites/default/files/recursos/2017/06/prec.JUN_.xlsx,XLSX,200,"Mié, 06/07/2017 - 12:09","Vie, 07/07/2017 - 20:07"
precios-de-referencia-de-combustibles-derivados-del-petróleo-osinergmin,Precios de Referencia de Combustibles Derivados del Petróleo - OSINERGMIN,Plataforma Nacional de Datos Abiertos,1,1,,,Active,http://www.osinergmin.gob.pe/seccion/institucional/Paginas/VisorPreciosReferencia.aspx?Codigo=2017,,0,"Jue, 06/08/2017 - 09:14","Mié, 12/17/2025 - 11:57"
ingreso-diario-de-volumenes-tm-de-productos-al-gmml-del-01-al-08-de-junio-2017,INGRESO DIARIO DE VOLUMENES ( TM ) DE PRODUCTOS AL GMML	DEL   01  AL  08  DE  JUNIO  2017,Plataforma Nacional de Datos Abiertos,1,0,,,Active,https://www.datosabiertos.gob.pe/sites/default/files/recursos/2017/06/VOL.JUNIO__2.xlsx,XLSX,200,"Jue, 06/08/2017 - 12:48","Vie, 07/07/2017 - 20:07"
ingreso-diarios-de-precios-por-variedad-de-producto-en-kg-del-01-al-08-de-junio-2017,INGRESO DIARIOS DE PRECIOS POR VARIEDAD  DE PRODUCTO EN KG.  DEL 01 AL 08 DE JUNIO 2017,Plataforma Nacional de Datos Abiertos,1,0,,,Active,https://www.datosabiertos.gob.pe/sites/default/files/recursos/2017/06/PRC.JUNIO__2.xlsx,XLSX,200,"Jue, 06/08/2017 - 12:49","Vie, 07/07/2017 - 20:07"
volumenes-de-producto-por-varieadad-tm-del-01-al-08-de-junio-del-año-2017,VOLUMENES DE PRODUCTO POR VARIEADAD   TM. DEL 01 AL 08 DE JUNIO DEL AÑO 2017,Plataforma Nacional de Datos Abiertos,1,0,,,Active,https://www.datosabiertos.gob.pe/sites/default/files/recursos/2017/06/VOL.PROD_._2.xlsx,XLSX,200,"Jue, 06/08/2017 - 12:54","Vie, 07/07/2017 - 20:07"
volumenes-y-procedencias-del-producto-del-01-al-08-de-junio-del-año-2017,VOLUMENES Y PROCEDENCIAS DEL PRODUCTO DEL 01 AL 08 DE JUNIO DEL AÑO:    2017,Plataforma Nacional de Datos Abiertos,1,0,,,Active,https://www.datosabiertos.gob.pe/sites/default/files/recursos/2017/06/VOL.PROC_.PROD_._2.xlsx,XLSX,200,"Jue, 06/08/2017 - 12:55","Vie, 07/07/2017 - 20:07"
ingreso-diario-de-volumenes-tm-de-productos-al-gmml-del-01-al-09-de-junio-2017,INGRESO DIARIO DE VOLUMENES ( TM ) DE PRODUCTOS AL GMML	DEL   01  AL  09  DE  JUNIO  2017,Plataforma Nacional de Datos Abiertos,1,0,,,Active,https://www.datosabiertos.gob.pe/sites/default/files/recursos/2017/06/VOL.JUNIO__3.xlsx,XLSX,200,"Vie, 06/09/2017 - 16:11","Vie, 07/07/2017 - 20:07"
ingreso-diarios-de-precios-por-variedad-de-producto-en-kg-del-01-al-09-de-junio-2017,INGRESO DIARIOS DE PRECIOS POR VARIEDAD  DE PRODUCTO EN KG.  DEL 01 AL 09 DE JUNIO 2017,Plataforma Nacional de Datos Abiertos,1,0,,,Active,https://www.datosabiertos.gob.pe/sites/default/files/recursos/2017/06/PRC.JUNIO__3.xlsx,XLSX,200,"Vie, 06/09/2017 - 16:13","Vie, 07/07/2017 - 20:07"
precios-por-productos-variedad-del-01-al-09-de-junio-del-año-2017-kg,PRECIOS POR PRODUCTOS VARIEDAD DEL 01 AL 09 DE JUNIO DEL AÑO 2017  KG.,Plataforma Nacional de Datos Abiertos,1,0,,,Active,https://www.datosabiertos.gob.pe/sites/default/files/recursos/2017/06/prec.mensual_3.xlsx,XLSX,200,"Vie, 06/09/2017 - 16:14","Vie, 07/07/2017 - 20:07"
volumenes-de-producto-por-varieadad-tm-del-01-al-09-de-junio-del-año-2017,VOLUMENES DE PRODUCTO POR VARIEADAD   TM. DEL 01 AL 09 DE JUNIO DEL AÑO 2017,Plataforma Nacional de Datos Abiertos,1,0,,,Active,https://www.datosabiertos.gob.pe/sites/default/files/recursos/2017/06/VOL.PROD_._3.xlsx,XLSX,200,"Vie, 06/09/2017 - 16:15","Vie, 07/07/2017 - 20:07"
volumenes-y-procedencias-del-producto-del-01-al-09-de-junio-del-año-2017,VOLUMENES Y PROCEDENCIAS DEL PRODUCTO DEL 01 AL 09 DE JUNIO DEL AÑO:    2017,Plataforma Nacional de Datos Abiertos,1,0,,,Active,https://www.datosabiertos.gob.pe/sites/default/files/recursos/2017/06/VOL.PROC_.PROD_._3.xlsx,XLSX,200,"Vie, 06/09/2017 - 16:16","Vie, 07/07/2017 - 20:07"
ingreso-diario-de-volumenes-tm-de-productos-al-gmml-del-01-al-12-de-junio-2017,INGRESO DIARIO DE VOLUMENES ( TM ) DE PRODUCTOS AL GMML	DEL   01  AL  12  DE  JUNIO  2017,Plataforma Nacional de Datos Abiertos,1,0,,,Active,https://www.datosabiertos.gob.pe/sites/default/files/recursos/2017/06/VOL.JUNIO__4.xlsx,XLSX,200,"Lun, 06/12/2017 - 12:13","Vie, 07/07/2017 - 20:07"
volumenes-de-producto-por-varieadad-tm-del-01-al-12-de-junio-del-año-2017,VOLUMENES DE PRODUCTO POR VARIEADAD   TM. DEL 01 AL 12 DE JUNIO DEL AÑO 2017,Plataforma Nacional de Datos Abiertos,1,0,,,Active,https://www.datosabiertos.gob.pe/sites/default/files/recursos/2017/06/VOL.PROD_._4.xlsx,XLSX,200,"Lun, 06/12/2017 - 12:22","Vie, 07/07/2017 - 20:07"
precios-por-productos-variedad-del-01-al-08-de-junio-del-año-2017-kg,PRECIOS POR PRODUCTOS VARIEDAD DEL 01 AL 08 DE JUNIO DEL AÑO 2017  KG.,Plataforma Nacional de Datos Abiertos,1,0,,,Active,https://www.datosabiertos.gob.pe/sites/default/files/recursos/2017/06/prec.mensual_2.xlsx,XLSX,200,"Jue, 06/08/2017 - 12:51","Vie, 07/07/2017 - 20:07"
ingreso-diario-de-volumenes-tm-de-productos-al-gmml-del-01-al-13-de-junio-2017,INGRESO DIARIO DE VOLUMENES ( TM ) DE PRODUCTOS AL GMML	DEL   01  AL  13  DE  JUNIO  2017,Plataforma Nacional de Datos Abiertos,1,0,,,Active,https://www.datosabiertos.gob.pe/sites/default/files/recursos/2017/06/VOL.JUNIO__5.xlsx,XLSX,200,"Mar, 06/13/2017 - 16:09","Vie, 07/07/2017 - 20:07"
volumenes-y-procedencias-del-producto-del-01-al-12-de-junio-del-año-2017,VOLUMENES Y PROCEDENCIAS DEL PRODUCTO DEL 01 AL 12 DE JUNIO DEL AÑO:    2017,Plataforma Nacional de Datos Abiertos,1,0,,,Active,https://www.datosabiertos.gob.pe/sites/default/files/recursos/2017/06/VOL.PROC_.PROD_._4.xlsx,XLSX,200,"Lun, 06/12/2017 - 12:25","Vie, 07/07/2017 - 20:07"
ingreso-diarios-de-precios-por-variedad-de-producto-en-kg-del-01-al-12-de-junio-2017,INGRESO DIARIOS DE PRECIOS POR VARIEDAD  DE PRODUCTO EN KG.  DEL 01 AL 12 DE JUNIO 2017,Plataforma Nacional de Datos Abiertos,1,0,,,Active,https://www.datosabiertos.gob.pe/sites/default/files/recursos/2017/06/PRC.JUNIO__4.xlsx,XLSX,200,"Lun, 06/12/2017 - 12:18","Vie, 07/07/2017 - 20:07"
pueblos-formalizados-al-08-de-junio-del-2017,Pueblos Formalizados al 08 de Junio del 2017,Plataforma Nacional de Datos Abiertos,1,1,,,Active,https://www.datosabiertos.gob.pe/sites/default/files/recursos/2017/06/Pueblos%20Formalizados%202017_06_08.xlsx,XLSX,200,"Lun, 06/12/2017 - 20:16","Sáb, 07/24/2021 - 06:02"
planes-de-negocio-2016,Planes de Negocio 2016,Plataforma Nacional de Datos Abiertos,1,4,,,Active,https://www.datosabiertos.gob.pe/sites/default/files/recursos/2017/06/planes-negocio.csv,CVS,200,"Lun, 06/12/2017 - 22:42","Vie, 07/07/2017 - 20:07"
precios-por-productos-variedad-del-01-al-12-de-junio-del-año-2017-kg,PRECIOS POR PRODUCTOS VARIEDAD DEL 01 AL 12 DE JUNIO DEL AÑO 2017  KG.,Plataforma Nacional de Datos Abiertos,1,0,,,Active,https://www.datosabiertos.gob.pe/sites/default/files/recursos/2017/06/prec.mensual_4.xlsx,XLSX,200,"Lun, 06/12/2017 - 12:20","Vie, 07/07/2017 - 20:07"
ingreso-diarios-de-precios-por-variedad-de-producto-en-kg-del-01-al-13-de-junio-2017,INGRESO DIARIOS DE PRECIOS POR VARIEDAD  DE PRODUCTO EN KG.  DEL 01 AL 13 DE JUNIO 2017,Plataforma Nacional de Datos Abiertos,1,0,,,Active,https://www.datosabiertos.gob.pe/sites/default/files/recursos/2017/06/PRC.JUNIO__5.xlsx,XLSX,200,"Mar, 06/13/2017 - 16:10","Vie, 07/07/2017 - 20:07"
precios-por-productos-variedad-del-01-al-13-de-junio-del-año-2017-kg,PRECIOS POR PRODUCTOS VARIEDAD DEL 01 AL 13 DE JUNIO DEL AÑO 2017  KG.,Plataforma Nacional de Datos Abiertos,1,0,,,Active,https://www.datosabiertos.gob.pe/sites/default/files/recursos/2017/06/prec.mensual_5.xlsx,XLSX,200,"Mar, 06/13/2017 - 16:11","Vie, 07/07/2017 - 20:07"
volumenes-de-producto-por-varieadad-tm-del-01-al-13-de-junio-del-año-2017,VOLUMENES DE PRODUCTO POR VARIEADAD   TM. DEL 01 AL 13 DE JUNIO DEL AÑO 2017,Plataforma Nacional de Datos Abiertos,1,0,,,Active,https://www.datosabiertos.gob.pe/sites/default/files/recursos/2017/06/VOL.PROD_._5.xlsx,XLSX,200,"Mar, 06/13/2017 - 16:12","Vie, 07/07/2017 - 20:07"
volumenes-y-procedencias-del-producto-del-01-al-13-de-junio-del-año-2017,VOLUMENES Y PROCEDENCIAS DEL PRODUCTO DEL 01 AL 13 DE JUNIO DEL AÑO:    2017,Plataforma Nacional de Datos Abiertos,1,0,,,Active,https://www.datosabiertos.gob.pe/sites/default/files/recursos/2017/06/VOL.PROC_.PROD_._5.xlsx,XLSX,200,"Mar, 06/13/2017 - 16:12","Vie, 07/07/2017 - 20:07"
ingreso-diario-de-volumenes-tm-de-productos-al-gmml-del-01-al-14-de-junio-2017,INGRESO DIARIO DE VOLUMENES ( TM ) DE PRODUCTOS AL GMML	DEL   01  AL  14  DE  JUNIO  2017,Plataforma Nacional de Datos Abiertos,1,0,,,Active,https://www.datosabiertos.gob.pe/sites/default/files/recursos/2017/06/VOL.JUNIO__6.xlsx,XLSX,200,"Mié, 06/14/2017 - 12:50","Vie, 07/07/2017 - 17:05"
ingreso-diarios-de-precios-por-variedad-de-producto-en-kg-del-01-al-14-de-junio-2017,INGRESO DIARIOS DE PRECIOS POR VARIEDAD  DE PRODUCTO EN KG.  DEL 01 AL 14 DE JUNIO 2017,Plataforma Nacional de Datos Abiertos,1,0,,,Active,https://www.datosabiertos.gob.pe/sites/default/files/recursos/2017/06/PRC.JUNIO__6.xlsx,XLSX,200,"Mié, 06/14/2017 - 12:53","Vie, 07/07/2017 - 20:07"
volumenes-y-procedencias-del-producto-del-01-al-14-de-junio-del-año-2017,VOLUMENES Y PROCEDENCIAS DEL PRODUCTO DEL 01 AL 14 DE JUNIO DEL AÑO:    2017,Plataforma Nacional de Datos Abiertos,1,0,,,Active,https://www.datosabiertos.gob.pe/sites/default/files/recursos/2017/06/VOL.PROC_.PROD_._6.xlsx,XLSX,200,"Mié, 06/14/2017 - 12:57","Vie, 07/07/2017 - 17:05"
precios-por-productos-variedad-del-01-al-14-de-junio-del-año-2017-kg,PRECIOS POR PRODUCTOS VARIEDAD DEL 01 AL 14 DE JUNIO DEL AÑO 2017  KG.,Plataforma Nacional de Datos Abiertos,1,0,,,Active,https://www.datosabiertos.gob.pe/sites/default/files/recursos/2017/06/prec.mensual_6.xlsx,XLSX,200,"Mié, 06/14/2017 - 12:55","Vie, 07/07/2017 - 17:05"
volumenes-de-producto-por-varieadad-tm-del-01-al-14-de-junio-del-año-2017,VOLUMENES DE PRODUCTO POR VARIEADAD   TM. DEL 01 AL 14 DE JUNIO DEL AÑO 2017,Plataforma Nacional de Datos Abiertos,1,0,,,Active,https://www.datosabiertos.gob.pe/sites/default/files/recursos/2017/06/VOL.PROD_._6.xlsx,XLSX,200,"Mié, 06/14/2017 - 12:56","Vie, 07/07/2017 - 17:05"
ingreso-diarios-de-precios-por-variedad-de-producto-en-kg-del-01-al-15-de-junio-2017,INGRESO DIARIOS DE PRECIOS POR VARIEDAD  DE PRODUCTO EN KG.  DEL 01 AL 15 DE JUNIO 2017,Plataforma Nacional de Datos Abiertos,1,0,,,Active,https://www.datosabiertos.gob.pe/sites/default/files/recursos/2017/06/PRC.JUNIO__7.xlsx,XLSX,200,"Jue, 06/15/2017 - 14:28","Vie, 07/07/2017 - 17:05"
ingreso-diario-de-volumenes-tm-de-productos-al-gmml-del-01-al-15-de-junio-2017,INGRESO DIARIO DE VOLUMENES ( TM ) DE PRODUCTOS AL GMML	DEL   01  AL  15  DE  JUNIO  2017,Plataforma Nacional de Datos Abiertos,1,0,,,Active,https://www.datosabiertos.gob.pe/sites/default/files/recursos/2017/06/VOL.JUNIO__7.xlsx,XLSX,200,"Jue, 06/15/2017 - 14:27","Vie, 07/07/2017 - 17:05"
precios-por-productos-variedad-del-01-al-15-de-junio-del-año-2017-kg,PRECIOS POR PRODUCTOS VARIEDAD DEL 01 AL 15 DE JUNIO DEL AÑO 2017  KG.,Plataforma Nacional de Datos Abiertos,1,0,,,Active,https://www.datosabiertos.gob.pe/sites/default/files/recursos/2017/06/prec.mensual_7.xlsx,XLSX,200,"Jue, 06/15/2017 - 14:35","Vie, 07/07/2017 - 17:05"
volumenes-de-producto-por-varieadad-tm-del-01-al-15-de-junio-del-año-2017,VOLUMENES DE PRODUCTO POR VARIEADAD   TM. DEL 01 AL 15 DE JUNIO DEL AÑO 2017,Plataforma Nacional de Datos Abiertos,1,0,,,Active,https://www.datosabiertos.gob.pe/sites/default/files/recursos/2017/06/VOL.PROD_._7.xlsx,XLSX,200,"Jue, 06/15/2017 - 14:36","Vie, 07/07/2017 - 20:07"
volumenes-y-procedencias-del-producto-del-01-al-15-de-junio-del-año-2017,VOLUMENES Y PROCEDENCIAS DEL PRODUCTO DEL 01 AL 15 DE JUNIO DEL AÑO:    2017,Plataforma Nacional de Datos Abiertos,1,0,,,Active,https://www.datosabiertos.gob.pe/sites/default/files/recursos/2017/06/VOL.PROC_.PROD_._7.xlsx,XLSX,200,"Jue, 06/15/2017 - 14:37","Vie, 07/07/2017 - 17:05"
ingreso-diario-de-volumenes-tm-de-productos-al-gmml-del-01-al-16-de-junio-2017,INGRESO DIARIO DE VOLUMENES ( TM ) DE PRODUCTOS AL GMML	DEL   01  AL  16  DE  JUNIO  2017,Plataforma Nacional de Datos Abiertos,1,0,,,Active,https://www.datosabiertos.gob.pe/sites/default/files/recursos/2017/06/VOL.JUNIO__8.xlsx,XLSX,200,"Vie, 06/16/2017 - 14:43","Vie, 07/07/2017 - 17:05"
ingreso-diarios-de-precios-por-variedad-de-producto-en-kg-del-01-al-16-de-junio-2017,INGRESO DIARIOS DE PRECIOS POR VARIEDAD  DE PRODUCTO EN KG.  DEL 01 AL 16 DE JUNIO 2017,Plataforma Nacional de Datos Abiertos,1,0,,,Active,https://www.datosabiertos.gob.pe/sites/default/files/recursos/2017/06/PRC.JUNIO__8.xlsx,XLSX,200,"Vie, 06/16/2017 - 14:48","Vie, 07/07/2017 - 20:07"
precios-por-productos-variedad-del-01-al-16-de-junio-del-año-2017-kg,PRECIOS POR PRODUCTOS VARIEDAD DEL 01 AL 16 DE JUNIO DEL AÑO 2017  KG.,Plataforma Nacional de Datos Abiertos,1,0,,,Active,https://www.datosabiertos.gob.pe/sites/default/files/recursos/2017/06/prec.mensual_8.xlsx,XLSX,200,"Vie, 06/16/2017 - 14:51","Vie, 07/07/2017 - 17:05"
volumenes-de-producto-por-varieadad-tm-del-01-al-16-de-junio-del-año-2017,VOLUMENES DE PRODUCTO POR VARIEADAD   TM. DEL 01 AL 16 DE JUNIO DEL AÑO 2017,Plataforma Nacional de Datos Abiertos,1,0,,,Active,https://www.datosabiertos.gob.pe/sites/default/files/recursos/2017/06/VOL.PROD_._8.xlsx,XLSX,200,"Vie, 06/16/2017 - 14:53","Vie, 07/07/2017 - 17:05"
volumenes-y-procedencias-del-producto-del-01-al-16-de-junio-del-año-2017,VOLUMENES Y PROCEDENCIAS DEL PRODUCTO DEL 01 AL 16 DE JUNIO DEL AÑO:    2017,Plataforma Nacional de Datos Abiertos,1,0,,,Active,https://www.datosabiertos.gob.pe/sites/default/files/recursos/2017/06/VOL.PROC_.PROD_._8.xlsx,XLSX,200,"Vie, 06/16/2017 - 14:54","Vie, 07/07/2017 - 17:05"
ingreso-diario-de-volumenes-tm-de-productos-al-gmml-del-01-al-19-de-junio-2017,INGRESO DIARIO DE VOLUMENES ( TM ) DE PRODUCTOS AL GMML	DEL   01  AL  19  DE JUNIO  2017,Plataforma Nacional de Datos Abiertos,1,0,,,Active,https://www.datosabiertos.gob.pe/sites/default/files/recursos/2017/06/VOL.JUNIO__9.xlsx,XLSX,200,"Lun, 06/19/2017 - 12:34","Vie, 07/07/2017 - 17:05"
ingreso-diarios-de-precios-por-variedad-de-producto-en-kg-del-01-al-19-de-junio-2017,INGRESO DIARIOS DE PRECIOS POR VARIEDAD  DE PRODUCTO EN KG.  DEL 01 AL 19 DE JUNIO 2017,Plataforma Nacional de Datos Abiertos,1,0,,,Active,https://www.datosabiertos.gob.pe/sites/default/files/recursos/2017/06/PRC.JUNIO__9.xlsx,XLSX,200,"Lun, 06/19/2017 - 12:35","Vie, 07/07/2017 - 17:05"
precios-por-productos-variedad-del-01-al-19-de-junio-del-año-2017-kg,PRECIOS POR PRODUCTOS VARIEDAD DEL 01 AL 19 DE JUNIO DEL AÑO 2017  KG.,Plataforma Nacional de Datos Abiertos,1,0,,,Active,https://www.datosabiertos.gob.pe/sites/default/files/recursos/2017/06/prec.mensual_9.xlsx,XLSX,200,"Lun, 06/19/2017 - 12:37","Vie, 07/07/2017 - 17:05"
volumenes-de-producto-por-varieadad-tm-del-01-al-19-de-junio-del-año-2017,VOLUMENES DE PRODUCTO POR VARIEADAD   TM. DEL 01 AL 19 DE JUNIO DEL AÑO 2017,Plataforma Nacional de Datos Abiertos,1,0,,,Active,https://www.datosabiertos.gob.pe/sites/default/files/recursos/2017/06/VOL.PROD_._9.xlsx,XLSX,200,"Lun, 06/19/2017 - 12:38","Vie, 07/07/2017 - 17:05"
volumenes-y-procedencias-del-producto-del-01-al-19-de-junio-del-año-2017,VOLUMENES Y PROCEDENCIAS DEL PRODUCTO DEL 01 AL 19 DE JUNIO DEL AÑO:    2017,Plataforma Nacional de Datos Abiertos,1,0,,,Active,https://www.datosabiertos.gob.pe/sites/default/files/recursos/2017/06/VOL.PROC_.PROD_._9.xlsx,XLSX,200,"Lun, 06/19/2017 - 12:39","Vie, 07/07/2017 - 17:05"
ingreso-diario-de-volumenes-tm-de-productos-al-gmml-del-01-al-20-de-junio-2017,INGRESO DIARIO DE VOLUMENES ( TM ) DE PRODUCTOS AL GMML	DEL   01  AL  20  DE  JUNIO  2017,Plataforma Nacional de Datos Abiertos,1,0,,,Active,https://www.datosabiertos.gob.pe/sites/default/files/recursos/2017/06/VOL.JUNIO__10.xlsx,XLSX,200,"Mar, 06/20/2017 - 12:56","Vie, 07/07/2017 - 17:05"
ingreso-diarios-de-precios-por-variedad-de-producto-en-kg-del-01-al-20-de-junio-2017,INGRESO DIARIOS DE PRECIOS POR VARIEDAD  DE PRODUCTO EN KG.  DEL 01 AL 20 DE JUNIO 2017,Plataforma Nacional de Datos Abiertos,1,0,,,Active,https://www.datosabiertos.gob.pe/sites/default/files/recursos/2017/06/PRC.JUNIO__10.xlsx,XLSX,200,"Mar, 06/20/2017 - 12:57","Vie, 07/07/2017 - 17:05"
precios-por-productos-variedad-del-01-al-20-de-junio-del-año-2017-kg,PRECIOS POR PRODUCTOS VARIEDAD DEL 01 AL 20 DE JUNIO DEL AÑO 2017  KG.,Plataforma Nacional de Datos Abiertos,1,0,,,Active,https://www.datosabiertos.gob.pe/sites/default/files/recursos/2017/06/prec.mensual_10.xlsx,XLSX,200,"Mar, 06/20/2017 - 12:58","Vie, 07/07/2017 - 17:05"
volumenes-de-producto-por-varieadad-tm-del-01-al-20-de-junio-del-año-2017,VOLUMENES DE PRODUCTO POR VARIEADAD   TM. DEL 01 AL 20 DE JUNIO DEL AÑO 2017,Plataforma Nacional de Datos Abiertos,2,0,,,Active,https://www.datosabiertos.gob.pe/sites/default/files/recursos/2017/06/VOL.PROD_._10.xlsx,XLSX,200,"Mar, 06/20/2017 - 12:59","Vie, 07/07/2017 - 20:07"
volumenes-y-procedencias-del-producto-del-01-al-20-de-junio-del-año-2017,VOLUMENES Y PROCEDENCIAS DEL PRODUCTO DEL 01 AL 20 DE JUNIO DEL AÑO:    2017,Plataforma Nacional de Datos Abiertos,1,0,,,Active,https://www.datosabiertos.gob.pe/sites/default/files/recursos/2017/06/VOL.PROC_.PROD_._10.xlsx,XLSX,200,"Mar, 06/20/2017 - 13:02","Vie, 07/07/2017 - 17:05"
ingreso-diario-de-volumenes-tm-de-productos-al-gmml-del-01-al-21-de-junio-2017,INGRESO DIARIO DE VOLUMENES ( TM ) DE PRODUCTOS AL GMML	DEL   01  AL  21  DE  JUNIO  2017,Plataforma Nacional de Datos Abiertos,1,0,,,Active,https://www.datosabiertos.gob.pe/sites/default/files/recursos/2017/06/VOL.JUNIO__11.xlsx,XLSX,200,"Mié, 06/21/2017 - 12:48","Vie, 07/07/2017 - 17:05"
ingreso-diarios-de-precios-por-variedad-de-producto-en-kg-del-01-al-21-de-junio-2017,INGRESO DIARIOS DE PRECIOS POR VARIEDAD  DE PRODUCTO EN KG.  DEL 01 AL 21 DE JUNIO 2017,Plataforma Nacional de Datos Abiertos,1,0,,,Active,https://www.datosabiertos.gob.pe/sites/default/files/recursos/2017/06/PRC.JUNIO__11.xlsx,XLSX,200,"Mié, 06/21/2017 - 12:49","Vie, 07/07/2017 - 17:05"
precios-por-productos-variedad-del-01-al-21-de-junio-del-año-2017-kg,PRECIOS POR PRODUCTOS VARIEDAD DEL 01 AL 21 DE JUNIO DEL AÑO 2017  KG.,Plataforma Nacional de Datos Abiertos,1,0,,,Active,https://www.datosabiertos.gob.pe/sites/default/files/recursos/2017/06/prec.mensual_11.xlsx,XLSX,200,"Mié, 06/21/2017 - 12:52","Vie, 07/07/2017 - 17:05"
volumenes-de-producto-por-varieadad-tm-del-01-al-21-de-junio-del-año-2017,VOLUMENES DE PRODUCTO POR VARIEADAD   TM. DEL 01 AL 21 DE JUNIO DEL AÑO 2017,Plataforma Nacional de Datos Abiertos,1,0,,,Active,https://www.datosabiertos.gob.pe/sites/default/files/recursos/2017/06/VOL.PROD_._11.xlsx,XLSX,200,"Mié, 06/21/2017 - 12:54","Vie, 07/07/2017 - 17:05"
volumenes-y-procedencias-del-producto-del-01-al-21-de-junio-del-año-2017,VOLUMENES Y PROCEDENCIAS DEL PRODUCTO DEL 01 AL 21 DE JUNIO DEL AÑO:    2017,Plataforma Nacional de Datos Abiertos,1,0,,,Active,https://www.datosabiertos.gob.pe/sites/default/files/recursos/2017/06/VOL.PROC_.PROD_._11.xlsx,XLSX,200,"Mié, 06/21/2017 - 12:57","Vie, 07/07/2017 - 17:05"
zonificación-sísmica-–-geotécnica-del-área-urbana-de-chaclacayo,ZONIFICACIÓN SÍSMICA – GEOTÉCNICA DEL ÁREA URBANA DE CHACLACAYO,Plataforma Nacional de Datos Abiertos,1,3,,,Active,https://www.datosabiertos.gob.pe/sites/default/files/recursos/2017/06/Zonificacion_Sismica_Geotecnica_IGP_Chaclacayo.pdf,PDF,200,"Jue, 06/22/2017 - 23:05","Jue, 07/06/2017 - 19:55"
zonificación-sísmica-–-geotécnica-del-área-urbana-de-chosica,ZONIFICACIÓN SÍSMICA – GEOTÉCNICA DEL ÁREA URBANA DE CHOSICA,Plataforma Nacional de Datos Abiertos,1,2,,,Active,https://www.datosabiertos.gob.pe/sites/default/files/recursos/2017/06/Zonificaci%C3%B3n_Sismica_Geotecnica_IGP_Chosica.pdf,PDF,200,"Jue, 06/22/2017 - 23:11","Jue, 07/06/2017 - 19:55"
zonificación-sísmica-–-geotécnica-del-área-urbana-de-huaycán-ate,ZONIFICACIÓN SÍSMICA – GEOTÉCNICA DEL ÁREA URBANA DE HUAYCÁN - ATE,Plataforma Nacional de Datos Abiertos,1,3,,,Active,https://www.datosabiertos.gob.pe/sites/default/files/recursos/2017/06/Zonificacion_Sismica_Geotecnica_IGP_Huaycan.pdf,PDF,200,"Jue, 06/22/2017 - 23:15","Jue, 07/06/2017 - 19:55"
zonificación-sísmica-–-geotécnica-del-área-urbana-de-carapongo-lurigancho-chosica,ZONIFICACIÓN SÍSMICA – GEOTÉCNICA DEL ÁREA URBANA DE CARAPONGO LURIGANCHO-CHOSICA,Plataforma Nacional de Datos Abiertos,1,3,,,Active,https://www.datosabiertos.gob.pe/sites/default/files/recursos/2017/06/Zonificaci%C3%B3n_Sismica_Geotecnica_IGP_Carapongo_2012.pdf,PDF,200,"Jue, 06/22/2017 - 23:23","Jue, 07/06/2017 - 19:55"
ingreso-diario-de-volumenes-tm-de-productos-al-gmml-del-01-al-23-de-junio-2017,INGRESO DIARIO DE VOLUMENES ( TM ) DE PRODUCTOS AL GMML	DEL   01  AL  23  DE  JUNIO  2017,Plataforma Nacional de Datos Abiertos,1,0,,,Active,https://www.datosabiertos.gob.pe/sites/default/files/recursos/2017/06/VOL.JUNIO__12.xlsx,XLSX,200,"Vie, 06/23/2017 - 14:54","Vie, 07/07/2017 - 17:05"
ingreso-diarios-de-precios-por-variedad-de-producto-en-kg-del-01-al-23-de-junio-2017,INGRESO DIARIOS DE PRECIOS POR VARIEDAD  DE PRODUCTO EN KG.  DEL 01 AL 23 DE JUNIO 2017,Plataforma Nacional de Datos Abiertos,1,0,,,Active,https://www.datosabiertos.gob.pe/sites/default/files/recursos/2017/06/PRC.JUNIO__12.xlsx,XLSX,200,"Vie, 06/23/2017 - 14:56","Vie, 07/07/2017 - 17:05"
precios-por-productos-variedad-del-01-al-23-de-junio-del-año-2017-kg,PRECIOS POR PRODUCTOS VARIEDAD DEL 01 AL 23 DE JUNIO DEL AÑO 2017  KG.,Plataforma Nacional de Datos Abiertos,1,0,,,Active,https://www.datosabiertos.gob.pe/sites/default/files/recursos/2017/06/prec.mensual_12.xlsx,XLSX,200,"Vie, 06/23/2017 - 14:58","Vie, 07/07/2017 - 17:05"
volumenes-de-producto-por-varieadad-tm-del-01-al-23-de-junio-del-año-2017,VOLUMENES DE PRODUCTO POR VARIEADAD   TM. DEL 01 AL 23 DE JUNIO DEL AÑO 2017,Plataforma Nacional de Datos Abiertos,1,0,,,Active,https://www.datosabiertos.gob.pe/sites/default/files/recursos/2017/06/VOL.PROD_._12.xlsx,XLSX,200,"Vie, 06/23/2017 - 14:59","Vie, 07/07/2017 - 17:05"
volumenes-y-procedencias-del-producto-del-01-al-23-de-junio-del-año-2017,VOLUMENES Y PROCEDENCIAS DEL PRODUCTO DEL 01 AL 23 DE JUNIO DEL AÑO:    2017,Plataforma Nacional de Datos Abiertos,1,0,,,Active,https://www.datosabiertos.gob.pe/sites/default/files/recursos/2017/06/VOL.PROC_.PROD_._12.xlsx,XLSX,200,"Vie, 06/23/2017 - 15:00","Vie, 07/07/2017 - 20:07"
ingreso-diarios-de-precios-por-variedad-de-producto-en-kg-del-01-al-26-de-junio-2017,INGRESO DIARIOS DE PRECIOS POR VARIEDAD  DE PRODUCTO EN KG.  DEL 01 AL 26 DE JUNIO 2017,Plataforma Nacional de Datos Abiertos,1,0,,,Active,https://www.datosabiertos.gob.pe/sites/default/files/recursos/2017/06/PRC.JUNIO__13.xlsx,XLSX,200,"Lun, 06/26/2017 - 14:15","Vie, 07/07/2017 - 17:05"
ingreso-diario-de-volumenes-tm-de-productos-al-gmml-del-01-al-26-de-junio-2017,INGRESO DIARIO DE VOLUMENES ( TM ) DE PRODUCTOS AL GMML	DEL   01  AL  26  DE  JUNIO  2017,Plataforma Nacional de Datos Abiertos,1,0,,,Active,https://www.datosabiertos.gob.pe/sites/default/files/recursos/2017/06/VOL.JUNIO__13.xlsx,XLSX,200,"Lun, 06/26/2017 - 14:26","Vie, 07/07/2017 - 17:05"
precios-por-productos-variedad-del-01-al-26-de-junio-del-año-2017-kg,PRECIOS POR PRODUCTOS VARIEDAD DEL 01 AL 26 DE JUNIO DEL AÑO 2017  KG.,Plataforma Nacional de Datos Abiertos,1,0,,,Active,https://www.datosabiertos.gob.pe/sites/default/files/recursos/2017/06/prec.mensual_13.xlsx,XLSX,200,"Lun, 06/26/2017 - 14:29","Vie, 07/07/2017 - 17:05"
volumenes-de-producto-por-varieadad-tm-del-01-al-26-de-junio-del-año-2017,VOLUMENES DE PRODUCTO POR VARIEADAD   TM. DEL 01 AL 26 DE JUNIO DEL AÑO 2017,Plataforma Nacional de Datos Abiertos,1,0,,,Active,https://www.datosabiertos.gob.pe/sites/default/files/recursos/2017/06/VOL.PROD_._13.xlsx,XLSX,200,"Lun, 06/26/2017 - 14:30","Vie, 07/07/2017 - 17:05"
volumenes-y-procedencias-del-producto-del-01-al-26-de-junio-del-año-2017,VOLUMENES Y PROCEDENCIAS DEL PRODUCTO DEL 01 AL 26 DE JUNIO DEL AÑO:    2017,Plataforma Nacional de Datos Abiertos,1,0,,,Active,https://www.datosabiertos.gob.pe/sites/default/files/recursos/2017/06/VOL.PROC_.PROD_._13.xlsx,XLSX,200,"Lun, 06/26/2017 - 14:33","Vie, 07/07/2017 - 17:05"
ingreso-diario-de-volumenes-tm-de-productos-al-gmml-del-01-al-27-de-junio-2017,INGRESO DIARIO DE VOLUMENES ( TM ) DE PRODUCTOS AL GMML	DEL   01  AL  27  DE  JUNIO  2017,Plataforma Nacional de Datos Abiertos,1,0,,,Active,https://www.datosabiertos.gob.pe/sites/default/files/recursos/2017/06/VOL.JUNIO__14.xlsx,XLSX,200,"Mié, 06/28/2017 - 08:47","Vie, 07/07/2017 - 20:07"
ingreso-diarios-de-precios-por-variedad-de-producto-en-kg-del-01-al-27-de-junio-2017,INGRESO DIARIOS DE PRECIOS POR VARIEDAD  DE PRODUCTO EN KG.  DEL 01 AL 27 DE JUNIO 2017,Plataforma Nacional de Datos Abiertos,1,0,,,Active,https://www.datosabiertos.gob.pe/sites/default/files/recursos/2017/06/PRC.JUNIO__14.xlsx,XLSX,200,"Mié, 06/28/2017 - 08:48","Vie, 07/07/2017 - 17:05"
precios-por-productos-variedad-del-01-al-27-de-junio-del-año-2017-kg,PRECIOS POR PRODUCTOS VARIEDAD DEL 01 AL 27 DE JUNIO DEL AÑO 2017  KG.,Plataforma Nacional de Datos Abiertos,1,0,,,Active,https://www.datosabiertos.gob.pe/sites/default/files/recursos/2017/06/prec.mensual_14.xlsx,XLSX,200,"Mié, 06/28/2017 - 08:50","Vie, 07/07/2017 - 17:05"
volumenes-de-producto-por-varieadad-tm-del-01-al-27-de-junio-del-año-2017,VOLUMENES DE PRODUCTO POR VARIEADAD   TM. DEL 01 AL 27 DE JUNIO DEL AÑO 2017,Plataforma Nacional de Datos Abiertos,1,0,,,Active,https://www.datosabiertos.gob.pe/sites/default/files/recursos/2017/06/VOL.PROD_._14.xlsx,XLSX,200,"Mié, 06/28/2017 - 08:52","Vie, 07/07/2017 - 17:05"
volumenes-y-procedencias-del-producto-del-01-al-27-de-junio-del-año-2017,VOLUMENES Y PROCEDENCIAS DEL PRODUCTO DEL 01 AL 27 DE JUNIO DEL AÑO:    2017,Plataforma Nacional de Datos Abiertos,1,0,,,Active,https://www.datosabiertos.gob.pe/sites/default/files/recursos/2017/06/VOL.PROC_.PROD_._14.xlsx,XLSX,200,"Mié, 06/28/2017 - 08:57","Vie, 07/07/2017 - 17:05"
ingreso-diario-de-volumenes-tm-de-productos-al-gmml-del-01-al-28-de-junio-2017,INGRESO DIARIO DE VOLUMENES ( TM ) DE PRODUCTOS AL GMML	DEL   01  AL  28  DE  JUNIO  2017,Plataforma Nacional de Datos Abiertos,1,0,,,Active,https://www.datosabiertos.gob.pe/sites/default/files/recursos/2017/06/VOL.JUNIO__15.xlsx,XLSX,200,"Mié, 06/28/2017 - 11:07","Vie, 07/07/2017 - 17:05"
ingreso-diarios-de-precios-por-variedad-de-producto-en-kg-del-01-al-28-de-junio-2017,INGRESO DIARIOS DE PRECIOS POR VARIEDAD  DE PRODUCTO EN KG.  DEL 01 AL 28 DE JUNIO 2017,Plataforma Nacional de Datos Abiertos,1,0,,,Active,https://www.datosabiertos.gob.pe/sites/default/files/recursos/2017/06/PRC.JUNIO__15.xlsx,XLSX,200,"Mié, 06/28/2017 - 11:08","Vie, 07/07/2017 - 17:05"
precios-por-productos-variedad-del-01-al-28-de-junio-del-año-2017-kg,PRECIOS POR PRODUCTOS VARIEDAD DEL 01 AL 28 DE JUNIO DEL AÑO 2017  KG.,Plataforma Nacional de Datos Abiertos,1,0,,,Active,https://www.datosabiertos.gob.pe/sites/default/files/recursos/2017/06/prec.mensual_15.xlsx,XLSX,200,"Mié, 06/28/2017 - 11:08","Vie, 07/07/2017 - 17:05"
volumenes-de-producto-por-varieadad-tm-del-01-al-28-de-junio-del-año-2017,VOLUMENES DE PRODUCTO POR VARIEADAD   TM. DEL 01 AL 28 DE JUNIO DEL AÑO 2017,Plataforma Nacional de Datos Abiertos,1,0,,,Active,https://www.datosabiertos.gob.pe/sites/default/files/recursos/2017/06/VOL.PROD_._14.xlsx,XLSX,200,"Mié, 06/28/2017 - 11:10","Vie, 07/07/2017 - 17:05"
volumenes-y-procedencias-del-producto-del-01-al-28-de-junio-del-año-2017,VOLUMENES Y PROCEDENCIAS DEL PRODUCTO DEL 01 AL 28 DE JUNIO DEL AÑO:    2017,Plataforma Nacional de Datos Abiertos,1,0,,,Active,https://www.datosabiertos.gob.pe/sites/default/files/recursos/2017/06/VOL.PROC_.PROD_._14.xlsx,XLSX,200,"Mié, 06/28/2017 - 11:11","Vie, 07/07/2017 - 17:05"
ingreso-diarios-de-precios-por-variedad-de-producto-en-kg-junio-2017-03072017,INGRESO DIARIOS DE PRECIOS POR VARIEDAD  DE PRODUCTO EN KG.  JUNIO 2017  03/07/2017,Plataforma Nacional de Datos Abiertos,15,0,,,Active,https://www.datosabiertos.gob.pe/sites/default/files/recursos/2017/07/PRC.JUNIO_.xlsx,XLSX,200,"Jue, 07/06/2017 - 15:52","Vie, 07/07/2017 - 17:05"
relación-de-compañías-nivel-nacional,Relación de compañías a nivel nacional,Plataforma Nacional de Datos Abiertos,1,0,,,Active,https://www.datosabiertos.gob.pe/sites/default/files/recursos/2017/07/lista%20de%20compa%C3%B1ias.csv,CSV,200,"Jue, 07/06/2017 - 18:10","Jue, 07/06/2017 - 19:55"
cantidad-de-emergencias-en-lima-callao-e-ica-al-06-07-2017,"Cantidad de Emergencias en Lima, Callao e Ica al 06-07-2017",Plataforma Nacional de Datos Abiertos,1,0,,,Active,https://www.datosabiertos.gob.pe/sites/default/files/recursos/2017/07/emer%20central.csv,CSV,200,"Jue, 07/06/2017 - 18:22","Vie, 06/12/2026 - 12:15"
ingreso-diarios-de-precios-por-variedad-de-producto-en-kg-julio-2017-10072017,INGRESO DIARIOS DE PRECIOS POR VARIEDAD  DE PRODUCTO EN KG.  JULIO 2017 10/07/2017,Plataforma Nacional de Datos Abiertos,1,0,,,Active,https://www.datosabiertos.gob.pe/sites/default/files/recursos/2017/07/PRC.JULIO__1.xlsx,XLSX,200,"Mar, 07/11/2017 - 16:33","Vie, 06/12/2026 - 10:46"
precios-por-productos-variedad-año-2017-kg-10072017,PRECIOS POR PRODUCTOS VARIEDAD AÑO 2017  KG. 10/07/2017,Plataforma Nacional de Datos Abiertos,1,0,,,Active,https://www.datosabiertos.gob.pe/sites/default/files/recursos/2017/07/prec.mensual_2.xlsx,XLSX,200,"Mar, 07/11/2017 - 16:37","Vie, 06/12/2026 - 10:47"
volumenes-y-procedencias-del-producto-del-año-2017-10072017,VOLUMENES Y PROCEDENCIAS DEL PRODUCTO DEL AÑO:    2017  10/07/2017,Plataforma Nacional de Datos Abiertos,1,0,,,Active,https://www.datosabiertos.gob.pe/sites/default/files/recursos/2017/07/VOL.PROC_.PROD_._2.xlsx,XLSX,200,"Mar, 07/11/2017 - 16:40","Mar, 07/11/2017 - 17:43"
volumenes-de-producto-por-varieadad-tm-del-año-2017-10072017,VOLUMENES DE PRODUCTO POR VARIEADAD   TM. DEL AÑO 2017 10/07/2017,Plataforma Nacional de Datos Abiertos,1,0,,,Active,https://www.datosabiertos.gob.pe/sites/default/files/recursos/2017/07/VOL.PROD_._2.xlsx,XLSX,200,"Mar, 07/11/2017 - 16:41","Mar, 07/11/2017 - 17:43"
ingreso-diarios-de-precios-por-variedad-de-producto-en-kg-julio-2017-11072017,INGRESO DIARIOS DE PRECIOS POR VARIEDAD  DE PRODUCTO EN KG.  JULIO 2017 11/07/2017,Plataforma Nacional de Datos Abiertos,1,0,,,Active,https://www.datosabiertos.gob.pe/sites/default/files/recursos/2017/07/PRC.JULIO__2.xlsx,XLSX,200,"Mar, 07/11/2017 - 16:44","Mar, 07/11/2017 - 17:43"
volumenes-de-producto-por-varieadad-tm-del-año-2017-11072017,VOLUMENES DE PRODUCTO POR VARIEADAD   TM. DEL AÑO 2017 11/07/2017,Plataforma Nacional de Datos Abiertos,1,0,,,Active,https://www.datosabiertos.gob.pe/sites/default/files/recursos/2017/07/VOL.PROD_._3.xlsx,XLSX,200,"Mar, 07/11/2017 - 16:47","Mar, 07/11/2017 - 17:43"
ingreso-diarios-de-precios-por-variedad-de-producto-en-kg-julio-2017-140717,INGRESO DIARIOS DE PRECIOS POR VARIEDAD  DE PRODUCTO EN KG.  JULIO 2017 14/07/17,Plataforma Nacional de Datos Abiertos,1,0,,,Active,https://www.datosabiertos.gob.pe/sites/default/files/recursos/2017/07/PRC.JULIO__3.xlsx,XLSX,200,"Vie, 07/14/2017 - 16:20","Vie, 07/14/2017 - 18:12"
volumenes-y-procedencias-del-producto-del-año-2017-14072017,VOLUMENES Y PROCEDENCIAS DEL PRODUCTO DEL AÑO:    2017 14/07/2017,Plataforma Nacional de Datos Abiertos,1,0,,,Active,https://www.datosabiertos.gob.pe/sites/default/files/recursos/2017/07/VOL.PROC_.PROD_._4.xlsx,XLSX,200,"Vie, 07/14/2017 - 16:23","Vie, 06/12/2026 - 11:49"
volumenes-de-producto-por-varieadad-tm-del-año-2017-al-14-de-julio,VOLUMENES DE PRODUCTO POR VARIEADAD   TM. DEL AÑO 2017 al 14 de julio,Plataforma Nacional de Datos Abiertos,1,0,,,Active,https://www.datosabiertos.gob.pe/sites/default/files/recursos/2017/07/VOL.PROD_._4.xlsx,XLSX,200,"Vie, 07/14/2017 - 16:25","Vie, 07/14/2017 - 18:12"
ingreso-diarios-de-precios-por-variedad-de-producto-en-kg-julio-2017-al-17-de-julio,INGRESO DIARIOS DE PRECIOS POR VARIEDAD  DE PRODUCTO EN KG.  JULIO 2017  al 17 de julio,Plataforma Nacional de Datos Abiertos,1,0,,,Active,https://www.datosabiertos.gob.pe/sites/default/files/recursos/2017/07/prec.mensual_5.xlsx,XLSX,200,"Lun, 07/17/2017 - 15:44","Lun, 07/17/2017 - 18:42"
precios-por-productos-variedad-año-2017-kg-11072017,PRECIOS POR PRODUCTOS VARIEDAD AÑO 2017  KG. 11/07/2017,Plataforma Nacional de Datos Abiertos,1,0,,,Active,https://www.datosabiertos.gob.pe/sites/default/files/recursos/2017/07/prec.mensual_3.xlsx,XLSX,200,"Mar, 07/11/2017 - 16:45","Mar, 07/11/2017 - 17:43"
precios-por-productos-variedad-año-2017-kg-al-17-de-julio-del-2017,PRECIOS POR PRODUCTOS VARIEDAD AÑO 2017  KG. AL 17 DE JULIO DEL 2017,Plataforma Nacional de Datos Abiertos,1,0,,,Active,https://www.datosabiertos.gob.pe/sites/default/files/recursos/2017/07/VOL.JULIO__3.xlsx,XLSX,200,"Lun, 07/17/2017 - 15:45","Lun, 07/17/2017 - 18:42"
volumenes-de-producto-por-varieadad-tm-del-año-2017-al-17-de-julio,VOLUMENES DE PRODUCTO POR VARIEADAD   TM. DEL AÑO 2017 AL 17 DE JULIO ,Plataforma Nacional de Datos Abiertos,1,0,,,Active,https://www.datosabiertos.gob.pe/sites/default/files/recursos/2017/07/VOL.PROC_.PROD_._5.xlsx,XLSX,200,"Lun, 07/17/2017 - 15:46","Lun, 07/17/2017 - 18:42"
precios-por-productos-variedad-año-2017-kg-140717,PRECIOS POR PRODUCTOS VARIEDAD AÑO 2017  KG. 14/07/17,Plataforma Nacional de Datos Abiertos,1,0,,,Active,https://www.datosabiertos.gob.pe/sites/default/files/recursos/2017/07/prec.mensual_4.xlsx,XLSX,200,"Vie, 07/14/2017 - 16:21","Vie, 07/14/2017 - 18:12"
cantidad-de-emergencias-en-lima-callao-e-ica-al-18-07-2017,"Cantidad de Emergencias en Lima, Callao e Ica al 18-07-2017",Plataforma Nacional de Datos Abiertos,1,0,,,Active,https://www.datosabiertos.gob.pe/sites/default/files/recursos/2017/07/emer%20central%20-%2018-07-2017.csv,CSV,200,"Mar, 07/18/2017 - 16:05","Vie, 06/12/2026 - 12:15"
pueblos-formalizados-al-10-de-julio-del-2017,Pueblos Formalizados al 10 de Julio del 2017,Plataforma Nacional de Datos Abiertos,1,1,,,Active,https://www.datosabiertos.gob.pe/sites/default/files/recursos/2017/07/Pueblos%20Formalizados%202017_07_10.xlsx,XLSX,200,"Mié, 07/19/2017 - 12:12","Sáb, 07/24/2021 - 06:02"
volumenes-y-procedencias-del-producto-del-año-al-19072017,VOLUMENES Y PROCEDENCIAS DEL PRODUCTO DEL AÑO:    al 19/07/2017,Plataforma Nacional de Datos Abiertos,1,0,,,Active,https://www.datosabiertos.gob.pe/sites/default/files/recursos/2017/07/VOL.PROC_.PROD_._6.xlsx,XLSX,200,"Mié, 07/19/2017 - 16:15","Vie, 06/12/2026 - 11:48"
ingreso-diarios-de-precios-por-variedad-de-producto-en-kg-julio-2017-al-19072017,INGRESO DIARIOS DE PRECIOS POR VARIEDAD  DE PRODUCTO EN KG.  JULIO 2017 al 19/07/2017,Plataforma Nacional de Datos Abiertos,1,0,,,Active,https://www.datosabiertos.gob.pe/sites/default/files/recursos/2017/07/PRC.JULIO__5.xlsx,XLSX,200,"Mié, 07/19/2017 - 16:10","Mié, 07/19/2017 - 18:51"
volumenes-y-procedencias-del-producto-del-año-2017-al-17-de-julio,VOLUMENES Y PROCEDENCIAS DEL PRODUCTO DEL AÑO:    2017 al 17 de julio,Plataforma Nacional de Datos Abiertos,1,0,,,Active,https://www.datosabiertos.gob.pe/sites/default/files/recursos/2017/07/VOL.PROD_._5.xlsx,XLSX,200,"Lun, 07/17/2017 - 15:47","Vie, 06/12/2026 - 11:50"
ingreso-diarios-de-precios-por-variedad-de-producto-en-kg-18-julio-2017,INGRESO DIARIOS DE PRECIOS POR VARIEDAD  DE PRODUCTO EN KG.  18 JULIO 2017 ,Plataforma Nacional de Datos Abiertos,1,0,,,Active,https://www.datosabiertos.gob.pe/sites/default/files/recursos/2017/07/PRC.JULIO__5.xlsx,XLSX,200,"Mié, 07/19/2017 - 16:26","Mié, 07/19/2017 - 18:51"
precios-por-productos-variedad-año-2017-kg-al-18-de-julio,PRECIOS POR PRODUCTOS VARIEDAD AÑO 2017  KG. al 18 de julio,Plataforma Nacional de Datos Abiertos,1,0,,,Active,https://www.datosabiertos.gob.pe/sites/default/files/recursos/2017/07/prec.mensual_6.xlsx,XLSX,200,"Mié, 07/19/2017 - 16:28","Mié, 07/19/2017 - 18:51"
volumenes-de-producto-por-varieadad-tm-al-18-de-julio-del-año-2017,VOLUMENES DE PRODUCTO POR VARIEADAD   TM. al 18 de julio DEL AÑO 2017,Plataforma Nacional de Datos Abiertos,1,0,,,Active,https://www.datosabiertos.gob.pe/sites/default/files/recursos/2017/07/VOL.PROD_._6.xlsx,XLSX,200,"Mié, 07/19/2017 - 16:30","Mié, 07/19/2017 - 18:51"
volumenes-y-procedencias-del-producto-del-año-al-18-de-julio-2017,VOLUMENES Y PROCEDENCIAS DEL PRODUCTO DEL AÑO:  al 18 de julio  2017,Plataforma Nacional de Datos Abiertos,1,0,,,Active,https://www.datosabiertos.gob.pe/sites/default/files/recursos/2017/07/VOL.PROC_.PROD_._6.xlsx,XLSX,200,"Mié, 07/19/2017 - 16:29","Vie, 06/12/2026 - 11:49"
ingreso-diarios-de-precios-por-variedad-de-producto-en-kg-al-25-de-julio-2017,INGRESO DIARIOS DE PRECIOS POR VARIEDAD  DE PRODUCTO EN KG.  AL 25 DE JULIO 2017,Plataforma Nacional de Datos Abiertos,1,0,,,Active,https://www.datosabiertos.gob.pe/sites/default/files/recursos/2017/07/PRC.JULIO__6.xlsx,XLSX,200,"Mar, 07/25/2017 - 15:40","Mar, 07/25/2017 - 15:44"
precios-por-productos-variedad-año-al-25-julio-2017-kg,PRECIOS POR PRODUCTOS VARIEDAD AÑO AL 25 JULIO 2017  KG.,Plataforma Nacional de Datos Abiertos,1,0,,,Active,https://www.datosabiertos.gob.pe/sites/default/files/recursos/2017/07/prec.mensual_7.xlsx,XLSX,200,"Mar, 07/25/2017 - 15:42","Mar, 07/25/2017 - 15:44"
volumenes-y-procedencias-del-producto-del-año-2017-al-25-julio,VOLUMENES Y PROCEDENCIAS DEL PRODUCTO DEL AÑO:    2017 AL 25 JULIO,Plataforma Nacional de Datos Abiertos,1,0,,,Active,https://www.datosabiertos.gob.pe/sites/default/files/recursos/2017/07/VOL.PROC_.PROD_._7.xlsx,XLSX,200,"Mar, 07/25/2017 - 15:45","Vie, 06/12/2026 - 11:48"
volumenes-de-producto-por-varieadad-tm-del-año-2017-al-25-de-julio,VOLUMENES DE PRODUCTO POR VARIEADAD   TM. DEL AÑO 2017 AL 25 DE JULIO,Plataforma Nacional de Datos Abiertos,1,0,,,Active,https://www.datosabiertos.gob.pe/sites/default/files/recursos/2017/07/VOL.PROD_._7.xlsx,XLSX,200,"Mar, 07/25/2017 - 15:47","Mar, 07/25/2017 - 18:44"
cantidad-de-emergencias-en-lima-callao-e-ica-al-25-07-2017,"Cantidad de Emergencias en Lima, Callao e Ica al 25-07-2017",Plataforma Nacional de Datos Abiertos,1,0,,,Active,https://www.datosabiertos.gob.pe/sites/default/files/recursos/2017/07/emer%20central%20-%2025-07-2017.csv,CSV,200,"Mar, 07/25/2017 - 16:20","Vie, 06/12/2026 - 12:14"
cantidad-de-emergencias-nivel-nacional-junio-2017,Cantidad de Emergencias a Nivel Nacional a JUNIO 2017,Plataforma Nacional de Datos Abiertos,1,0,,,Active,https://www.datosabiertos.gob.pe/sites/default/files/recursos/2017/07/emer%20nacional-jun-2017.csv,CSV,200,"Mar, 07/25/2017 - 16:14","Vie, 06/12/2026 - 12:00"
precios-por-productos-variedad-año-2017-al-26-de-julio-kg,PRECIOS POR PRODUCTOS VARIEDAD AÑO 2017 al 26 de julio  KG.,Plataforma Nacional de Datos Abiertos,1,0,,,Active,https://www.datosabiertos.gob.pe/sites/default/files/recursos/2017/07/prec.mensual_8.xlsx,XLSX,200,"Mié, 07/26/2017 - 15:09","Mié, 07/26/2017 - 16:06"
volumenes-de-producto-por-varieadad-tm-del-año-2017-al-26-de-julio,VOLUMENES DE PRODUCTO POR VARIEADAD   TM. DEL AÑO 2017 al 26 de julio,Plataforma Nacional de Datos Abiertos,1,0,,,Active,https://www.datosabiertos.gob.pe/sites/default/files/recursos/2017/07/VOL.PROD_._8.xlsx,XLSX,200,"Mié, 07/26/2017 - 15:12","Mié, 07/26/2017 - 16:06"
ingreso-diarios-de-precios-por-variedad-de-producto-en-kg-al-26-de-julio-2017,INGRESO DIARIOS DE PRECIOS POR VARIEDAD  DE PRODUCTO EN KG. Al 26 de JULIO 2017,Plataforma Nacional de Datos Abiertos,1,0,,,Active,https://www.datosabiertos.gob.pe/sites/default/files/recursos/2017/07/PRC.JULIO__7.xlsx,XLSX,200,"Mié, 07/26/2017 - 15:08","Mié, 07/26/2017 - 16:06"
midagri-02-datero-agrario-ministerio-de-desarrollo-agrario-y-riego,MIDAGRI-02: Datero Agrario [Ministerio de Desarrollo Agrario y Riego],Plataforma Nacional de Datos Abiertos,42,1,,,Active,https://www.datosabiertos.gob.pe/sites/default/files/recursos/2017/07/2015_0.csv,CSV,200,"Mar, 07/25/2017 - 16:46","Lun, 06/15/2026 - 12:56"
volumenes-y-procedencias-del-producto-del-año-2017-del-26-de-julio,VOLUMENES Y PROCEDENCIAS DEL PRODUCTO DEL AÑO:    2017 del 26 de julio,Plataforma Nacional de Datos Abiertos,1,0,,,Active,https://www.datosabiertos.gob.pe/sites/default/files/recursos/2017/07/VOL.PROC_.PROD_._8.xlsx,XLSX,200,"Mié, 07/26/2017 - 15:11","Vie, 06/12/2026 - 11:47"
cantidad-de-emergencias-en-lima-callao-e-ica-al-01-08-2017,"Cantidad de Emergencias en Lima, Callao e Ica al 01-08-2017",Plataforma Nacional de Datos Abiertos,1,0,,,Active,https://www.datosabiertos.gob.pe/sites/default/files/recursos/2017/08/emer%20central%20-%2001-08-2017.csv,CSV,200,"Mar, 08/01/2017 - 11:14","Vie, 06/12/2026 - 12:14"
ingreso-diarios-de-precios-por-variedad-de-producto-en-kg-agosto-2017,INGRESO DIARIOS DE PRECIOS POR VARIEDAD  DE PRODUCTO EN KG.  AGOSTO 2017,Plataforma Nacional de Datos Abiertos,1,0,,,Active,https://www.datosabiertos.gob.pe/sites/default/files/recursos/2017/08/PREC.AGOSTO.xlsx,XLSX,200,"Mié, 08/02/2017 - 14:41","Mié, 08/02/2017 - 16:58"
volumenes-y-procedencias-del-producto-del-año-02-08-2017,VOLUMENES Y PROCEDENCIAS DEL PRODUCTO DEL AÑO: 02-08-2017,Plataforma Nacional de Datos Abiertos,1,0,,,Active,https://www.datosabiertos.gob.pe/sites/default/files/recursos/2017/08/VOL.PROC_.PROD_..xlsx,XLSX,200,"Mié, 08/02/2017 - 14:49","Vie, 06/12/2026 - 11:47"
precios-por-productos-variedad-año-2017-kg-0,PRECIOS POR PRODUCTOS VARIEDAD AÑO 2017  KG,Plataforma Nacional de Datos Abiertos,1,0,,,Active,https://www.datosabiertos.gob.pe/sites/default/files/recursos/2017/08/prec.mensual.xlsx,XLSX,200,"Mié, 08/02/2017 - 14:46","Mié, 08/02/2017 - 16:58"
listado-de-oficinas-comerciales-del-perú-en-el-exterior-ocex,Listado de Oficinas Comerciales del Perú en el Exterior - OCEX ,Plataforma Nacional de Datos Abiertos,0,0,,,Active,,,,"Mié, 08/02/2017 - 14:50","Vie, 04/05/2019 - 17:30"
volumenes-de-producto-por-varieadad-tm-del-año-02-08-2017,VOLUMENES DE PRODUCTO POR VARIEADAD   TM. DEL AÑO 02-08-2017,Plataforma Nacional de Datos Abiertos,1,0,,,Active,https://www.datosabiertos.gob.pe/sites/default/files/recursos/2017/08/VOL.PROD_..xlsx,XLSX,200,"Mié, 08/02/2017 - 14:50","Mié, 08/02/2017 - 16:58"
ingreso-diarios-de-precios-por-variedad-de-producto-en-kg-agosto-2017-03-08,INGRESO DIARIOS DE PRECIOS POR VARIEDAD  DE PRODUCTO EN KG.  AGOSTO 2017-03-08,Plataforma Nacional de Datos Abiertos,1,0,,,Active,https://www.datosabiertos.gob.pe/sites/default/files/recursos/2017/08/PREC.AGOSTO_0.xlsx,XLSX,200,"Jue, 08/03/2017 - 16:10","Jue, 08/03/2017 - 17:04"
precios-por-productos-variedad-año-2017-03-08-2017,PRECIOS POR PRODUCTOS VARIEDAD AÑO 2017-03-08-2017,Plataforma Nacional de Datos Abiertos,1,0,,,Active,https://www.datosabiertos.gob.pe/sites/default/files/recursos/2017/08/prec.mensual_0.xlsx,XLSX,200,"Jue, 08/03/2017 - 16:12","Jue, 08/03/2017 - 17:04"
volumenes-de-producto-por-varieadad-tm-del-año-2017-08-03,VOLUMENES DE PRODUCTO POR VARIEADAD-TM. DEL AÑO 2017-08-03,Plataforma Nacional de Datos Abiertos,0,0,,,Active,,,,"Jue, 08/03/2017 - 16:25","Jue, 08/03/2017 - 16:25"
volumenes-y-procedencias-del-producto-del-año-2017-08-03,VOLUMENES Y PROCEDENCIAS DEL PRODUCTO DEL AÑO: 2017-08-03,Plataforma Nacional de Datos Abiertos,1,0,,,Active,https://www.datosabiertos.gob.pe/sites/default/files/recursos/2017/08/VOL.PROC_.PROD_._0.xlsx,XLSX,200,"Jue, 08/03/2017 - 16:24","Vie, 06/12/2026 - 11:45"
volumenes-de-producto-por-varieadad-tm-del-año-2017-08-03-0,VOLUMENES DE PRODUCTO POR VARIEADAD-TM. DEL AÑO 2017-08-03,Plataforma Nacional de Datos Abiertos,1,0,,,Active,https://www.datosabiertos.gob.pe/sites/default/files/recursos/2017/08/VOL.PROD_._0.xlsx,XLSX,200,"Jue, 08/03/2017 - 16:26","Jue, 08/03/2017 - 17:04"
ingreso-diarios-de-precios-por-variedad-de-producto-en-kg-agosto-2017-07,INGRESO DIARIOS DE PRECIOS POR VARIEDAD  DE PRODUCTO EN KG.  AGOSTO 2017-07,Plataforma Nacional de Datos Abiertos,1,0,,,Active,https://www.datosabiertos.gob.pe/sites/default/files/recursos/2017/08/PREC.AGOSTO_1.xlsx,XLSX,200,"Lun, 08/07/2017 - 14:17","Lun, 08/07/2017 - 14:39"
precios-por-productos-variedad-año-2017-agosto-07,PRECIOS POR PRODUCTOS VARIEDAD AÑO 2017-AGOSTO-07,Plataforma Nacional de Datos Abiertos,1,0,,,Active,https://www.datosabiertos.gob.pe/sites/default/files/recursos/2017/08/prec.mensual_1.xlsx,XLSX,200,"Lun, 08/07/2017 - 14:19","Lun, 08/07/2017 - 14:39"
ingreso-diario-de-volumenes-tm-de-productos-al-gmml-del-01-al-07-de-agosto-2017-07,INGRESO DIARIO DE VOLUMENES ( TM ) DE PRODUCTOS AL GMML	DEL   01 AL 07 DE  AGOSTO  2017-07,Plataforma Nacional de Datos Abiertos,1,0,,,Active,https://www.datosabiertos.gob.pe/sites/default/files/recursos/2017/08/VOL.AGOSTO_1.xlsx,XLSX,200,"Lun, 08/07/2017 - 14:20","Vie, 06/12/2026 - 12:03"
volumenes-y-procedencias-del-producto-del-año-2017-agos-07,VOLUMENES Y PROCEDENCIAS DEL PRODUCTO DEL AÑO: 2017-AGOS-07,Plataforma Nacional de Datos Abiertos,1,0,,,Active,https://www.datosabiertos.gob.pe/sites/default/files/recursos/2017/08/VOL.PROC_.PROD_._1.xlsx,XLSX,200,"Lun, 08/07/2017 - 14:21","Vie, 06/12/2026 - 11:44"
volumenes-de-producto-por-varieadad-tm-del-año-2017-agosto-07,VOLUMENES DE PRODUCTO POR VARIEADAD   TM. DEL AÑO 2017-AGOSTO-07,Plataforma Nacional de Datos Abiertos,1,0,,,Active,https://www.datosabiertos.gob.pe/sites/default/files/recursos/2017/08/VOL.PROD_._1.xlsx,XLSX,200,"Lun, 08/07/2017 - 14:22","Lun, 08/07/2017 - 14:39"
ingreso-diarios-de-precios-por-variedad-de-producto-en-kg-agosto-2017-08-09,INGRESO DIARIOS DE PRECIOS POR VARIEDAD  DE PRODUCTO EN KG.  AGOSTO 2017-08-09,Plataforma Nacional de Datos Abiertos,1,0,,,Active,https://www.datosabiertos.gob.pe/sites/default/files/recursos/2017/08/PREC.AGOSTO_2.xlsx,XLSX,200,"Mié, 08/09/2017 - 11:49","Mié, 08/09/2017 - 11:54"
cantidad-de-emergencias-en-lima-callao-e-ica-al-08-08-2017,"Cantidad de Emergencias en Lima, Callao e Ica al 08-08-2017",Plataforma Nacional de Datos Abiertos,1,0,,,Active,https://www.datosabiertos.gob.pe/sites/default/files/recursos/2017/08/emer%20central%20-%2008-08-2017.csv,CSV,200,"Mar, 08/08/2017 - 11:50","Vie, 06/12/2026 - 12:13"
ingreso-diario-de-volumenes-tm-de-productos-al-gm-del-01-al-09-de-agosto-2017,INGRESO DIARIO DE VOLUMENES ( TM ) DE PRODUCTOS AL GM DEL  01 AL 09 DE  AGOSTO  2017,Plataforma Nacional de Datos Abiertos,1,0,,,Active,https://www.datosabiertos.gob.pe/sites/default/files/recursos/2017/08/VOL.AGOSTO_2.xlsx,XLSX,200,"Mié, 08/09/2017 - 11:52","Vie, 06/12/2026 - 12:01"
precios-por-productos-variedad-año-2017-08-09,PRECIOS POR PRODUCTOS VARIEDAD AÑO 2017-08-09,Plataforma Nacional de Datos Abiertos,1,0,,,Active,https://www.datosabiertos.gob.pe/sites/default/files/recursos/2017/08/prec.mensual_2.xlsx,XLSX,200,"Mié, 08/09/2017 - 11:51","Mié, 08/09/2017 - 11:54"
volumenes-y-procedencias-del-producto-del-año-2017-08-09,VOLUMENES Y PROCEDENCIAS DEL PRODUCTO DEL AÑO: 2017-08-09,Plataforma Nacional de Datos Abiertos,1,0,,,Active,https://www.datosabiertos.gob.pe/sites/default/files/recursos/2017/08/VOL.PROC_.PROD_._2.xlsx,XLSX,200,"Mié, 08/09/2017 - 11:53","Vie, 06/12/2026 - 11:44"
volumenes-de-producto-por-varieadad-tm-del-año-2017-08-09,VOLUMENES DE PRODUCTO POR VARIEADAD   TM. DEL AÑO 2017-08-09,Plataforma Nacional de Datos Abiertos,1,0,,,Active,https://www.datosabiertos.gob.pe/sites/default/files/recursos/2017/08/VOL.PROD_._2.xlsx,XLSX,200,"Mié, 08/09/2017 - 11:54","Mié, 08/09/2017 - 11:54"
correspondencia-de-la-cancillería,Correspondencia de la Cancillería,Plataforma Nacional de Datos Abiertos,1,0,,,Active,http://apps.rree.gob.pe/portal/ArchivoCentral/Catalogo/ACInvent.nsf/,URL,0,"Jue, 08/10/2017 - 11:50","Jue, 08/17/2017 - 09:31"
ingreso-diarios-de-precios-por-variedad-de-producto-en-kg-agosto-2017-14-08,INGRESO DIARIOS DE PRECIOS POR VARIEDAD  DE PRODUCTO EN KG.  AGOSTO 2017-14-08,Plataforma Nacional de Datos Abiertos,2,0,,,Active,https://www.datosabiertos.gob.pe/sites/default/files/recursos/2017/08/PREC.AGOSTO_3.xlsx,XLSX,200,"Lun, 08/14/2017 - 11:19","Lun, 08/14/2017 - 12:36"
archivo-particular-del-presidente-augusto-b-leguia,Archivo Particular del Presidente Augusto B. Leguia,Plataforma Nacional de Datos Abiertos,1,0,,,Active,http://apps.rree.gob.pe/portal/cleguia/colleguia.nsf/,URL,0,"Jue, 08/10/2017 - 12:16","Jue, 08/10/2017 - 17:59"
precios-por-productos-variedad-año-2017140807,PRECIOS POR PRODUCTOS VARIEDAD AÑO 201714/08/07,Plataforma Nacional de Datos Abiertos,1,0,,,Active,https://www.datosabiertos.gob.pe/sites/default/files/recursos/2017/08/prec.mensual_3.xlsx,XLSX,200,"Lun, 08/14/2017 - 11:24","Lun, 08/14/2017 - 12:36"
catálogo-sobre-la-guerra-de-las-fuerzas-aliadas-contra-la-republica-de-españa,Catálogo sobre la guerra de las fuerzas aliadas contra la Republica de España,Plataforma Nacional de Datos Abiertos,1,0,,,Active,http://apps.rree.gob.pe/portal/catalogoradi.nsf,URL,0,"Jue, 08/10/2017 - 12:19","Mié, 02/12/2025 - 18:34"
inventario-de-cuadernos-copiadores,Inventario de cuadernos copiadores,Plataforma Nacional de Datos Abiertos,1,0,,,Active,http://www.rree.gob.pe/servicioalciudadano/Documents/cuadernos_Copiadores.pdf,PDF,404,"Jue, 08/10/2017 - 12:22","Mié, 09/20/2017 - 15:26"
volumenes-y-procedencias-del-producto-del-año-2017-14-08,VOLUMENES Y PROCEDENCIAS DEL PRODUCTO DEL AÑO: 2017-14-08,Plataforma Nacional de Datos Abiertos,1,0,,,Active,https://www.datosabiertos.gob.pe/sites/default/files/recursos/2017/08/VOL.PROC_.PROD_._3.xlsx,XLSX,200,"Lun, 08/14/2017 - 11:29","Vie, 06/12/2026 - 11:44"
ingreso-diario-de-volumenes-tm-de-productos-al-gmml-del-01-al-14-de-agosto-2017-14-08,INGRESO DIARIO DE VOLUMENES ( TM ) DE PRODUCTOS AL GMML DEL   01 AL 14 DE  AGOSTO  2017-14-08,Plataforma Nacional de Datos Abiertos,1,0,,,Active,https://www.datosabiertos.gob.pe/sites/default/files/recursos/2017/08/VOL.AGOSTO_3.xlsx,XLSX,200,"Lun, 08/14/2017 - 11:27","Vie, 06/12/2026 - 12:01"
volumenes-de-producto-por-varieadad-tm-del-año-2017-14-08,VOLUMENES DE PRODUCTO POR VARIEADAD TM. DEL AÑO 2017-14-08,Plataforma Nacional de Datos Abiertos,1,0,,,Active,https://www.datosabiertos.gob.pe/sites/default/files/recursos/2017/08/VOL.PROD_._3.xlsx,XLSX,200,"Lun, 08/14/2017 - 11:31","Lun, 08/14/2017 - 12:36"
cantidad-de-emergencias-en-lima-callao-e-ica-al-15-08-2017,"Cantidad de Emergencias en Lima, Callao e Ica al 15-08-2017",Plataforma Nacional de Datos Abiertos,1,0,,,Active,https://www.datosabiertos.gob.pe/sites/default/files/recursos/2017/08/emer%20central%20-%2015-08-2017.csv,CSV,200,"Mar, 08/15/2017 - 10:19","Vie, 06/12/2026 - 12:13"
ingreso-diario-de-volumenes-tm-de-productos-al-gmml-del-01-al-16-de-agosto-2017,INGRESO DIARIO DE VOLUMENES ( TM ) DE PRODUCTOS AL GMML DEL   01 AL 16 DE  AGOSTO  2017,Plataforma Nacional de Datos Abiertos,1,0,,,Active,https://www.datosabiertos.gob.pe/sites/default/files/recursos/2017/08/VOL.AGOSTO_4.xlsx,XLSX,200,"Mié, 08/16/2017 - 11:41","Vie, 06/12/2026 - 12:01"
ingreso-diarios-de-precios-por-variedad-de-producto-en-kg-agosto-162017,INGRESO DIARIOS DE PRECIOS POR VARIEDAD  DE PRODUCTO EN KG.  AGOSTO 16/2017 ,Plataforma Nacional de Datos Abiertos,1,0,,,Active,https://www.datosabiertos.gob.pe/sites/default/files/recursos/2017/08/PREC.AGOSTO_4.xlsx,XLSX,200,"Mié, 08/16/2017 - 11:43","Mié, 08/16/2017 - 12:52"
precios-por-productos-variedad-año-20170816-kg,PRECIOS POR PRODUCTOS VARIEDAD AÑO 2017/08/16  KG.,Plataforma Nacional de Datos Abiertos,1,0,,,Active,https://www.datosabiertos.gob.pe/sites/default/files/recursos/2017/08/prec.mensual_4.xlsx,XLSX,200,"Mié, 08/16/2017 - 11:45","Mié, 08/16/2017 - 12:52"
volumenes-y-procedencias-del-producto-del-año-20170816,VOLUMENES Y PROCEDENCIAS DEL PRODUCTO DEL AÑO:    2017.08.16,Plataforma Nacional de Datos Abiertos,1,0,,,Active,https://www.datosabiertos.gob.pe/sites/default/files/recursos/2017/08/VOL.PROC_.PROD_._4.xlsx,XLSX,200,"Mié, 08/16/2017 - 11:53","Vie, 06/12/2026 - 11:43"
ingreso-diarios-de-precios-por-variedad-de-producto-en-kg-agosto-al-17082017,INGRESO DIARIOS DE PRECIOS POR VARIEDAD  DE PRODUCTO EN KG.  AGOSTO AL 17/08/2017,Plataforma Nacional de Datos Abiertos,1,0,,,Active,https://www.datosabiertos.gob.pe/sites/default/files/recursos/2017/08/PREC.AGOSTO_5.xlsx,XLSX,200,"Jue, 08/17/2017 - 16:36","Jue, 08/17/2017 - 19:02"
volumenes-de-producto-por-varieadad-tm-del-año-20170816,VOLUMENES DE PRODUCTO POR VARIEADAD   TM. DEL AÑO 2017/08/16,Plataforma Nacional de Datos Abiertos,1,0,,,Active,https://www.datosabiertos.gob.pe/sites/default/files/recursos/2017/08/VOL.PROD_._4.xlsx,XLSX,200,"Mié, 08/16/2017 - 11:50","Mié, 08/16/2017 - 12:52"
precios-por-productos-variedad-año-20171708-kg,PRECIOS POR PRODUCTOS VARIEDAD AÑO 2017/17/08  KG.,Plataforma Nacional de Datos Abiertos,1,0,,,Active,https://www.datosabiertos.gob.pe/sites/default/files/recursos/2017/08/prec.mensual_5.xlsx,XLSX,200,"Jue, 08/17/2017 - 16:38","Jue, 08/17/2017 - 19:02"
registro-de-solicitudes-de-oficialización-de-eventos-internacionales,Registro de solicitudes de Oficialización de Eventos Internacionales,Plataforma Nacional de Datos Abiertos,3,0,,,Active,https://www.datosabiertos.gob.pe/sites/default/files/recursos/2017/08/LISTADO%20DE%20SOLICITUD%20DE%20OFICIALIZACI%C3%93N%20DE%20EVENTOS%20INTERNACIONALES%20%28VIGENTE%29.xlsx,XLSX,200,"Jue, 08/17/2017 - 09:22","Jue, 10/19/2017 - 12:22"
ingreso-diario-de-volumenes-tm-de-productos-al-gmml-del-01-al-17-de-agosto-2017,INGRESO DIARIO DE VOLUMENES ( TM ) DE PRODUCTOS AL GMML DEL   01 AL 17 DE  AGOSTO  2017,Plataforma Nacional de Datos Abiertos,1,0,,,Active,https://www.datosabiertos.gob.pe/sites/default/files/recursos/2017/08/VOL.AGOSTO_5.xlsx,XLSX,200,"Jue, 08/17/2017 - 16:39","Vie, 06/12/2026 - 12:00"
volumenes-de-producto-por-varieadad-tm-del-año-20171708,VOLUMENES DE PRODUCTO POR VARIEADAD   TM. DEL AÑO 2017/17/08,Plataforma Nacional de Datos Abiertos,1,0,,,Active,https://www.datosabiertos.gob.pe/sites/default/files/recursos/2017/08/VOL.PROD_._5.xlsx,XLSX,200,"Jue, 08/17/2017 - 16:40","Jue, 08/17/2017 - 19:02"
volumenes-y-procedencias-del-producto-del-año-20171708,VOLUMENES Y PROCEDENCIAS DEL PRODUCTO DEL AÑO:    2017/17/08,Plataforma Nacional de Datos Abiertos,1,0,,,Active,https://www.datosabiertos.gob.pe/sites/default/files/recursos/2017/08/VOL.PROC_.PROD_._5.xlsx,XLSX,200,"Jue, 08/17/2017 - 16:40","Vie, 06/12/2026 - 11:43"
cantidad-de-emergencias-nivel-nacional-julio-2017,Cantidad de Emergencias a Nivel Nacional a JULIO 2017,Plataforma Nacional de Datos Abiertos,2,0,,,Active,https://www.datosabiertos.gob.pe/sites/default/files/recursos/2017/08/emer%20nacional-jul-2017.csv,CSV,200,"Vie, 08/18/2017 - 11:13","Mar, 07/14/2026 - 15:17"
ingreso-diarios-de-precios-por-variedad-de-producto-en-kg-al-18-de-agosto-2017,INGRESO DIARIOS DE PRECIOS POR VARIEDAD  DE PRODUCTO EN KG.  al 18 de AGOSTO 2017 ,Plataforma Nacional de Datos Abiertos,1,0,,,Active,https://www.datosabiertos.gob.pe/sites/default/files/recursos/2017/08/PREC.AGOSTO_6.xlsx,XLSX,200,"Vie, 08/18/2017 - 16:34","Vie, 08/18/2017 - 19:08"
ingreso-diario-de-volumenes-tm-de-productos-al-gmml-del-01-al-18-de-agosto-2017,INGRESO DIARIO DE VOLUMENES ( TM ) DE PRODUCTOS AL GMML DEL   01 AL 18 DE  AGOSTO  2017,Plataforma Nacional de Datos Abiertos,1,0,,,Active,https://www.datosabiertos.gob.pe/sites/default/files/recursos/2017/08/VOL.AGOSTO_6.xlsx,XLSX,200,"Vie, 08/18/2017 - 16:38","Vie, 06/12/2026 - 11:59"
volumenes-y-procedencias-del-producto-del-año-20170818,VOLUMENES Y PROCEDENCIAS DEL PRODUCTO DEL AÑO:    2017/08/18,Plataforma Nacional de Datos Abiertos,1,0,,,Active,https://www.datosabiertos.gob.pe/sites/default/files/recursos/2017/08/VOL.PROC_.PROD_._6.xlsx,XLSX,200,"Vie, 08/18/2017 - 16:39","Vie, 06/12/2026 - 11:43"
ingreso-diario-de-volumenes-tm-de-productos-al-gmml-del-01-al-21-de-agosto-2017,INGRESO DIARIO DE VOLUMENES ( TM ) DE PRODUCTOS AL GMML DEL   01 AL 21 DE  AGOSTO  2017,Plataforma Nacional de Datos Abiertos,1,0,,,Active,https://www.datosabiertos.gob.pe/sites/default/files/recursos/2017/08/VOL.AGOSTO_7.xlsx,XLSX,200,"Lun, 08/21/2017 - 14:18","Vie, 06/12/2026 - 12:00"
volumenes-de-producto-por-varieadad-tm-del-año-20170818,VOLUMENES DE PRODUCTO POR VARIEADAD   TM. DEL AÑO 2017/08/18,Plataforma Nacional de Datos Abiertos,1,0,,,Active,https://www.datosabiertos.gob.pe/sites/default/files/recursos/2017/08/VOL.PROD_._6.xlsx,XLSX,200,"Vie, 08/18/2017 - 16:40","Vie, 08/18/2017 - 19:08"
ingreso-diarios-de-precios-por-variedad-de-producto-en-kg-agosto-20170821,INGRESO DIARIOS DE PRECIOS POR VARIEDAD  DE PRODUCTO EN KG.  AGOSTO 2017/08/21,Plataforma Nacional de Datos Abiertos,1,0,,,Active,https://www.datosabiertos.gob.pe/sites/default/files/recursos/2017/08/PREC.AGOSTO_7.xlsx,XLSX,200,"Lun, 08/21/2017 - 14:19","Lun, 08/21/2017 - 17:18"
precios-por-productos-variedad-año-20170821-kg,PRECIOS POR PRODUCTOS VARIEDAD AÑO 2017/08/21  KG.,Plataforma Nacional de Datos Abiertos,1,0,,,Active,https://www.datosabiertos.gob.pe/sites/default/files/recursos/2017/08/prec.mensual_6.xlsx,XLSX,200,"Lun, 08/21/2017 - 14:19","Lun, 08/21/2017 - 17:18"
precios-por-productos-variedad-año-20170818-kg,PRECIOS POR PRODUCTOS VARIEDAD AÑO 2017/08/18  KG.,Plataforma Nacional de Datos Abiertos,0,0,,,Active,,,,"Vie, 08/18/2017 - 16:35","Vie, 08/18/2017 - 16:35"
volumenes-y-procedencias-del-producto-del-año-20170821,VOLUMENES Y PROCEDENCIAS DEL PRODUCTO DEL AÑO:    2017/08/21,Plataforma Nacional de Datos Abiertos,1,0,,,Active,https://www.datosabiertos.gob.pe/sites/default/files/recursos/2017/08/VOL.PROC_.PROD_._7.xlsx,XLSX,200,"Lun, 08/21/2017 - 14:21","Vie, 06/12/2026 - 11:42"
volumenes-de-producto-por-varieadad-tm-del-año-20170821,VOLUMENES DE PRODUCTO POR VARIEADAD   TM. DEL AÑO 2017/08/21,Plataforma Nacional de Datos Abiertos,1,0,,,Active,https://www.datosabiertos.gob.pe/sites/default/files/recursos/2017/08/VOL.PROD_._7.xlsx,XLSX,200,"Lun, 08/21/2017 - 14:20","Lun, 08/21/2017 - 17:18"
ingreso-diario-de-volumenes-tm-de-productos-al-gmml-del-01-al-22-de-agosto-2017,INGRESO DIARIO DE VOLUMENES ( TM ) DE PRODUCTOS AL GMML DEL   01 AL 22 DE  AGOSTO  2017,Plataforma Nacional de Datos Abiertos,1,0,,,Active,https://www.datosabiertos.gob.pe/sites/default/files/recursos/2017/08/VOL.AGOSTO_8.xlsx,XLSX,200,"Mar, 08/22/2017 - 14:53","Vie, 06/12/2026 - 11:58"
cantidad-de-emergencias-en-lima-callao-e-ica-al-22-08-2017,"Cantidad de Emergencias en Lima, Callao e Ica al 22-08-2017",Plataforma Nacional de Datos Abiertos,1,0,,,Active,https://www.datosabiertos.gob.pe/sites/default/files/recursos/2017/08/emer%20central%20-%2022-08-2017.csv,CSV,200,"Mar, 08/22/2017 - 10:21","Vie, 06/12/2026 - 12:16"
ingreso-diarios-de-precios-por-variedad-de-producto-en-kg-agosto-20170822,INGRESO DIARIOS DE PRECIOS POR VARIEDAD  DE PRODUCTO EN KG.  AGOSTO 2017/08/22,Plataforma Nacional de Datos Abiertos,1,0,,,Active,https://www.datosabiertos.gob.pe/sites/default/files/recursos/2017/08/PREC.AGOSTO_8.xlsx,XLSX,200,"Mar, 08/22/2017 - 14:54","Mar, 08/22/2017 - 17:22"
precios-por-productos-variedad-año-20170822-kg,PRECIOS POR PRODUCTOS VARIEDAD AÑO 2017/08/22  KG.,Plataforma Nacional de Datos Abiertos,1,0,,,Active,https://www.datosabiertos.gob.pe/sites/default/files/recursos/2017/08/prec.mensual_7.xlsx,XLSX,200,"Mar, 08/22/2017 - 14:55","Mar, 08/22/2017 - 17:22"
volumenes-de-producto-por-varieadad-tm-del-año-20170822,VOLUMENES DE PRODUCTO POR VARIEADAD   TM. DEL AÑO 2017/08/22,Plataforma Nacional de Datos Abiertos,1,0,,,Active,https://www.datosabiertos.gob.pe/sites/default/files/recursos/2017/08/VOL.PROD_._8.xlsx,XLSX,200,"Mar, 08/22/2017 - 14:56","Mar, 08/22/2017 - 17:22"
volumenes-y-procedencias-del-producto-del-año-20170822,VOLUMENES Y PROCEDENCIAS DEL PRODUCTO DEL AÑO:    2017/08/22,Plataforma Nacional de Datos Abiertos,1,0,,,Active,https://www.datosabiertos.gob.pe/sites/default/files/recursos/2017/08/VOL.PROC_.PROD_._8.xlsx,XLSX,200,"Mar, 08/22/2017 - 14:56","Vie, 06/12/2026 - 11:42"
ingreso-diarios-de-precios-por-variedad-de-producto-en-kg-agosto-20170823,INGRESO DIARIOS DE PRECIOS POR VARIEDAD  DE PRODUCTO EN KG.  AGOSTO 2017/08/23,Plataforma Nacional de Datos Abiertos,1,0,,,Active,https://www.datosabiertos.gob.pe/sites/default/files/recursos/2017/08/PREC.AGOSTO_9.xlsx,XLSX,200,"Mié, 08/23/2017 - 16:14","Mié, 08/23/2017 - 17:26"
precios-por-productos-variedad-año-20170823-kg,PRECIOS POR PRODUCTOS VARIEDAD AÑO 2017/08/23  KG.,Plataforma Nacional de Datos Abiertos,1,0,,,Active,https://www.datosabiertos.gob.pe/sites/default/files/recursos/2017/08/prec.mensual_8.xlsx,XLSX,200,"Mié, 08/23/2017 - 16:15","Mié, 08/23/2017 - 17:26"
volumenes-y-procedencias-del-producto-del-año-20170823,VOLUMENES Y PROCEDENCIAS DEL PRODUCTO DEL AÑO:    2017/08/23,Plataforma Nacional de Datos Abiertos,1,0,,,Active,https://www.datosabiertos.gob.pe/sites/default/files/recursos/2017/08/VOL.PROC_.PROD_._9.xlsx,XLSX,200,"Mié, 08/23/2017 - 16:17","Vie, 06/12/2026 - 11:41"
volumenes-de-producto-por-varieadad-tm-del-año-20170823,VOLUMENES DE PRODUCTO POR VARIEADAD   TM. DEL AÑO 2017/08/23,Plataforma Nacional de Datos Abiertos,1,0,,,Active,https://www.datosabiertos.gob.pe/sites/default/files/recursos/2017/08/VOL.PROD_._9.xlsx,XLSX,200,"Mié, 08/23/2017 - 16:18","Mié, 08/23/2017 - 17:26"
registro-de-instaladores-habilitados-de-gas-natural-agosto-2017-osinergmin,Registro de Instaladores Habilitados de Gas Natural - Agosto 2017 - OSINERGMIN ,Plataforma Nacional de Datos Abiertos,4,1,,,Active,https://www.datosabiertos.gob.pe/sites/default/files/recursos/2017/08/PersonaJuridica.pdf,PDF,200,"Jue, 08/24/2017 - 11:05","Vie, 06/12/2026 - 12:20"
registro-de-gas-natural-junio-2017-osinergmin,Registro de Gas Natural - Junio 2017 - OSINERGMIN ,Plataforma Nacional de Datos Abiertos,13,1,,,Active,https://www.datosabiertos.gob.pe/sites/default/files/recursos/2017/08/6.-ESTACION-COMPRESION-GNC.xls,XLB,200,"Jue, 08/24/2017 - 11:40","Vie, 06/12/2026 - 12:24"
registro-de-documentos-apostillados-por-el-ministerio-de-relaciones-exteriores,Registro de documentos apostillados por el Ministerio de Relaciones Exteriores,Plataforma Nacional de Datos Abiertos,1,0,,,Active,https://www.datosabiertos.gob.pe/sites/default/files/recursos/2017/08/REGISTRO%20DE%20APOSTILLAS%20-%20%20JULIO%202017.xlsx,EXCEL,200,"Jue, 08/24/2017 - 14:41","Mié, 09/20/2017 - 15:26"
registro-de-documentos-legalizados-por-el-ministerio-de-relaciones-exteriores,Registro de documentos legalizados por el Ministerio de Relaciones Exteriores ,Plataforma Nacional de Datos Abiertos,1,0,,,Active,https://www.datosabiertos.gob.pe/sites/default/files/recursos/2017/08/REGISTRO%20DE%20LEGALIZACIONES%20-%20JULIO%202017.xlsx,EXCEL,200,"Jue, 08/24/2017 - 14:52","Mié, 09/20/2017 - 15:26"
registro-de-solicitudes-de-antecedentes-penales-policiales-y-judiciales-para-casos,"Registro de solicitudes de antecedentes penales, policiales y judiciales para casos especiales (detención o indigencia)",Plataforma Nacional de Datos Abiertos,1,0,,,Active,https://www.datosabiertos.gob.pe/sites/default/files/recursos/2017/08/REGISTRO%20DE%20SOLICITUDES%20DE%20ANTECEDENTES%20PENALES%2C%20POLICIALES%20Y%20JUDICIALES%20PARA%20CASOS%20ESPECIALES%20%20-%20JULIO%202017.xlsx,XLSX,200,"Jue, 08/24/2017 - 14:58","Mié, 09/20/2017 - 15:26"
registro-de-certificados-consulares-de-antecedentes-penales-emitidos-por-las-oficinas,Registro de certificados consulares de antecedentes penales emitidos por las Oficinas Consulares del Perú,Plataforma Nacional de Datos Abiertos,1,0,,,Active,https://www.datosabiertos.gob.pe/sites/default/files/recursos/2017/08/REGISTRO%20ANTECEDENTES%20PENALES%20-%20%20JULIO%202017.xlsx,XLSX,200,"Jue, 08/24/2017 - 15:01","Mié, 09/20/2017 - 15:26"
ingreso-diario-de-volumenes-tm-de-productos-al-gmml-del-01-al-24-de-agosto-2017,INGRESO DIARIO DE VOLUMENES ( TM ) DE PRODUCTOS AL GMML DEL   01 AL 24 DE  AGOSTO  2017,Plataforma Nacional de Datos Abiertos,1,0,,,Active,https://www.datosabiertos.gob.pe/sites/default/files/recursos/2017/08/VOL.AGOSTO_10.xlsx,XLSX,200,"Jue, 08/24/2017 - 17:20","Vie, 06/12/2026 - 11:59"
registro-de-expedición-de-copias-certificadas-de-autorizaciones-de-viaje-efectuadas-en-las,Registro de expedición de copias certificadas de autorizaciones de viaje efectuadas en las Oficinas Consulares del Perú ,Plataforma Nacional de Datos Abiertos,1,0,,,Active,https://www.datosabiertos.gob.pe/sites/default/files/recursos/2017/08/AUTORIZACION%20DE%20VIAJE%20-%20JULIO%202017.xlsx,XLSX,200,"Jue, 08/24/2017 - 15:03","Mié, 09/20/2017 - 15:26"
ingreso-diarios-de-precios-por-variedad-de-producto-en-kg-agosto-20170824,INGRESO DIARIOS DE PRECIOS POR VARIEDAD  DE PRODUCTO EN KG.  AGOSTO 2017/08/24,Plataforma Nacional de Datos Abiertos,1,0,,,Active,https://www.datosabiertos.gob.pe/sites/default/files/recursos/2017/08/PREC.AGOSTO_10.xlsx,XLSX,200,"Jue, 08/24/2017 - 17:21","Jue, 08/24/2017 - 17:34"
precios-por-productos-variedad-año-20170824-kg,PRECIOS POR PRODUCTOS VARIEDAD AÑO 2017/08/24  KG.,Plataforma Nacional de Datos Abiertos,1,0,,,Active,https://www.datosabiertos.gob.pe/sites/default/files/recursos/2017/08/prec.mensual_9.xlsx,XLSX,200,"Jue, 08/24/2017 - 17:22","Jue, 08/24/2017 - 17:34"
precios-por-productos-variedad-año-20170824-kg,PRECIOS POR PRODUCTOS VARIEDAD AÑO 2017/08/24  KG.,Plataforma Nacional de Datos Abiertos,1,0,,,Active,https://www.datosabiertos.gob.pe/sites/default/files/recursos/2017/08/prec.mensual_9.xlsx,XLSX,200,"Jue, 08/24/2017 - 17:22","Jue, 08/24/2017 - 17:34"
volumenes-de-producto-por-varieadad-tm-del-año-20170824,VOLUMENES DE PRODUCTO POR VARIEADAD   TM. DEL AÑO 2017/08/24,Plataforma Nacional de Datos Abiertos,1,0,,,Active,https://www.datosabiertos.gob.pe/sites/default/files/recursos/2017/08/VOL.PROD_._10.xlsx,XLSX,200,"Jue, 08/24/2017 - 17:22","Jue, 08/24/2017 - 17:34"
volumenes-y-procedencias-del-producto-del-año-20170824,VOLUMENES Y PROCEDENCIAS DEL PRODUCTO DEL AÑO:    2017/08/24,Plataforma Nacional de Datos Abiertos,1,0,,,Active,https://www.datosabiertos.gob.pe/sites/default/files/recursos/2017/08/VOL.PROC_.PROD_._10.xlsx,XLSX,200,"Jue, 08/24/2017 - 17:23","Vie, 06/12/2026 - 11:38"
cantidad-de-emergencias-en-lima-callao-e-ica-al-29-08-2017,"Cantidad de Emergencias en Lima, Callao e Ica al 29-08-2017",Plataforma Nacional de Datos Abiertos,1,0,,,Active,https://www.datosabiertos.gob.pe/sites/default/files/recursos/2017/08/emer%20central%20-%2029-08-2017.csv,CSV,200,"Mar, 08/29/2017 - 10:04","Vie, 06/12/2026 - 12:11"
consejo-nacional-de-salud,CONSEJO NACIONAL DE SALUD,Plataforma Nacional de Datos Abiertos,5,3,,,Active,http://www.minsa.gob.pe/cns/?op=3#Sesiones,,404,"Mar, 08/29/2017 - 11:02","Jue, 08/07/2025 - 10:15"
dirección-de-intercambio-prestacional-organización-y-servicios-de-salud,"Dirección de Intercambio Prestacional, Organización  y Servicios de Salud",Plataforma Nacional de Datos Abiertos,1,15,,,Active,https://www.datosabiertos.gob.pe/sites/default/files/recursos/2017/08/DIPOS.xlsx,EXCEL,200,"Mar, 08/29/2017 - 12:36","Jue, 08/07/2025 - 10:15"
ingreso-diario-de-volumenes-tm-de-productos-al-gmml-del-01-al-31-de-agosto-2017,INGRESO DIARIO DE VOLUMENES ( TM ) DE PRODUCTOS AL GMML DEL   01 AL 31 DE  AGOSTO  2017,Plataforma Nacional de Datos Abiertos,1,0,,,Active,https://www.datosabiertos.gob.pe/sites/default/files/recursos/2017/09/VOL.AGOSTO.xlsx,XLSX,200,"Vie, 09/01/2017 - 08:52","Vie, 06/12/2026 - 11:57"
ingreso-diarios-de-precios-por-variedad-de-producto-en-kg-agosto-20170831,INGRESO DIARIOS DE PRECIOS POR VARIEDAD  DE PRODUCTO EN KG.  AGOSTO 2017/08/31,Plataforma Nacional de Datos Abiertos,1,0,,,Active,https://www.datosabiertos.gob.pe/sites/default/files/recursos/2017/09/PREC.AGOSTO.xlsx,XLSX,200,"Vie, 09/01/2017 - 08:53","Vie, 09/01/2017 - 09:30"
precios-por-productos-variedad-año-20170831-kg,PRECIOS POR PRODUCTOS VARIEDAD AÑO 2017/08/31  KG.,Plataforma Nacional de Datos Abiertos,1,0,,,Active,https://www.datosabiertos.gob.pe/sites/default/files/recursos/2017/09/prec.mensual.xlsx,XLSX,200,"Vie, 09/01/2017 - 08:54","Vie, 09/01/2017 - 09:30"
volumenes-de-producto-por-varieadad-tm-del-año-20170831,VOLUMENES DE PRODUCTO POR VARIEADAD   TM. DEL AÑO 2017/08/31,Plataforma Nacional de Datos Abiertos,1,0,,,Active,https://www.datosabiertos.gob.pe/sites/default/files/recursos/2017/09/VOL.PROD_..xlsx,XLSX,200,"Vie, 09/01/2017 - 08:55","Vie, 09/01/2017 - 09:30"
volumenes-y-procedencias-del-producto-del-año-20170831,VOLUMENES Y PROCEDENCIAS DEL PRODUCTO DEL AÑO:    2017/08/31,Plataforma Nacional de Datos Abiertos,1,0,,,Active,https://www.datosabiertos.gob.pe/sites/default/files/recursos/2017/09/VOL.PROC_.PROD_..xlsx,XLSX,200,"Vie, 09/01/2017 - 08:56","Vie, 06/12/2026 - 11:39"
morbilidad,MORBILIDAD,Plataforma Nacional de Datos Abiertos,15,3,,,Active,https://www.datosabiertos.gob.pe/sites/default/files/recursos/2017/09/MORBILIDAD%202016%20csv.csv,CSV,200,"Lun, 09/04/2017 - 16:49","Jue, 08/07/2025 - 10:14"
cantidad-de-emergencias-en-lima-callao-e-ica-al-05-09-2017,"Cantidad de Emergencias en Lima, Callao e Ica al 05-09-2017",Plataforma Nacional de Datos Abiertos,1,0,,,Active,https://www.datosabiertos.gob.pe/sites/default/files/recursos/2017/09/emer%20central%20-%2005-09-2017.csv,CSV,200,"Mar, 09/05/2017 - 10:19","Vie, 06/12/2026 - 12:11"
precios-por-productos-variedad-06-09-2017,PRECIOS POR PRODUCTOS VARIEDAD 06-09-2017,Plataforma Nacional de Datos Abiertos,1,0,,,Active,https://www.datosabiertos.gob.pe/sites/default/files/recursos/2017/09/prec.mensual_0.xlsx,XLSX,200,"Mié, 09/06/2017 - 11:06","Mié, 09/06/2017 - 13:22"
ingreso-diarios-de-precios-por-variedad-de-producto-en-kg-06-setiembre-2017,INGRESO DIARIOS DE PRECIOS POR VARIEDAD  DE PRODUCTO EN KG.  06 SETIEMBRE 2017,Plataforma Nacional de Datos Abiertos,1,0,,,Active,https://www.datosabiertos.gob.pe/sites/default/files/recursos/2017/09/PREC.SETIEMBRE.xlsx,XLSX,200,"Mié, 09/06/2017 - 11:08","Mié, 09/06/2017 - 13:22"
volumenes-y-procedencias-del-producto-del-06-09-2017,VOLUMENES Y PROCEDENCIAS DEL PRODUCTO DEL 06-09-2017,Plataforma Nacional de Datos Abiertos,1,0,,,Active,https://www.datosabiertos.gob.pe/sites/default/files/recursos/2017/09/VOL.PROC_.PROD_._0.xlsx,XLSX,200,"Mié, 09/06/2017 - 11:10","Mié, 09/06/2017 - 13:22"
volumenes-de-producto-por-varieadad-tm-del-año-06-09-2017,VOLUMENES DE PRODUCTO POR VARIEADAD   TM. DEL AÑO 06-09-2017,Plataforma Nacional de Datos Abiertos,1,0,,,Active,https://www.datosabiertos.gob.pe/sites/default/files/recursos/2017/09/VOL.PROD_._0.xlsx,XLSX,200,"Mié, 09/06/2017 - 11:11","Mié, 09/06/2017 - 13:22"
ingreso-diario-de-volumenes-tm-de-productos-al-gmml-del-01-al-06-de-setiembre-2017,INGRESO DIARIO DE VOLUMENES ( TM ) DE PRODUCTOS AL GMML	DEL   01 AL 06 DE  SETIEMBRE  2017,Plataforma Nacional de Datos Abiertos,1,0,,,Active,https://www.datosabiertos.gob.pe/sites/default/files/recursos/2017/09/VOL.SETIEMBRE.xlsx,XLSX,200,"Mié, 09/06/2017 - 11:12","Vie, 06/12/2026 - 11:57"
registro-de-hidrocarburos-líquidos-agosto-2017-osinergmin,Registro de Hidrocarburos Líquidos - Agosto 2017 - OSINERGMIN ,Plataforma Nacional de Datos Abiertos,31,1,,,Active,https://www.datosabiertos.gob.pe/sites/default/files/recursos/2017/09/CDCLyOPDHconInstalacionesFijas.xls,XLB,200,"Vie, 09/01/2017 - 17:03","Lun, 06/15/2026 - 10:08"
registro-de-escrituras-públicas-extendidas-en-las-oficinas-consulares-del-perú,Registro de Escrituras Públicas extendidas en las Oficinas Consulares del Perú ,Plataforma Nacional de Datos Abiertos,0,0,,,Active,,,,"Mié, 09/06/2017 - 11:20","Mié, 09/20/2017 - 15:26"
precios-por-productos-variedad-año-20170908-kg,PRECIOS POR PRODUCTOS VARIEDAD AÑO 2017/09/08  KG.,Plataforma Nacional de Datos Abiertos,1,0,,,Active,https://www.datosabiertos.gob.pe/sites/default/files/recursos/2017/09/prec.mensual_1.xlsx,XLSX,200,"Vie, 09/08/2017 - 15:22","Vie, 09/08/2017 - 16:44"
ingreso-diarios-de-precios-por-variedad-de-producto-en-kg-setiembre-20170908,INGRESO DIARIOS DE PRECIOS POR VARIEDAD  DE PRODUCTO EN KG.  SETIEMBRE 2017/09/08,Plataforma Nacional de Datos Abiertos,1,0,,,Active,https://www.datosabiertos.gob.pe/sites/default/files/recursos/2017/09/PREC.SETIEMBRE_0.xlsx,XLSX,200,"Vie, 09/08/2017 - 15:24","Vie, 09/08/2017 - 16:44"
volumenes-y-procedencias-del-producto-del-año-20170904,VOLUMENES Y PROCEDENCIAS DEL PRODUCTO DEL AÑO:    2017/09/04,Plataforma Nacional de Datos Abiertos,1,0,,,Active,https://www.datosabiertos.gob.pe/sites/default/files/recursos/2017/09/VOL.PROC_.PROD_._1.xlsx,XLSX,200,"Vie, 09/08/2017 - 15:25","Vie, 06/12/2026 - 11:38"
ingreso-diario-de-volumenes-tm-de-productos-al-gmml-del-01-al-04-de-setiembre-2017,INGRESO DIARIO DE VOLUMENES ( TM ) DE PRODUCTOS AL GMML DEL   01 AL 04 DE  SETIEMBRE  2017,Plataforma Nacional de Datos Abiertos,1,0,,,Active,https://www.datosabiertos.gob.pe/sites/default/files/recursos/2017/09/VOL.SETIEMBRE_0.xlsx,XLSX,200,"Vie, 09/08/2017 - 15:26","Vie, 06/12/2026 - 11:55"
volumenes-de-producto-por-varieadad-tm-del-año-20170904,VOLUMENES DE PRODUCTO POR VARIEADAD   TM. DEL AÑO 2017/09/04,Plataforma Nacional de Datos Abiertos,1,0,,,Active,https://www.datosabiertos.gob.pe/sites/default/files/recursos/2017/09/VOL.PROD_._1.xlsx,XLSX,200,"Vie, 09/08/2017 - 15:25","Vie, 09/08/2017 - 16:44"
precios-por-productos-variedad-año-20170907-kg,PRECIOS POR PRODUCTOS VARIEDAD AÑO 2017/09/07  KG.,Plataforma Nacional de Datos Abiertos,1,0,,,Active,https://www.datosabiertos.gob.pe/sites/default/files/recursos/2017/09/prec.mensual_2.xlsx,XLSX,200,"Vie, 09/08/2017 - 15:43","Vie, 09/08/2017 - 16:44"
ingreso-diarios-de-precios-por-variedad-de-producto-en-kg-setiembre-20170907,INGRESO DIARIOS DE PRECIOS POR VARIEDAD  DE PRODUCTO EN KG.  SETIEMBRE 2017/09/07,Plataforma Nacional de Datos Abiertos,1,0,,,Active,https://www.datosabiertos.gob.pe/sites/default/files/recursos/2017/09/PREC.SETIEMBRE_1.xlsx,XLSX,200,"Vie, 09/08/2017 - 15:45","Vie, 09/08/2017 - 16:44"
volumenes-y-procedencias-del-producto-del-año-20170907,VOLUMENES Y PROCEDENCIAS DEL PRODUCTO DEL AÑO:    2017/09/07,Plataforma Nacional de Datos Abiertos,1,0,,,Active,https://www.datosabiertos.gob.pe/sites/default/files/recursos/2017/09/VOL.PROC_.PROD_._2.xlsx,XLSX,200,"Vie, 09/08/2017 - 15:46","Vie, 06/12/2026 - 11:40"
ingreso-diario-de-volumenes-tm-de-productos-al-gmml-del-01-al-07-de-setiembre-2017,INGRESO DIARIO DE VOLUMENES ( TM ) DE PRODUCTOS AL GMML DEL   01 AL 07 DE  SETIEMBRE  2017,Plataforma Nacional de Datos Abiertos,1,0,,,Active,https://www.datosabiertos.gob.pe/sites/default/files/recursos/2017/09/VOL.SETIEMBRE_1.xlsx,XLSX,200,"Vie, 09/08/2017 - 15:47","Vie, 06/12/2026 - 11:52"
volumenes-de-producto-por-varieadad-tm-del-año-20170907,VOLUMENES DE PRODUCTO POR VARIEADAD   TM. DEL AÑO 2017/09/07,Plataforma Nacional de Datos Abiertos,1,0,,,Active,https://www.datosabiertos.gob.pe/sites/default/files/recursos/2017/09/VOL.PROD_._2.xlsx,XLSX,200,"Vie, 09/08/2017 - 15:46","Vie, 09/08/2017 - 16:44"
ingreso-diarios-de-precios-por-variedad-de-producto-en-kg-setiembre-20170908-actual,INGRESO DIARIOS DE PRECIOS POR VARIEDAD  DE PRODUCTO EN KG.  SETIEMBRE 2017/09/08 actual,Plataforma Nacional de Datos Abiertos,1,0,,,Active,https://www.datosabiertos.gob.pe/sites/default/files/recursos/2017/09/PREC.SETIEMBRE_2.xlsx,XLSX,200,"Vie, 09/08/2017 - 15:55","Vie, 09/08/2017 - 16:44"
precios-por-productos-variedad-año-20170908-actual-kg,PRECIOS POR PRODUCTOS VARIEDAD AÑO 2017/09/08 actual  KG.,Plataforma Nacional de Datos Abiertos,1,0,,,Active,https://www.datosabiertos.gob.pe/sites/default/files/recursos/2017/09/prec.mensual_3.xlsx,XLSX,200,"Vie, 09/08/2017 - 15:52","Vie, 09/08/2017 - 16:44"
volumenes-y-procedencias-del-producto-del-año-20170908,VOLUMENES Y PROCEDENCIAS DEL PRODUCTO DEL AÑO:    2017/09/08,Plataforma Nacional de Datos Abiertos,1,0,,,Active,https://www.datosabiertos.gob.pe/sites/default/files/recursos/2017/09/VOL.PROC_.PROD_._3.xlsx,XLSX,200,"Vie, 09/08/2017 - 15:56","Vie, 06/12/2026 - 11:39"
ingreso-diario-de-volumenes-tm-de-productos-al-gmml-del-01-al-08-de-setiembre-2017,INGRESO DIARIO DE VOLUMENES ( TM ) DE PRODUCTOS AL GMML DEL   01 AL 08 DE  SETIEMBRE  2017,Plataforma Nacional de Datos Abiertos,1,0,,,Active,https://www.datosabiertos.gob.pe/sites/default/files/recursos/2017/09/VOL.SETIEMBRE_2.xlsx,XLSX,200,"Vie, 09/08/2017 - 15:57","Vie, 06/12/2026 - 11:56"
volumenes-de-producto-por-varieadad-tm-del-año-20170908,VOLUMENES DE PRODUCTO POR VARIEADAD   TM. DEL AÑO 2017/09/08,Plataforma Nacional de Datos Abiertos,1,0,,,Active,https://www.datosabiertos.gob.pe/sites/default/files/recursos/2017/09/VOL.PROD_._3.xlsx,XLSX,200,"Vie, 09/08/2017 - 15:57","Vie, 09/08/2017 - 16:44"
cantidad-de-emergencias-en-lima-callao-e-ica-al-12-09-2017,"Cantidad de Emergencias en Lima, Callao e Ica al 12-09-2017",Plataforma Nacional de Datos Abiertos,1,0,,,Active,https://www.datosabiertos.gob.pe/sites/default/files/recursos/2017/09/emer%20central%20-%2012-09-2017.csv,CSV,200,"Mar, 09/12/2017 - 09:46","Vie, 06/12/2026 - 12:10"
precios-por-productos-variedad-año-20170911-kg,PRECIOS POR PRODUCTOS VARIEDAD AÑO 2017/09/11  KG.,Plataforma Nacional de Datos Abiertos,1,0,,,Active,https://www.datosabiertos.gob.pe/sites/default/files/recursos/2017/09/prec.mensual_4.xlsx,XLSX,200,"Mar, 09/12/2017 - 11:13","Mar, 09/12/2017 - 14:09"
ingreso-diarios-de-precios-por-variedad-de-producto-en-kg-setiembre-del-11-del-2017,INGRESO DIARIOS DE PRECIOS POR VARIEDAD  DE PRODUCTO EN KG.  SETIEMBRE del 11 del  2017,Plataforma Nacional de Datos Abiertos,1,0,,,Active,https://www.datosabiertos.gob.pe/sites/default/files/recursos/2017/09/PREC.SETIEMBRE_3.xlsx,XLSX,200,"Mar, 09/12/2017 - 11:14","Mar, 09/12/2017 - 14:09"
volumenes-y-procedencias-del-producto-del-año-20170911,VOLUMENES Y PROCEDENCIAS DEL PRODUCTO DEL AÑO:    2017/09/11,Plataforma Nacional de Datos Abiertos,1,0,,,Active,https://www.datosabiertos.gob.pe/sites/default/files/recursos/2017/09/VOL.PROC_.PROD_._4.xlsx,XLSX,200,"Mar, 09/12/2017 - 11:16","Vie, 06/12/2026 - 11:37"
volumenes-de-producto-por-varieadad-tm-del-año-20170911,VOLUMENES DE PRODUCTO POR VARIEADAD   TM. DEL AÑO 2017/09/11,Plataforma Nacional de Datos Abiertos,1,0,,,Active,https://www.datosabiertos.gob.pe/sites/default/files/recursos/2017/09/VOL.PROD_._4.xlsx,XLSX,200,"Mar, 09/12/2017 - 11:17","Mar, 09/12/2017 - 14:09"
ingreso-diario-de-volumenes-tm-de-productos-al-gmml-del-01-al-11-de-setiembre-2017,INGRESO DIARIO DE VOLUMENES ( TM ) DE PRODUCTOS AL GMML DEL   01 AL 11 DE  SETIEMBRE  2017,Plataforma Nacional de Datos Abiertos,1,0,,,Active,https://www.datosabiertos.gob.pe/sites/default/files/recursos/2017/09/VOL.SETIEMBRE_3.xlsx,XLSX,200,"Mar, 09/12/2017 - 11:18","Vie, 06/12/2026 - 11:55"
enfermedades-metaxenicas,ENFERMEDADES METAXENICAS,Plataforma Nacional de Datos Abiertos,7,3,,,Active,https://www.datosabiertos.gob.pe/sites/default/files/recursos/2017/09/DENGUE%20-%20DESCRIPCI%C3%93N%20%20MAR2017.pdf,PDF,200,"Mié, 09/13/2017 - 18:24","Jue, 08/07/2025 - 10:14"
samu,SAMU,Plataforma Nacional de Datos Abiertos,3,4,,,Active,https://www.datosabiertos.gob.pe/sites/default/files/recursos/2017/09/SAMU%20ESTADISTICAS.xlsx,XLSX,200,"Jue, 09/14/2017 - 12:12","Jue, 08/07/2025 - 10:14"
ingreso-diario-de-volumenes-tm-de-productos-al-gmml-del-01-al-12-de-setiembre-2017,INGRESO DIARIO DE VOLUMENES ( TM ) DE PRODUCTOS AL GMML DEL   01 AL 12 DE  SETIEMBRE  2017,Plataforma Nacional de Datos Abiertos,1,0,,,Active,https://www.datosabiertos.gob.pe/sites/default/files/recursos/2017/09/VOL.SETIEMBRE_4.xlsx,XLSX,200,"Vie, 09/15/2017 - 09:47","Vie, 06/12/2026 - 11:54"
ingreso-diarios-de-precios-por-variedad-de-producto-en-kg-setiembre-20170912,INGRESO DIARIOS DE PRECIOS POR VARIEDAD  DE PRODUCTO EN KG.  SETIEMBRE 2017/09/12,Plataforma Nacional de Datos Abiertos,1,0,,,Active,https://www.datosabiertos.gob.pe/sites/default/files/recursos/2017/09/PREC.SETIEMBRE_4.xlsx,XLSX,200,"Vie, 09/15/2017 - 09:48","Vie, 09/15/2017 - 11:32"
volumenes-de-producto-por-varieadad-tm-del-año-20170912,VOLUMENES DE PRODUCTO POR VARIEADAD   TM. DEL AÑO 2017/09/12,Plataforma Nacional de Datos Abiertos,1,0,,,Active,https://www.datosabiertos.gob.pe/sites/default/files/recursos/2017/09/VOL.PROD_._5.xlsx,XLSX,200,"Vie, 09/15/2017 - 09:49","Vie, 09/15/2017 - 11:32"
ingreso-diario-de-volumenes-tm-de-productos-al-gmml-del-01-al-13-de-setiembre-2017,INGRESO DIARIO DE VOLUMENES ( TM ) DE PRODUCTOS AL GMML DEL   01 AL 13 DE  SETIEMBRE  2017,Plataforma Nacional de Datos Abiertos,1,0,,,Active,https://www.datosabiertos.gob.pe/sites/default/files/recursos/2017/09/VOL.SETIEMBRE_4.xlsx,XLSX,200,"Vie, 09/15/2017 - 09:51","Vie, 06/12/2026 - 11:54"
ingreso-diarios-de-precios-por-variedad-de-producto-en-kg-setiembre-20170913,INGRESO DIARIOS DE PRECIOS POR VARIEDAD  DE PRODUCTO EN KG.  SETIEMBRE 2017/09/13,Plataforma Nacional de Datos Abiertos,1,0,,,Active,https://www.datosabiertos.gob.pe/sites/default/files/recursos/2017/09/PREC.SETIEMBRE_4.xlsx,XLSX,200,"Vie, 09/15/2017 - 09:52","Vie, 09/15/2017 - 11:32"
volumenes-de-producto-por-varieadad-tm-del-año-20170913,VOLUMENES DE PRODUCTO POR VARIEADAD   TM. DEL AÑO 2017/09/13,Plataforma Nacional de Datos Abiertos,1,0,,,Active,https://www.datosabiertos.gob.pe/sites/default/files/recursos/2017/09/VOL.PROD_._5.xlsx,XLSX,200,"Vie, 09/15/2017 - 09:53","Vie, 09/15/2017 - 11:32"
ingreso-diario-de-volumenes-tm-de-productos-al-gmml-del-01-al-14-de-setiembre-2017,INGRESO DIARIO DE VOLUMENES ( TM ) DE PRODUCTOS AL GMML DEL   01 AL 14 DE  SETIEMBRE  2017,Plataforma Nacional de Datos Abiertos,1,0,,,Active,https://www.datosabiertos.gob.pe/sites/default/files/recursos/2017/09/VOL.SETIEMBRE_4.xlsx,XLSX,200,"Vie, 09/15/2017 - 09:55","Vie, 06/12/2026 - 11:55"
volumenes-y-procedencias-del-producto-del-año-20170913,VOLUMENES Y PROCEDENCIAS DEL PRODUCTO DEL AÑO:    2017/09/13,Plataforma Nacional de Datos Abiertos,1,0,,,Active,https://www.datosabiertos.gob.pe/sites/default/files/recursos/2017/09/VOL.PROC_.PROD_._5.xlsx,XLSX,200,"Vie, 09/15/2017 - 09:54","Vie, 06/12/2026 - 11:37"
precios-por-productos-variedad-año-20170914-kg,PRECIOS POR PRODUCTOS VARIEDAD AÑO 2017/09/14  KG.,Plataforma Nacional de Datos Abiertos,1,0,,,Active,https://www.datosabiertos.gob.pe/sites/default/files/recursos/2017/09/prec.mensual_5.xlsx,XLSX,200,"Vie, 09/15/2017 - 09:57","Vie, 09/15/2017 - 11:32"
ingreso-diarios-de-precios-por-variedad-de-producto-en-kg-setiembre-20170914,INGRESO DIARIOS DE PRECIOS POR VARIEDAD  DE PRODUCTO EN KG.  SETIEMBRE 2017/09/14,Plataforma Nacional de Datos Abiertos,1,0,,,Active,https://www.datosabiertos.gob.pe/sites/default/files/recursos/2017/09/PREC.SETIEMBRE_4.xlsx,XLSX,200,"Vie, 09/15/2017 - 09:56","Vie, 09/15/2017 - 11:32"
volumenes-y-procedencias-del-producto-del-año-20170914,VOLUMENES Y PROCEDENCIAS DEL PRODUCTO DEL AÑO:    2017/09/14,Plataforma Nacional de Datos Abiertos,1,0,,,Active,https://www.datosabiertos.gob.pe/sites/default/files/recursos/2017/09/VOL.PROC_.PROD_._5.xlsx,XLSX,200,"Vie, 09/15/2017 - 09:58","Vie, 06/12/2026 - 11:37"
volumenes-de-producto-por-varieadad-tm-del-año-20170914,VOLUMENES DE PRODUCTO POR VARIEADAD   TM. DEL AÑO 2017/09/14,Plataforma Nacional de Datos Abiertos,1,0,,,Active,https://www.datosabiertos.gob.pe/sites/default/files/recursos/2017/09/VOL.PROD_._5.xlsx,XLSX,200,"Vie, 09/15/2017 - 09:57","Vie, 09/15/2017 - 11:32"
cantidad-de-emergencias-en-lima-callao-e-ica-al-19-09-2017,"Cantidad de Emergencias en Lima, Callao e Ica al 19-09-2017",Plataforma Nacional de Datos Abiertos,1,0,,,Active,https://www.datosabiertos.gob.pe/sites/default/files/recursos/2017/09/emer%20central%20-%2019-09-2017.csv,CSV,200,"Mar, 09/19/2017 - 10:31","Vie, 06/12/2026 - 12:10"
precios-por-productos-variedad-año-20170912-kg,PRECIOS POR PRODUCTOS VARIEDAD AÑO 2017/09/12  KG.,Plataforma Nacional de Datos Abiertos,1,0,,,Active,https://www.datosabiertos.gob.pe/sites/default/files/recursos/2017/09/prec.mensual_5.xlsx,XLSX,200,"Vie, 09/15/2017 - 09:48","Vie, 09/15/2017 - 11:32"
minsa-salud-mental,MINSA - SALUD MENTAL,Plataforma Nacional de Datos Abiertos,9,2,,,Active,https://www.datosabiertos.gob.pe/sites/default/files/recursos/2017/09/DAT%20SALUD%20MENTAL%20-%20ATENDIDOS.csv,CSV,200,"Mié, 09/20/2017 - 11:07","Jue, 08/07/2025 - 10:12"
precios-por-productos-variedad-año-20170913-kg,PRECIOS POR PRODUCTOS VARIEDAD AÑO 2017/09/13  KG.,Plataforma Nacional de Datos Abiertos,1,0,,,Active,https://www.datosabiertos.gob.pe/sites/default/files/recursos/2017/09/prec.mensual_5.xlsx,XLSX,200,"Vie, 09/15/2017 - 09:53","Vie, 09/15/2017 - 11:32"
minsa-ipress,MINSA - IPRESS,Plataforma Nacional de Datos Abiertos,1,4,,,Active,https://www.datosabiertos.gob.pe/sites/default/files/recursos/2017/09/IPRESS.csv,CSV,200,"Mar, 09/19/2017 - 18:59","Jue, 08/07/2025 - 10:13"
minsa-planificación-familiar,MINSA - PLANIFICACIÓN FAMILIAR,Plataforma Nacional de Datos Abiertos,6,3,,,Active,https://www.datosabiertos.gob.pe/sites/default/files/recursos/2017/09/DAT%20PlaniFamiliar_01_Metodo.csv,CSV,200,"Mié, 09/20/2017 - 12:11","Jue, 08/07/2025 - 10:13"
minsa-adulto-mayor,MINSA - ADULTO MAYOR,Plataforma Nacional de Datos Abiertos,7,5,,,Active,https://www.datosabiertos.gob.pe/sites/default/files/recursos/2017/09/DAT%20Adulto_Mayor_01_Vacam.csv,CSV,200,"Mié, 09/20/2017 - 12:30","Jue, 08/07/2025 - 10:12"
minsa-adolescentes,MINSA - ADOLESCENTES,Plataforma Nacional de Datos Abiertos,6,4,,,Active,https://www.datosabiertos.gob.pe/sites/default/files/recursos/2017/09/DAT%20Morbilidad_Adolescente.csv,CSV,200,"Mié, 09/20/2017 - 14:10","Jue, 08/07/2025 - 10:13"
minsa-niño,MINSA - NIÑO,Plataforma Nacional de Datos Abiertos,6,4,,,Active,https://www.datosabiertos.gob.pe/sites/default/files/recursos/2017/09/DAT%20CRED.csv,CSV,200,"Mié, 09/20/2017 - 12:44","Jue, 08/07/2025 - 10:12"
minsa-salud-bucal,MINSA - SALUD BUCAL,Plataforma Nacional de Datos Abiertos,6,5,,,Active,https://www.datosabiertos.gob.pe/sites/default/files/recursos/2017/09/DAT%20S%20BUCAL%20-%20ATENCION%20%20PREVENTIVA.csv,CSV,200,"Mié, 09/20/2017 - 16:07","Jue, 08/07/2025 - 10:11"
volumenes-de-producto-por-varieadad-tm-del-año-20170915,VOLUMENES DE PRODUCTO POR VARIEADAD   TM. DEL AÑO 2017/09/15,Plataforma Nacional de Datos Abiertos,1,0,,,Active,https://www.datosabiertos.gob.pe/sites/default/files/recursos/2017/09/VOL.PROD_._6.xlsx,XLSX,200,"Mié, 09/20/2017 - 16:19","Mié, 09/20/2017 - 18:27"
precios-por-productos-variedad-año-20170915-kg,PRECIOS POR PRODUCTOS VARIEDAD AÑO 2017/09/15  KG.,Plataforma Nacional de Datos Abiertos,1,0,,,Active,https://www.datosabiertos.gob.pe/sites/default/files/recursos/2017/09/prec.mensual_6.xlsx,XLSX,200,"Mié, 09/20/2017 - 16:18","Mié, 09/20/2017 - 18:27"
ingreso-diario-de-volumenes-tm-de-productos-al-gmml-del-01-al-15-de-setiembre-2017,INGRESO DIARIO DE VOLUMENES ( TM ) DE PRODUCTOS AL GMML DEL   01 AL 15 DE  SETIEMBRE  2017,Plataforma Nacional de Datos Abiertos,1,0,,,Active,https://www.datosabiertos.gob.pe/sites/default/files/recursos/2017/09/VOL.SETIEMBRE_5.xlsx,XLSX,200,"Mié, 09/20/2017 - 16:16","Vie, 06/12/2026 - 11:46"
ingreso-diarios-de-precios-por-variedad-de-producto-en-kg-setiembre-20171509,INGRESO DIARIOS DE PRECIOS POR VARIEDAD  DE PRODUCTO EN KG.  SETIEMBRE 2017/15/09,Plataforma Nacional de Datos Abiertos,1,0,,,Active,https://www.datosabiertos.gob.pe/sites/default/files/recursos/2017/09/PREC.SETIEMBRE_5.xlsx,XLSX,200,"Mié, 09/20/2017 - 16:17","Mié, 09/20/2017 - 18:27"
volumenes-y-procedencias-del-producto-del-año-20170915,VOLUMENES Y PROCEDENCIAS DEL PRODUCTO DEL AÑO:    2017/09/15,Plataforma Nacional de Datos Abiertos,1,0,,,Active,https://www.datosabiertos.gob.pe/sites/default/files/recursos/2017/09/VOL.PROC_.PROD_._6.xlsx,XLSX,200,"Mié, 09/20/2017 - 16:19","Vie, 06/12/2026 - 11:34"
ingreso-diarios-de-precios-por-variedad-de-producto-en-kg-setiembre-20170915,INGRESO DIARIOS DE PRECIOS POR VARIEDAD  DE PRODUCTO EN KG.  SETIEMBRE 2017/09/15,Plataforma Nacional de Datos Abiertos,1,0,,,Active,https://www.datosabiertos.gob.pe/sites/default/files/recursos/2017/09/PREC.SETIEMBRE_6.xlsx,XLSX,200,"Mié, 09/20/2017 - 16:21","Mié, 09/20/2017 - 18:27"
precios-por-productos-variedad-año-2017-0915-kg,PRECIOS POR PRODUCTOS VARIEDAD AÑO 2017 /09/15 KG.,Plataforma Nacional de Datos Abiertos,1,0,,,Active,https://www.datosabiertos.gob.pe/sites/default/files/recursos/2017/09/prec.mensual_7.xlsx,XLSX,200,"Mié, 09/20/2017 - 16:22","Mié, 09/20/2017 - 16:22"
ingreso-diario-de-volumenes-tm-de-productos-al-gmml-del-01-al-18-de-setiembre-2017,INGRESO DIARIO DE VOLUMENES ( TM ) DE PRODUCTOS AL GMML DEL   01 AL 18 DE  SETIEMBRE  2017,Plataforma Nacional de Datos Abiertos,1,0,,,Active,https://www.datosabiertos.gob.pe/sites/default/files/recursos/2017/09/VOL.SETIEMBRE_6.xlsx,XLSX,200,"Mié, 09/20/2017 - 16:20","Vie, 06/12/2026 - 11:46"
volumenes-de-producto-por-varieadad-tm-del-año-20170915-0,VOLUMENES DE PRODUCTO POR VARIEADAD   TM. DEL AÑO 2017/09/15,Plataforma Nacional de Datos Abiertos,1,0,,,Active,https://www.datosabiertos.gob.pe/sites/default/files/recursos/2017/09/VOL.PROD_._7.xlsx,XLSX,200,"Mié, 09/20/2017 - 16:23","Mié, 09/20/2017 - 16:23"
volumenes-y-procedencias-del-producto-del-año-20170918,VOLUMENES Y PROCEDENCIAS DEL PRODUCTO DEL AÑO:    2017/09/18,Plataforma Nacional de Datos Abiertos,1,0,,,Active,https://www.datosabiertos.gob.pe/sites/default/files/recursos/2017/09/VOL.PROC_.PROD_._7.xlsx,XLSX,200,"Mié, 09/20/2017 - 16:24","Vie, 06/12/2026 - 11:35"
cantidad-de-investigadores-que-estudiaron-en-universidades-publicas-por-grados-academicos,Cantidad de investigadores que estudiaron en universidades publicas por grados academicos,Plataforma Nacional de Datos Abiertos,1,6,,,Active,http://datos.concytec.gob.pe/sites/default/files/DAT_INV_GRA_ACA_2.xlsx,XLSX,0,"Vie, 10/21/2016 - 15:30","Vie, 06/12/2026 - 10:22"
viáticos-de-entidades,Viáticos de entidades,Plataforma Nacional de Datos Abiertos,1,5,,,Active,https://www.datosabiertos.gob.pe/sites/default/files/ds_viatico_entidades_2016.csv,CSV,404,"Mié, 10/26/2016 - 13:02","Mié, 03/15/2017 - 13:58"
vehículos-de-entidades,Vehículos de entidades,Plataforma Nacional de Datos Abiertos,2,5,,,Active,https://www.datosabiertos.gob.pe/sites/default/files/ds_vehiculo_entidades_2015.csv,CSV,200,"Mié, 10/26/2016 - 16:36","Mié, 03/15/2017 - 13:58"
publicidad-de-entidades,Publicidad de entidades,Plataforma Nacional de Datos Abiertos,2,5,,,Active,https://www.datosabiertos.gob.pe/sites/default/files/ds_publicidad_entidades_2015.csv,CSV,200,"Mié, 10/26/2016 - 16:42","Mié, 03/15/2017 - 13:58"
teléfonos-de-entidades,Teléfonos de entidades,Plataforma Nacional de Datos Abiertos,2,5,,,Active,https://www.datosabiertos.gob.pe/sites/default/files/ds_telefono_entidades_2015.csv,CSV,200,"Mié, 10/26/2016 - 16:49","Mié, 03/15/2017 - 13:58"
tramite-de-entidades,Tramite de entidades,Plataforma Nacional de Datos Abiertos,1,5,,,Active,https://www.datosabiertos.gob.pe/sites/default/files/ds_tramite_entidades_2015.csv,CSV,200,"Mié, 11/02/2016 - 16:58","Mié, 03/15/2017 - 13:58"
ordenes-de-entidades,Ordenes de entidades,Plataforma Nacional de Datos Abiertos,2,5,,,Active,https://www.datosabiertos.gob.pe/sites/default/files/ds_orden_entidades_2015.csv,CSV,200,"Vie, 10/28/2016 - 10:40","Mié, 03/15/2017 - 13:58"
valorización-de-pérdidas-por-presencia-de-enfermedades-nivel-de-región-política-años-2012,Valorización de pérdidas por presencia de enfermedades a nivel de región política: años 2012-2013-2014-2015. ,Plataforma Nacional de Datos Abiertos,1,2,,,Active,https://www.datosabiertos.gob.pe/sites/default/files/Perdidas%20al%20VBP%20x%20efecto%20de%20plagas%202012_2014.xlsx,EXCEL,200,"Vie, 12/30/2016 - 17:12","Mié, 03/15/2017 - 17:02"
personal-de-entidades,Personal de entidades,Plataforma Nacional de Datos Abiertos,2,5,,,Active,https://www.datosabiertos.gob.pe/sites/default/files/ds_personal_entidades_2015.csv,CSV,200,"Mié, 10/26/2016 - 17:07","Mié, 03/15/2017 - 13:58"
inscripción-de-empresas-cubicadoras-osinergmin,Inscripción de Empresas Cubicadoras - OSINERGMIN,Plataforma Nacional de Datos Abiertos,1,0,,,Active,https://www.datosabiertos.gob.pe/sites/default/files/STE-Registro-Empresas-Cubicadoras.xls,XLB,200,"Mar, 01/03/2017 - 08:53","Mié, 12/17/2025 - 11:57"
registro-de-hidrocarburos-líquidos-osinergmin,Registro de Hidrocarburos Líquidos - Osinergmin,Plataforma Nacional de Datos Abiertos,11,2,,,Active,https://www.datosabiertos.gob.pe/sites/default/files/CDCLyOPDHconInstalacionesFijas.xls,XLB,200,"Mar, 01/03/2017 - 12:04","Mar, 04/07/2026 - 10:31"
registro-de-instaladores-habilitados-de-gas-natural-organismo-supervisor-de-la-inversión-en,Registro de instaladores habilitados de gas natural - [Organismo Supervisor de la Inversión en Energía y Minería - OSINERGMIN],Plataforma Nacional de Datos Abiertos,4,1,,,Active,https://www.datosabiertos.gob.pe/sites/default/files/PersonaJuridica.pdf,PDF,200,"Mar, 01/03/2017 - 10:16","Vie, 07/24/2026 - 10:37"
boletin,Boletin,Plataforma Nacional de Datos Abiertos,1,1,,,Active,https://www.datosabiertos.gob.pe/sites/default/files/BOLETIN%20INSTITUCIONAL%20N%C2%B001.pdf,PDF,200,"Mar, 01/03/2017 - 12:24","Jue, 07/06/2017 - 19:55"
instituciones-científicas-depositarias-de-material-biológico-serfor,Instituciones Científicas Depositarias de Material Biológico - SERFOR,Plataforma Nacional de Datos Abiertos,1,1,,,Active,https://www.datosabiertos.gob.pe/sites/default/files/Instituciones%20Cientificas%20Depositarias%20de%20Material%20Biologico.xlsx,XLSX,200,"Mar, 01/03/2017 - 16:22","Mié, 03/08/2017 - 14:09"
registro-nacional-de-infractores-serfor,Registro Nacional de Infractores - SERFOR,Plataforma Nacional de Datos Abiertos,1,1,,,Active,https://www.datosabiertos.gob.pe/sites/default/files/Registro%20Nacional%20de%20Infractores.xlsx,XLSX,200,"Mar, 01/03/2017 - 16:25","Vie, 06/17/2022 - 17:09"
boletín-estadístico-mensual-de-la-producción-y-comercialización-avícola,BOLETÍN ESTADÍSTICO MENSUAL DE LA PRODUCCIÓN Y COMERCIALIZACIÓN AVÍCOLA ,Plataforma Nacional de Datos Abiertos,44,1,,,Active,https://www.datosabiertos.gob.pe/sites/default/files/cuadros-produccion-comercializacion-avicola-set16.xls,XLB,200,"Mié, 01/04/2017 - 10:00","Mié, 11/08/2017 - 17:49"
boletín-estadístico-mensual-de-la-producción-y-comercialización-avícola-–-octubre-2016,Boletín Estadístico Mensual de la Producción y Comercialización Avícola – Octubre 2016-DGESEP-DEA,Plataforma Nacional de Datos Abiertos,0,0,,,Active,,,,"Mié, 01/04/2017 - 16:12","Mié, 03/08/2017 - 12:21"
registro-de-cultivares-comerciales-nivel-nacional,Registro de Cultivares Comerciales a Nivel Nacional,Plataforma Nacional de Datos Abiertos,9,3,,,Active,https://www.datosabiertos.gob.pe/sites/default/files/Registro%20Cultivar%20Comercial%20%282016-12%29.xls,EXCEL,200,"Mié, 01/04/2017 - 10:36","Mié, 07/12/2017 - 14:41"
boletin-hidrometeorológico,BOLETIN hidrometeorológico,Plataforma Nacional de Datos Abiertos,1,1,,,Active,https://www.datosabiertos.gob.pe/sites/default/files/bolitin%202016%20.ZIP,ZIP,200,"Mar, 01/10/2017 - 15:51","Jue, 07/06/2017 - 19:55"
temperatura-agua-y-ambiente-nodo-sensor-puerto-maldonado-represa-iiap,Temperatura Agua y Ambiente Nodo Sensor  Puerto Maldonado Represa- IIAP,Plataforma Nacional de Datos Abiertos,1,1,,,Active,https://www.datosabiertos.gob.pe/sites/default/files/SIMonitoreoIIAP-DatosHistoricos.xlsx,XLSX,200,"Mié, 01/11/2017 - 10:25","Jue, 07/16/2026 - 11:37"
cuadro-estadistico-de-autorización-de-desbosque-serfor,Cuadro Estadistico de Autorización de Desbosque - SERFOR,Plataforma Nacional de Datos Abiertos,1,1,,,Active,https://www.datosabiertos.gob.pe/sites/default/files/Cuadro%20Estadistico%20de%20Autorizaci%C3%B3n%20de%20Desbosque%20%202016.xls,XLSX,200,"Mié, 01/11/2017 - 16:06","Mié, 03/08/2017 - 14:09"
ley-de-agricultura-familiar,Ley de Agricultura Familiar ,Plataforma Nacional de Datos Abiertos,1,2,,,Active,http://www.agriculturafamiliarperu.pe/wp-content/uploads/2016/09/doc_ley_30355_pe__af.pdf,PDF,0,"Vie, 01/20/2017 - 17:48","Mié, 03/15/2017 - 13:58"
reglamento-de-la-ley-de-agricultura-familiar,Reglamento de la Ley de Agricultura Familiar,Plataforma Nacional de Datos Abiertos,1,1,,,Active,http://www.agriculturafamiliarperu.pe/wp-content/uploads/2016/10/D.S.-015-2016-MINAGRI-Reglamento-de-Ley-de-Agricultura-Familiar.pdf,PDF,0,"Vie, 01/20/2017 - 17:55","Mié, 03/08/2017 - 14:09"
autorizaciones-de-investigaciones-científicas-serfor,Autorizaciones de Investigaciones Científicas - SERFOR,Plataforma Nacional de Datos Abiertos,1,1,,,Active,https://www.datosabiertos.gob.pe/sites/default/files/Autorizaciones%20de%20Investigaciones%20Cient%C3%ADficas.xlsx,XLSX,200,"Mié, 01/11/2017 - 16:12","Mié, 03/08/2017 - 14:09"
relación-de-promotores-certificados-en-manejo-de-camélidos,Relación de Promotores CERTIFICADOS en Manejo de Camélidos,Plataforma Nacional de Datos Abiertos,1,1,,,Active,https://www.datosabiertos.gob.pe/sites/default/files/RELACION%20DE%20TALENTOS%20CERTIFICADOS%20para%20datos%20abiertos.csv,CSV,200,"Vie, 01/20/2017 - 18:29","Mié, 03/08/2017 - 14:09"
directorio-de-talentos-rurales-certificados-en-manejo-de-plantones-de-cacao-2016,Directorio de Talentos Rurales Certificados en Manejo de Plantones de Cacao 2016,Plataforma Nacional de Datos Abiertos,1,2,,,Active,https://www.datosabiertos.gob.pe/sites/default/files/RELACION%20CERTIFICADOS%20EN%20CACAO%20PARA%20PORTAL.xlsx,EXCEL,200,"Vie, 01/20/2017 - 18:38","Mié, 03/08/2017 - 14:09"
directorio-de-talentos-rurales-certificados-en-manejo-de-café-y-especies-asociadas,Directorio de Talentos Rurales Certificados en manejo de Café y Especies Asociadas,Plataforma Nacional de Datos Abiertos,0,2,,,Active,,,,"Vie, 01/20/2017 - 18:41","Mié, 03/08/2017 - 12:27"
directorio-de-talentos-rurales-certificados-por-agro-rural-en-manejo-de-café-y-especies,Directorio de Talentos Rurales Certificados por AGRO RURAL en manejo de Café y Especies Asociadas ,Plataforma Nacional de Datos Abiertos,1,2,,,Active,https://www.datosabiertos.gob.pe/sites/default/files/Relaci%C3%B3n%20de%20certificados%20%20Cafe%202016%20-%20para%20portal.xlsx,EXCEL,200,"Vie, 01/20/2017 - 18:45","Mié, 03/15/2017 - 17:02"
monto-del-seguro-catastrófico-según-región-y-cultivo,"Monto del seguro catastrófico, según región y cultivo",Plataforma Nacional de Datos Abiertos,1,1,,,Active,https://www.datosabiertos.gob.pe/sites/default/files/seguro.catastrofico.csv,CSV,200,"Dom, 02/05/2017 - 22:33","Mié, 03/15/2017 - 17:02"
plan-nacional-de-renovación-de-cafetales,Plan Nacional de renovación de cafetales,Plataforma Nacional de Datos Abiertos,1,0,,,Active,https://www.datosabiertos.gob.pe/sites/default/files/Plan%20Nacional%20de%20renovaci%C3%B3n%20de%20cafetales%20a%202%2C016.xlsx,EXCEL,200,"Lun, 01/23/2017 - 16:54","Mié, 03/15/2017 - 17:02"
directorio-de-gestores-de-sierra-y-selva-exportadora,Directorio de Gestores de Sierra y Selva Exportadora,Plataforma Nacional de Datos Abiertos,1,2,,,Active,https://www.datosabiertos.gob.pe/sites/default/files/GESTORES.csv,CSV,200,"Mar, 02/07/2017 - 17:58","Mié, 03/08/2017 - 14:09"
boletín-estadístico-de-comercio-exterior-agrario,BOLETÍN ESTADÍSTICO DE COMERCIO EXTERIOR AGRARIO,Plataforma Nacional de Datos Abiertos,40,1,,,Active,https://www.datosabiertos.gob.pe/sites/default/files/recursos/2017/09/COMERCIO%20EXTERIOR%20AGRARIO%20ENERO%202017.pdf,PDF,200,"Lun, 02/06/2017 - 10:59","Mar, 11/07/2017 - 11:43"
boletín-agrícola-pecuario-y-avícola-2016,Boletín Agrícola Pecuario y Avícola  2016,Plataforma Nacional de Datos Abiertos,3,0,,,Active,https://www.datosabiertos.gob.pe/sites/default/files/BOLET%C3%8DN%20AGR%C3%8DCOLA%20PECUARIO%20y%20AV%C3%8DCOLA%20%20DICIEMBRE%202016.pdf,PDF,200,"Mié, 03/01/2017 - 14:18","Mié, 03/15/2017 - 11:35"
disponibilidad-y-precio-de-venta-de-reproductores-en-estaciones-experimentales-agrarias,DISPONIBILIDAD Y PRECIO DE VENTA DE REPRODUCTORES EN ESTACIONES EXPERIMENTALES AGRARIAS,Plataforma Nacional de Datos Abiertos,1,1,,,Active,https://www.datosabiertos.gob.pe/sites/default/files/DISPONIBILIDAD%20Y%20PRECIO%20DE%20VENTA%20DE%20REPRODUCTORES%20EN%20ESTACIONES%20EXPERIMENTALES%20AGRARIAS.xlsx,EXCEL,200,"Mar, 03/21/2017 - 11:31","Vie, 07/07/2017 - 20:07"
lista-de-visitas-al-psi-2017,Lista de Visitas al PSI - 2017,Plataforma Nacional de Datos Abiertos,2,3,,,Active,https://www.datosabiertos.gob.pe/sites/default/files/VISITAS%20ENERO%202017.xls,XLS,200,"Mar, 03/28/2017 - 09:29","Vie, 11/18/2022 - 10:41"
catastro-forestal-nivel-nacional-serfor,Catastro Forestal (Nivel Nacional) - SERFOR,Plataforma Nacional de Datos Abiertos,2,1,,,Active,https://www.datosabiertos.gob.pe/sites/default/files/Catastro%20Forestal%20Marzo%202017_0.zip,ARCGIS,200,"Lun, 04/10/2017 - 10:53","Mié, 02/12/2025 - 18:34"
sunarp-2-registro-de-bienes-muebles,SUNARP | 2. REGISTRO DE BIENES MUEBLES,Plataforma Nacional de Datos Abiertos,1,4,,,Active,https://www.gob.pe/institucion/sunarp/informes-publicaciones/1433955-2-registro-de-bienes-muebles-ogpp,,200,"Mié, 04/12/2017 - 16:28","Mié, 01/21/2026 - 17:55"
sunarp-1-registro-de-propiedad-inmueble,SUNARP | 1. REGISTRO DE PROPIEDAD INMUEBLE,Plataforma Nacional de Datos Abiertos,1,7,,,Active,https://www.gob.pe/institucion/sunarp/informes-publicaciones/1433948-1-registro-de-propiedad-inmueble-ogpp,DATA,200,"Mié, 04/12/2017 - 08:20","Mié, 01/21/2026 - 17:55"
sunarp-3-registro-de-personas-naturales,SUNARP | 3. REGISTRO DE PERSONAS NATURALES,Plataforma Nacional de Datos Abiertos,1,5,,,Active,https://www.gob.pe/institucion/sunarp/informes-publicaciones/1433961-3-registro-de-personas-naturales-ogpp,,200,"Mié, 04/12/2017 - 16:40","Mié, 01/21/2026 - 17:56"
sunarp-4-registro-de-personas-jurídicas,SUNARP | 4. REGISTRO DE PERSONAS JURÍDICAS,Plataforma Nacional de Datos Abiertos,1,4,,,Active,https://www.gob.pe/institucion/sunarp/informes-publicaciones/1433963-4-registro-de-personas-juridicas-ogpp,,200,"Mié, 04/12/2017 - 16:45","Mié, 01/21/2026 - 17:57"
sunarp-7-títulos-presentados-e-inscritos-consolidado-de-los-cuatro-registros,SUNARP | 7. TÍTULOS PRESENTADOS E INSCRITOS (CONSOLIDADO DE LOS CUATRO REGISTROS),Plataforma Nacional de Datos Abiertos,1,2,,,Active,https://www.gob.pe/institucion/sunarp/informes-publicaciones/1433973-7-titulos-presentados-e-inscritos-consolidados-de-los-cuatro-registros-ogpp,,200,"Mié, 04/12/2017 - 17:07","Mié, 01/21/2026 - 17:53"
sunarp-6-servicios-registrales,SUNARP | 6. SERVICIOS REGISTRALES,Plataforma Nacional de Datos Abiertos,1,1,,,Active,https://www.gob.pe/institucion/sunarp/informes-publicaciones/1433966-6-servicios-registrales-ogpp,,200,"Mié, 04/12/2017 - 17:04","Mié, 01/21/2026 - 17:58"
precios-por-productos-variedad-año-2017-kg,PRECIOS POR PRODUCTOS VARIEDAD AÑO 2017  KG.,Plataforma Nacional de Datos Abiertos,1,0,,,Active,https://www.datosabiertos.gob.pe/sites/default/files/prec.mensual.xlsx,XLSX,200,"Lun, 04/24/2017 - 12:33","Vie, 07/07/2017 - 20:07"
ingreso-diarios-de-precios-por-variedad-de-producto-en-kg-abril-2017,INGRESO DIARIOS DE PRECIOS POR VARIEDAD  DE PRODUCTO EN KG.  ABRIL  2017,Plataforma Nacional de Datos Abiertos,1,0,,,Active,https://www.datosabiertos.gob.pe/sites/default/files/PRC.ABRIL_.xlsx,XLSX,200,"Lun, 04/24/2017 - 12:24","Vie, 07/07/2017 - 20:07"
ingreso-diario-de-volumenes-tm-de-productos-al-gmml-del-01-al-18-de-abril-2017,INGRESO DIARIO DE VOLUMENES ( TM ) DE PRODUCTOS AL GMML	- DEL   01 AL 18   DE  ABRIL  2017,Plataforma Nacional de Datos Abiertos,1,0,,,Active,https://www.datosabiertos.gob.pe/sites/default/files/VOL.ABRIL_.xlsx,XLSX,200,"Lun, 04/24/2017 - 12:36","Vie, 07/07/2017 - 20:07"
volumenes-y-procedencias-del-producto-del-año-2017,VOLUMENES Y PROCEDENCIAS DEL PRODUCTO DEL AÑO: 2017,Plataforma Nacional de Datos Abiertos,1,0,,,Active,https://www.datosabiertos.gob.pe/sites/default/files/VOL.PROC_.PROD_..xlsx,XLSX,200,"Lun, 04/24/2017 - 12:38","Vie, 07/07/2017 - 20:07"
volumenes-de-producto-por-varieadad-tm-del-año-2017,VOLUMENES DE PRODUCTO POR VARIEADAD   TM. DEL AÑO 2017,Plataforma Nacional de Datos Abiertos,1,0,,,Active,https://www.datosabiertos.gob.pe/sites/default/files/VOL.PROD_..xlsx,XLSX,200,"Lun, 04/24/2017 - 12:39","Vie, 07/07/2017 - 20:07"
ingreso-diarios-de-precios-por-variedad-de-producto-en-kg-del-01-al-19-de-abril-2017,INGRESO DIARIOS DE PRECIOS POR VARIEDAD  DE PRODUCTO EN KG.  DEL 01 AL 19 DE ABRIL  2017,Plataforma Nacional de Datos Abiertos,1,0,,,Active,https://www.datosabiertos.gob.pe/sites/default/files/PRC.ABRIL__0.xlsx,XLSX,200,"Lun, 04/24/2017 - 15:43","Vie, 07/07/2017 - 20:07"
ingreso-diario-de-volumenes-tm-de-productos-al-gmml-del-01-al-19-de-abril-2017,INGRESO DIARIO DE VOLUMENES ( TM ) DE PRODUCTOS AL GMML DEL   01 AL 19   DE  ABRIL  2017,Plataforma Nacional de Datos Abiertos,1,0,,,Active,https://www.datosabiertos.gob.pe/sites/default/files/VOL.ABRIL__0.xlsx,XLSX,200,"Lun, 04/24/2017 - 15:39","Vie, 07/07/2017 - 20:07"
precios-por-productos-variedad-año-2017-kg-del-01-al-19-de-abril,PRECIOS POR PRODUCTOS VARIEDAD AÑO 2017  KG. DEL 01 AL 19 DE ABRIL,Plataforma Nacional de Datos Abiertos,1,0,,,Active,https://www.datosabiertos.gob.pe/sites/default/files/prec.mensual_0.xlsx,XLSX,200,"Lun, 04/24/2017 - 15:44","Vie, 07/07/2017 - 20:07"
volumenes-de-producto-por-varieadad-tm-del-01-al-19-de-abril-del-año-2017,VOLUMENES DE PRODUCTO POR VARIEADAD   TM. DEL 01 AL 19 DE ABRIL DEL AÑO 2017 ,Plataforma Nacional de Datos Abiertos,1,0,,,Active,https://www.datosabiertos.gob.pe/sites/default/files/VOL.PROD_._0.xlsx,XLSX,200,"Lun, 04/24/2017 - 15:47","Vie, 07/07/2017 - 20:07"
ingreso-diario-de-volumenes-tm-de-productos-al-gmml-del-01-al-20-de-abril-2017,INGRESO DIARIO DE VOLUMENES ( TM ) DE PRODUCTOS AL GMML DEL   01 AL 20  DE  ABRIL  2017,Plataforma Nacional de Datos Abiertos,1,0,,,Active,https://www.datosabiertos.gob.pe/sites/default/files/VOL.ABRIL__1.xlsx,XLSX,200,"Lun, 04/24/2017 - 15:53","Vie, 07/07/2017 - 20:07"
volumenes-y-procedencias-del-producto-del-año-2017-del-01-al-19-de-abril,VOLUMENES Y PROCEDENCIAS DEL PRODUCTO DEL AÑO:    2017 DEL 01 AL 19 DE ABRIL,Plataforma Nacional de Datos Abiertos,1,0,,,Active,https://www.datosabiertos.gob.pe/sites/default/files/VOL.PROC_.PROD_._0.xlsx,XLSX,200,"Lun, 04/24/2017 - 15:49","Vie, 07/07/2017 - 20:07"
precios-por-productos-variedad-del-01-al-20-de-abril-año-2017-kg,PRECIOS POR PRODUCTOS VARIEDAD DEL 01 AL 20 DE ABRIL  AÑO 2017  KG.,Plataforma Nacional de Datos Abiertos,1,0,,,Active,https://www.datosabiertos.gob.pe/sites/default/files/prec.mensual_1.xlsx,XLSX,200,"Lun, 04/24/2017 - 15:59","Vie, 07/07/2017 - 20:07"
sunarp-5-publicidad-registral,SUNARP | 5. PUBLICIDAD REGISTRAL,Plataforma Nacional de Datos Abiertos,1,2,,,Active,https://www.gob.pe/institucion/sunarp/informes-publicaciones/1433964-5-publicidad-registral-ogpp,,200,"Mié, 04/12/2017 - 17:00","Mié, 01/21/2026 - 17:57"
ingreso-diarios-de-precios-por-variedad-de-producto-en-kg-del-01-al-20-de-abril-2017,INGRESO DIARIOS DE PRECIOS POR VARIEDAD  DE PRODUCTO EN KG.  DEL 01 AL 20 DE ABRIL  2017,Plataforma Nacional de Datos Abiertos,1,0,,,Active,https://www.datosabiertos.gob.pe/sites/default/files/PRC.ABRIL__1.xlsx,XLSX,200,"Lun, 04/24/2017 - 15:54","Vie, 07/07/2017 - 20:07"
volumenes-y-procedencias-del-producto-del-01-al-20-del-año-2017,VOLUMENES Y PROCEDENCIAS DEL PRODUCTO DEL 01 AL 20 DEL AÑO:    2017,Plataforma Nacional de Datos Abiertos,1,0,,,Active,https://www.datosabiertos.gob.pe/sites/default/files/VOL.PROC_.PROD_._1.xlsx,XLSX,200,"Lun, 04/24/2017 - 16:04","Vie, 07/07/2017 - 20:07"
volumenes-de-producto-por-varieadad-tm-del-01-al-20-del-año-2017,VOLUMENES DE PRODUCTO POR VARIEADAD   TM. DEL 01 AL 20 DEL AÑO 2017,Plataforma Nacional de Datos Abiertos,1,0,,,Active,https://www.datosabiertos.gob.pe/sites/default/files/VOL.PROD_._1.xlsx,XLSX,200,"Lun, 04/24/2017 - 16:03","Vie, 07/07/2017 - 20:07"
ingreso-diarios-de-precios-por-variedad-de-producto-en-kg-del-01-al-21-de-abril-2017,INGRESO DIARIOS DE PRECIOS POR VARIEDAD  DE PRODUCTO EN KG. DEL 01 AL 21 DE ABRIL  2017,Plataforma Nacional de Datos Abiertos,1,0,,,Active,https://www.datosabiertos.gob.pe/sites/default/files/PRC.ABRIL__2.xlsx,XLSX,200,"Mar, 04/25/2017 - 08:23","Vie, 07/07/2017 - 20:07"
precios-por-productos-variedad-del-01-al-21-de-abril-del-año-2017-kg,PRECIOS POR PRODUCTOS VARIEDAD DEL 01 AL 21 DE ABRIL DEL AÑO 2017  KG.,Plataforma Nacional de Datos Abiertos,1,0,,,Active,https://www.datosabiertos.gob.pe/sites/default/files/prec.mensual_2.xlsx,XLSX,200,"Mar, 04/25/2017 - 08:25","Vie, 07/07/2017 - 20:07"
ingreso-diario-de-volumenes-tm-de-productos-al-gmml-del-01-al-21-de-abril-2017,INGRESO DIARIO DE VOLUMENES ( TM ) DE PRODUCTOS AL GMML DEL   01 AL 21  DE  ABRIL  2017,Plataforma Nacional de Datos Abiertos,1,0,,,Active,https://www.datosabiertos.gob.pe/sites/default/files/VOL.ABRIL__2.xlsx,XLSX,200,"Mar, 04/25/2017 - 08:21","Vie, 07/07/2017 - 20:07"
volumenes-de-producto-por-varieadad-tm-del-01-al-21-de-abril-del-año-2017,VOLUMENES DE PRODUCTO POR VARIEADAD   TM. DEL 01 AL 21 DE ABRIL DEL AÑO 2017,Plataforma Nacional de Datos Abiertos,1,0,,,Active,https://www.datosabiertos.gob.pe/sites/default/files/VOL.PROD_._2.xlsx,XLSX,200,"Mar, 04/25/2017 - 08:27","Vie, 07/07/2017 - 20:07"
ingreso-diarios-de-precios-por-variedad-de-producto-en-kg-del-01-al-24-de-abril-2017,INGRESO DIARIOS DE PRECIOS POR VARIEDAD  DE PRODUCTO EN KG.  DEL 01 AL 24 DE ABRIL  2017,Plataforma Nacional de Datos Abiertos,1,0,,,Active,https://www.datosabiertos.gob.pe/sites/default/files/PRC.ABRIL__3.xlsx,XLSX,200,"Mar, 04/25/2017 - 08:50","Vie, 07/07/2017 - 20:07"
ingreso-diario-de-volumenes-tm-de-productos-al-gmml-del-01-al-24-de-abril-2017,INGRESO DIARIO DE VOLUMENES ( TM ) DE PRODUCTOS AL GMML DEL   01 AL 24  DE  ABRIL  2017,Plataforma Nacional de Datos Abiertos,1,0,,,Active,https://www.datosabiertos.gob.pe/sites/default/files/VOL.ABRIL__3.xlsx,XLSX,200,"Mar, 04/25/2017 - 08:48","Vie, 07/07/2017 - 20:07"
volumenes-y-procedencias-del-producto-del-01-al-21-de-abril-del-año-2017,VOLUMENES Y PROCEDENCIAS DEL PRODUCTO DEL 01 AL 21 DE ABRIL DEL AÑO:    2017,Plataforma Nacional de Datos Abiertos,1,0,,,Active,https://www.datosabiertos.gob.pe/sites/default/files/VOL.PROC_.PROD_._2.xlsx,XLSX,200,"Mar, 04/25/2017 - 08:30","Vie, 07/07/2017 - 20:07"
volumenes-de-producto-por-varieadad-tm-del-01-al-24-de-abril-del-año-2017,VOLUMENES DE PRODUCTO POR VARIEADAD   TM. DEL 01 AL 24 DE ABRIL DEL AÑO 2017,Plataforma Nacional de Datos Abiertos,1,0,,,Active,https://www.datosabiertos.gob.pe/sites/default/files/VOL.PROD_._3.xlsx,XLSX,200,"Mar, 04/25/2017 - 09:01","Vie, 07/07/2017 - 20:07"
volumenes-y-procedencias-del-producto-del-01-al-24-de-abril-del-año-2017,VOLUMENES Y PROCEDENCIAS DEL PRODUCTO DEL 01 AL 24 DE ABRIL DEL AÑO:    2017,Plataforma Nacional de Datos Abiertos,1,0,,,Active,https://www.datosabiertos.gob.pe/sites/default/files/VOL.PROC_.PROD_._3.xlsx,XLSX,200,"Mar, 04/25/2017 - 09:03","Vie, 07/07/2017 - 20:07"
precios-por-productos-variedad-del-01-al-24-de-abril-del-año-2017-kg,PRECIOS POR PRODUCTOS VARIEDAD DEL 01 AL 24 DE ABRIL DEL AÑO 2017  KG.,Plataforma Nacional de Datos Abiertos,1,0,,,Active,https://www.datosabiertos.gob.pe/sites/default/files/prec.mensual_3.xlsx,XLSX,200,"Mar, 04/25/2017 - 08:54","Vie, 07/07/2017 - 20:07"
ingreso-diario-de-volumenes-tm-de-productos-al-gmml-del-01-al-25-de-abril-2017,INGRESO DIARIO DE VOLUMENES ( TM ) DE PRODUCTOS AL GMML DEL   01 AL 25  DE  ABRIL  2017,Plataforma Nacional de Datos Abiertos,1,0,,,Active,https://www.datosabiertos.gob.pe/sites/default/files/VOL.ABRIL__4.xlsx,XLSX,200,"Mar, 04/25/2017 - 14:33","Vie, 07/07/2017 - 20:07"
volumenes-de-producto-por-varieadad-tm-del-01-al-25-de-abril-del-año-2017,VOLUMENES DE PRODUCTO POR VARIEADAD   TM. DEL 01 AL 25 DE ABRIL DEL AÑO 2017,Plataforma Nacional de Datos Abiertos,1,0,,,Active,https://www.datosabiertos.gob.pe/sites/default/files/VOL.PROD_._4.xlsx,XLSX,200,"Mar, 04/25/2017 - 14:40","Vie, 07/07/2017 - 20:07"
ingreso-diarios-de-precios-por-variedad-de-producto-en-kg-del-01-al-25-de-abril-2017,INGRESO DIARIOS DE PRECIOS POR VARIEDAD  DE PRODUCTO EN KG.  DEL 01 AL 25 DE ABRIL  2017,Plataforma Nacional de Datos Abiertos,1,0,,,Active,https://www.datosabiertos.gob.pe/sites/default/files/PRC.ABRIL__4.xlsx,XLSX,200,"Mar, 04/25/2017 - 14:35","Vie, 07/07/2017 - 20:07"
ingreso-diario-de-volumenes-tm-de-productos-al-gmml-del-01-al-26-de-abril-2017,INGRESO DIARIO DE VOLUMENES ( TM ) DE PRODUCTOS AL GMML DEL   01 AL 26  DE  ABRIL  2017,Plataforma Nacional de Datos Abiertos,1,0,,,Active,https://www.datosabiertos.gob.pe/sites/default/files/VOL.ABRIL__5.xlsx,XLSX,200,"Mié, 04/26/2017 - 12:40","Vie, 07/07/2017 - 20:07"
precios-por-productos-variedad-del-01-al-25-de-abril-del-año-2017-kg,PRECIOS POR PRODUCTOS VARIEDAD DEL 01 AL 25 DE ABRIL DEL AÑO 2017  KG.,Plataforma Nacional de Datos Abiertos,1,0,,,Active,https://www.datosabiertos.gob.pe/sites/default/files/prec.mensual_4.xlsx,XLSX,200,"Mar, 04/25/2017 - 14:38","Vie, 07/07/2017 - 20:07"
volumenes-y-procedencias-del-producto-del-01-al-25-de-abril-del-año-2017,VOLUMENES Y PROCEDENCIAS DEL PRODUCTO DEL 01 AL 25 DE ABRIL DEL AÑO:    2017,Plataforma Nacional de Datos Abiertos,1,0,,,Active,https://www.datosabiertos.gob.pe/sites/default/files/VOL.PROC_.PROD_._4.xlsx,XLSX,200,"Mar, 04/25/2017 - 14:42","Vie, 07/07/2017 - 20:07"
precios-por-productos-variedad-del-01-al-26-de-abril-del-año-2017-kg,PRECIOS POR PRODUCTOS VARIEDAD DEL 01 AL 26 DE ABRIL DEL AÑO 2017  KG.,Plataforma Nacional de Datos Abiertos,1,0,,,Active,https://www.datosabiertos.gob.pe/sites/default/files/prec.mensual_5.xlsx,XLSX,200,"Mié, 04/26/2017 - 12:44","Vie, 07/07/2017 - 20:07"
ingreso-diarios-de-precios-por-variedad-de-producto-en-kg-del-01-al-26-de-abril-2017,INGRESO DIARIOS DE PRECIOS POR VARIEDAD  DE PRODUCTO EN KG.  DEL 01 AL 26 DE ABRIL  2017,Plataforma Nacional de Datos Abiertos,1,0,,,Active,https://www.datosabiertos.gob.pe/sites/default/files/PRC.ABRIL__5.xlsx,XLSX,200,"Mié, 04/26/2017 - 12:41","Vie, 07/07/2017 - 20:07"
volumenes-y-procedencias-del-producto-del-01-al-26-de-abril-del-año-2017,VOLUMENES Y PROCEDENCIAS DEL PRODUCTO DEL 01 AL 26 DE ABRIL DEL AÑO:    2017,Plataforma Nacional de Datos Abiertos,1,0,,,Active,https://www.datosabiertos.gob.pe/sites/default/files/VOL.PROC_.PROD_._5.xlsx,XLSX,200,"Mié, 04/26/2017 - 12:48","Vie, 07/07/2017 - 20:07"
volumenes-de-producto-por-varieadad-tm-del-01-al-26-de-abril-del-año-2017,VOLUMENES DE PRODUCTO POR VARIEADAD   TM. DEL 01 AL 26 DE ABRIL DEL AÑO 2017,Plataforma Nacional de Datos Abiertos,1,0,,,Active,https://www.datosabiertos.gob.pe/sites/default/files/VOL.PROD_._5.xlsx,XLSX,200,"Mié, 04/26/2017 - 12:46","Vie, 07/07/2017 - 20:07"
ingreso-diario-de-volumenes-tm-de-productos-al-gmml-del-01-al-27-de-abril-2017,INGRESO DIARIO DE VOLUMENES ( TM ) DE PRODUCTOS AL GMML DEL   01 AL 27  DE  ABRIL  2017,Plataforma Nacional de Datos Abiertos,1,0,,,Active,https://www.datosabiertos.gob.pe/sites/default/files/VOL.ABRIL__6.xlsx,XLSX,200,"Jue, 04/27/2017 - 14:33","Vie, 07/07/2017 - 20:07"
volumenes-de-producto-por-varieadad-tm-del-01-al-27-de-abril-del-año-2017,VOLUMENES DE PRODUCTO POR VARIEADAD   TM. DEL 01 AL 27 DE ABRIL DEL AÑO 2017,Plataforma Nacional de Datos Abiertos,1,0,,,Active,https://www.datosabiertos.gob.pe/sites/default/files/VOL.PROD_._6.xlsx,XLSX,200,"Jue, 04/27/2017 - 14:40","Vie, 07/07/2017 - 20:07"
precios-por-productos-variedad-del-01-al-27-de-abril-del-año-2017-kg,PRECIOS POR PRODUCTOS VARIEDAD DEL 01 AL 27 DE ABRIL DEL AÑO 2017  KG.,Plataforma Nacional de Datos Abiertos,1,0,,,Active,https://www.datosabiertos.gob.pe/sites/default/files/prec.mensual_6.xlsx,XLSX,200,"Jue, 04/27/2017 - 14:39","Vie, 07/07/2017 - 20:07"
ingreso-diarios-de-precios-por-variedad-de-producto-en-kg-del-01-al-27-de-abril-del-2017,INGRESO DIARIOS DE PRECIOS POR VARIEDAD  DE PRODUCTO EN KG.  DEL 01 AL 27 DE ABRIL DEL 2017,Plataforma Nacional de Datos Abiertos,1,0,,,Active,https://www.datosabiertos.gob.pe/sites/default/files/PRC.ABRIL__6.xlsx,XLSX,200,"Jue, 04/27/2017 - 14:34","Vie, 07/07/2017 - 20:07"
ingreso-diario-de-volumenes-tm-de-productos-al-gmml-del-01-al-28-de-abril-2017,INGRESO DIARIO DE VOLUMENES ( TM ) DE PRODUCTOS AL GMML DEL   01 AL 28  DE  ABRIL  2017,Plataforma Nacional de Datos Abiertos,1,0,,,Active,https://www.datosabiertos.gob.pe/sites/default/files/VOL.ABRIL__7.xlsx,XLSX,200,"Vie, 04/28/2017 - 12:02","Vie, 07/07/2017 - 20:07"
volumenes-y-procedencias-del-producto-del-01-al-27-de-abril-del-año-2017,VOLUMENES Y PROCEDENCIAS DEL PRODUCTO DEL 01 AL 27 DE ABRIL DEL AÑO:    2017,Plataforma Nacional de Datos Abiertos,1,0,,,Active,https://www.datosabiertos.gob.pe/sites/default/files/VOL.PROC_.PROD_._6.xlsx,XLSX,200,"Jue, 04/27/2017 - 14:41","Vie, 07/07/2017 - 20:07"
precios-por-productos-variedad-del-01-al-28-de-abril-del-año-2017-kg,PRECIOS POR PRODUCTOS VARIEDAD DEL 01 AL 28 DE ABRIL DEL AÑO 2017  KG.,Plataforma Nacional de Datos Abiertos,1,0,,,Active,https://www.datosabiertos.gob.pe/sites/default/files/prec.mensual_7.xlsx,XLSX,200,"Vie, 04/28/2017 - 12:09","Vie, 07/07/2017 - 20:07"
ingreso-diarios-de-precios-por-variedad-de-producto-en-kg-del-01-al-28-de-abril-2017,INGRESO DIARIOS DE PRECIOS POR VARIEDAD  DE PRODUCTO EN KG.  DEL 01 AL 28 DE ABRIL 2017,Plataforma Nacional de Datos Abiertos,1,0,,,Active,https://www.datosabiertos.gob.pe/sites/default/files/PRC.ABRIL__7.xlsx,XLSX,200,"Vie, 04/28/2017 - 12:05","Vie, 07/07/2017 - 20:07"
volumenes-de-producto-por-varieadad-tm-del-01-al-28-de-abril-del-año-2017,VOLUMENES DE PRODUCTO POR VARIEADAD   TM. DEL 01 AL 28 DE ABRIL DEL AÑO 2017,Plataforma Nacional de Datos Abiertos,1,0,,,Active,https://www.datosabiertos.gob.pe/sites/default/files/VOL.PROD_._7.xlsx,XLSX,200,"Vie, 04/28/2017 - 12:10","Vie, 07/07/2017 - 20:07"
documentos-normativos,Documentos normativos,Plataforma Nacional de Datos Abiertos,1,3,,,Active,https://www.datosabiertos.gob.pe/sites/default/files/documentos-normativos.csv,CSV,200,"Mar, 05/02/2017 - 15:34","Vie, 06/12/2026 - 10:31"
convenios-interinstitucionales-del-pronabec,Convenios interinstitucionales del Pronabec,Plataforma Nacional de Datos Abiertos,1,3,,,Active,https://www.datosabiertos.gob.pe/sites/default/files/convenios-interinstitucionales.csv,CSV,200,"Mar, 05/02/2017 - 15:48","Vie, 06/12/2026 - 10:32"
volumenes-y-procedencias-del-producto-del-01-al-28-de-abril-del-año-2017,VOLUMENES Y PROCEDENCIAS DEL PRODUCTO DEL 01 AL 28 DE ABRIL DEL AÑO:    2017,Plataforma Nacional de Datos Abiertos,1,0,,,Active,https://www.datosabiertos.gob.pe/sites/default/files/VOL.PROC_.PROD_._7.xlsx,XLSX,200,"Vie, 04/28/2017 - 12:11","Vie, 07/07/2017 - 20:07"
convocatorias-cas-del-pronabec,Convocatorias CAS del Pronabec,Plataforma Nacional de Datos Abiertos,1,2,,,Active,https://www.datosabiertos.gob.pe/sites/default/files/convocatoria-cas-del-pronabec.csv,CSV,200,"Mar, 05/02/2017 - 15:59","Vie, 06/12/2026 - 10:32"
notas-de-prensa-del-pronabec,Notas de Prensa del Pronabec,Plataforma Nacional de Datos Abiertos,1,2,,,Active,https://www.datosabiertos.gob.pe/sites/default/files/notas-de-prensa-del-pronabec.csv,CSV,200,"Mar, 05/02/2017 - 16:09","Vie, 06/12/2026 - 10:34"
procesos-de-adquisición-y-contratación-del-pronabec,Procesos de Adquisición y Contratación del Pronabec,Plataforma Nacional de Datos Abiertos,1,4,,,Active,https://www.datosabiertos.gob.pe/sites/default/files/procesos-de-adquisicion-y-contratacion.csv,CSV,200,"Mar, 05/02/2017 - 16:15","Vie, 06/12/2026 - 10:35"
entidades-carreras-y-áreas-participantes-en-crédito-18-del-pronabec,"Entidades, Carreras y Áreas participantes en Crédito 18 del Pronabec",Plataforma Nacional de Datos Abiertos,1,4,,,Active,https://www.datosabiertos.gob.pe/sites/default/files/entidad-carrera-area-credito18.csv,CSV,200,"Mar, 05/02/2017 - 16:49","Vie, 06/12/2026 - 10:37"
publicaciones-del-pronabec,Publicaciones del Pronabec,Plataforma Nacional de Datos Abiertos,1,2,,,Active,https://www.datosabiertos.gob.pe/sites/default/files/publicaciones-del-pronabec.csv,CSV,200,"Mar, 05/02/2017 - 16:32","Vie, 06/12/2026 - 10:36"
monedas-de-subvención-pronabec,Monedas de Subvención - PRONABEC,Plataforma Nacional de Datos Abiertos,4,3,,,Active,https://www.datosabiertos.gob.pe/sites/default/files/monedas-de-la-subvencion.csv,CSV,200,"Mar, 05/02/2017 - 16:41","Lun, 08/03/2026 - 19:58"
premios-obtenidos-por-el-pronabec,Premios Obtenidos por el Pronabec,Plataforma Nacional de Datos Abiertos,1,2,,,Active,https://www.datosabiertos.gob.pe/sites/default/files/premios-y-reconocimientos.csv,CSV,200,"Mar, 05/02/2017 - 16:56","Jue, 07/06/2017 - 19:55"
asistencia-la-feria-expoempleo-2015-del-pronabec,Asistencia a la Feria Expoempleo 2015 del Pronabec,Plataforma Nacional de Datos Abiertos,1,2,,,Active,https://www.datosabiertos.gob.pe/sites/default/files/asistencia-feria-expoempleo.csv,CSV,200,"Mar, 05/02/2017 - 17:21","Jue, 07/06/2017 - 19:55"
resoluciones-directorales-ejecutivas-del-pronabec,Resoluciones Directorales Ejecutivas del Pronabec,Plataforma Nacional de Datos Abiertos,1,5,,,Active,https://www.datosabiertos.gob.pe/sites/default/files/rde.csv,CSV,200,"Mar, 05/02/2017 - 17:12","Vie, 06/12/2026 - 10:38"
capacitaciones-realizadas-en-el-pronabec,Capacitaciones realizadas en el Pronabec,Plataforma Nacional de Datos Abiertos,1,2,,,Active,https://www.datosabiertos.gob.pe/sites/default/files/capacitaciones.csv,CSV,200,"Mié, 05/03/2017 - 08:37","Vie, 06/12/2026 - 10:39"
conceptos-de-pago-de-las-subvenciones-de-becas-del-pronabec,Conceptos de pago de las subvenciones de becas del Pronabec,Plataforma Nacional de Datos Abiertos,2,4,,,Active,https://www.datosabiertos.gob.pe/sites/default/files/concepto-de-pago-de-subvenciones.csv,CSV,200,"Mié, 05/03/2017 - 08:53","Mar, 09/12/2017 - 17:09"
ubigeo-del-postulante-becas-pronabec,Ubigeo del Postulante a Becas - PRONABEC,Plataforma Nacional de Datos Abiertos,3,4,,,Active,https://www.datosabiertos.gob.pe/sites/default/files/Dataset%20Ubigeo%20del%20Postulante%20a%20Becas.csv,.CSV,200,"Mié, 05/03/2017 - 09:06","Mié, 06/17/2026 - 17:15"
perfil-del-personal-del-pronabec,Perfil del Personal del Pronabec,Plataforma Nacional de Datos Abiertos,1,1,,,Active,https://www.datosabiertos.gob.pe/sites/default/files/perfil-profesional-del-pronabec.csv,CSV,200,"Mié, 05/03/2017 - 09:22","Vie, 06/12/2026 - 10:41"
estados-del-becario-del-pronabec,Estados del Becario del Pronabec,Plataforma Nacional de Datos Abiertos,1,2,,,Active,https://www.datosabiertos.gob.pe/sites/default/files/estados-del-becario.csv,CSV,200,"Mié, 05/03/2017 - 09:27","Vie, 06/12/2026 - 10:40"
precios-por-productos-variedad-año-del-01-al-30-de-abril-del-2017-kg,PRECIOS POR PRODUCTOS VARIEDAD AÑO DEL 01 AL 30 DE ABRIL DEL 2017  KG.,Plataforma Nacional de Datos Abiertos,1,0,,,Active,https://www.datosabiertos.gob.pe/sites/default/files/prec.mensual_8.xlsx,XLSX,200,"Mié, 05/03/2017 - 14:36","Vie, 07/07/2017 - 20:07"
ingreso-diario-de-volumenes-tm-de-productos-al-gmml-del-01-al-30-de-abril-2017,INGRESO DIARIO DE VOLUMENES ( TM ) DE PRODUCTOS AL GMML	DEL   01 AL  30  DE  ABRIL  2017,Plataforma Nacional de Datos Abiertos,1,0,,,Active,https://www.datosabiertos.gob.pe/sites/default/files/VOL.ABRIL__8.xlsx,XLSX,200,"Mié, 05/03/2017 - 14:29","Vie, 07/07/2017 - 20:07"
estadística-de-la-producción-de-los-principales-productos-metálicos-y-no-metálicos-nivel,Estadística de la producción de los principales productos metálicos y no metálicos a nivel nacional,Plataforma Nacional de Datos Abiertos,1,2,,,Active,http://www.minem.gob.pe/_estadisticaSector.php?idSector=1&idCategoria=10,APPLICATION/VND,200,"Mié, 05/03/2017 - 11:33","Vie, 02/22/2019 - 19:03"
ingreso-diarios-de-precios-por-variedad-de-producto-en-kg-del-01-al-30-de-abril-del-2017,INGRESO DIARIOS DE PRECIOS POR VARIEDAD  DE PRODUCTO EN KG. DEL 01 AL 30 DE ABRIL DEL 2017,Plataforma Nacional de Datos Abiertos,1,0,,,Active,https://www.datosabiertos.gob.pe/sites/default/files/PREC.ABRIL_.xlsx,XLSX,200,"Mié, 05/03/2017 - 14:34","Vie, 07/07/2017 - 20:07"
volumenes-de-producto-por-varieadad-tm-del-01-al-30-de-abril-del-año-2017,VOLUMENES DE PRODUCTO POR VARIEADAD   TM. DEL 01 AL 30 DE ABRIL DEL AÑO 2017,Plataforma Nacional de Datos Abiertos,1,0,,,Active,https://www.datosabiertos.gob.pe/sites/default/files/VOL.PROD_._8.xlsx,XLSX,200,"Mié, 05/03/2017 - 14:38","Vie, 07/07/2017 - 20:07"
ingreso-diario-de-volumenes-tm-de-productos-al-gmml-del-01-al-03-de-mayo-2017,INGRESO DIARIO DE VOLUMENES ( TM ) DE PRODUCTOS AL GMML DEL   01  AL  03  DE  MAYO  2017,Plataforma Nacional de Datos Abiertos,0,0,,,Active,,,,"Mié, 05/03/2017 - 14:43","Vie, 07/07/2017 - 17:38"
volumenes-y-procedencias-del-producto-del-año-del-01-al-30-de-abril-del-2017,VOLUMENES Y PROCEDENCIAS DEL PRODUCTO DEL AÑO:  DEL 01 AL 30 DE ABRIL DEL 2017,Plataforma Nacional de Datos Abiertos,1,0,,,Active,https://www.datosabiertos.gob.pe/sites/default/files/VOL.PROC_.PROD_._8.xlsx,XLSX,200,"Mié, 05/03/2017 - 14:41","Vie, 07/07/2017 - 20:07"
ingreso-diarios-de-precios-por-variedad-de-producto-en-kg-del-01-al-03-de-mayo-del-2017,INGRESO DIARIOS DE PRECIOS POR VARIEDAD  DE PRODUCTO EN KG. DEL 01 AL 03 DE MAYO DEL 2017,Plataforma Nacional de Datos Abiertos,1,0,,,Active,https://www.datosabiertos.gob.pe/sites/default/files/PRC.MAYO_.xlsx,XLSX,200,"Mié, 05/03/2017 - 14:47","Vie, 07/07/2017 - 20:07"
volumenes-de-producto-por-varieadad-tm-del-01-al-03-de-mayo-del-año-2017,VOLUMENES DE PRODUCTO POR VARIEADAD   TM. DEL 01 AL 03 DE MAYO DEL AÑO 2017,Plataforma Nacional de Datos Abiertos,0,0,,,Active,,,,"Mié, 05/03/2017 - 14:50","Vie, 07/07/2017 - 17:38"
precios-por-productos-variedad-del-01-al-03-de-mayo-del-año-2017-kg,PRECIOS POR PRODUCTOS VARIEDAD DEL 01 AL 03 DE MAYO DEL AÑO 2017  KG.,Plataforma Nacional de Datos Abiertos,1,0,,,Active,https://www.datosabiertos.gob.pe/sites/default/files/prec.mensual_9.xlsx,XLSX,200,"Mié, 05/03/2017 - 14:48","Vie, 07/07/2017 - 20:07"
ingreso-diarios-de-precios-por-variedad-de-producto-en-kg-del-01-al-04-de-mayo-del-2017,INGRESO DIARIOS DE PRECIOS POR VARIEDAD  DE PRODUCTO EN KG.  DEL 01 AL 04 DE MAYO DEL 2017,Plataforma Nacional de Datos Abiertos,1,0,,,Active,https://www.datosabiertos.gob.pe/sites/default/files/PRC.MAYO__0.xlsx,XLSX,200,"Jue, 05/04/2017 - 12:57","Vie, 07/07/2017 - 20:07"
ingreso-diario-de-volumenes-tm-de-productos-al-gmml-del-01-al-04-de-mayo-2017,INGRESO DIARIO DE VOLUMENES ( TM ) DE PRODUCTOS AL GMML DEL   01  AL  04  DE  MAYO  2017,Plataforma Nacional de Datos Abiertos,1,0,,,Active,https://www.datosabiertos.gob.pe/sites/default/files/VOL.MAYO_.xlsx,XLSX,200,"Jue, 05/04/2017 - 12:56","Vie, 07/07/2017 - 20:07"
precios-por-productos-variedad-del-01-al-04-de-mayo-del-año-2017-kg,PRECIOS POR PRODUCTOS VARIEDAD DEL 01 AL 04 DE MAYO DEL AÑO 2017  KG.,Plataforma Nacional de Datos Abiertos,1,0,,,Active,https://www.datosabiertos.gob.pe/sites/default/files/prec.mensual_10.xlsx,XLSX,200,"Jue, 05/04/2017 - 12:58","Vie, 07/07/2017 - 20:07"
precios-por-productos-variedad-del-01-al-05-de-mayo-del-año-2017-kg,PRECIOS POR PRODUCTOS VARIEDAD DEL 01 AL 05 DE MAYO DEL AÑO 2017  KG.,Plataforma Nacional de Datos Abiertos,1,0,,,Active,https://www.datosabiertos.gob.pe/sites/default/files/prec.mensual_11.xlsx,XLSX,200,"Vie, 05/05/2017 - 12:27","Vie, 07/07/2017 - 20:07"
volumenes-y-procedencias-del-producto-del-01-al-03-de-mayo-del-año-2017,VOLUMENES Y PROCEDENCIAS DEL PRODUCTO DEL 01 AL 03 DE MAYO DEL AÑO:    2017,Plataforma Nacional de Datos Abiertos,1,0,,,Active,https://www.datosabiertos.gob.pe/sites/default/files/VOL.PROC_.PROD_._9.xlsx,XLSX,200,"Mié, 05/03/2017 - 14:55","Vie, 07/07/2017 - 20:07"
volumenes-y-procedencias-del-producto-del-01-al-04-de-mayo-del-año-2017,VOLUMENES Y PROCEDENCIAS DEL PRODUCTO DEL 01 AL 04 DE MAYO DEL AÑO:    2017,Plataforma Nacional de Datos Abiertos,1,0,,,Active,https://www.datosabiertos.gob.pe/sites/default/files/VOL.PROC_.PROD_._10.xlsx,XLSX,200,"Jue, 05/04/2017 - 12:59","Vie, 07/07/2017 - 20:07"
ingreso-diarios-de-precios-por-variedad-de-producto-en-kg-del-01-al-05-de-mayo-2017,INGRESO DIARIOS DE PRECIOS POR VARIEDAD  DE PRODUCTO EN KG.  DEL 01 AL 05 DE MAYO 2017,Plataforma Nacional de Datos Abiertos,1,0,,,Active,https://www.datosabiertos.gob.pe/sites/default/files/PRC.MAYO__1.xlsx,XLSX,200,"Vie, 05/05/2017 - 12:23","Vie, 07/07/2017 - 20:07"
ingreso-diario-de-volumenes-tm-de-productos-al-gmml-del-01-al-05-de-mayo-2017,INGRESO DIARIO DE VOLUMENES ( TM ) DE PRODUCTOS AL GMML DEL   01  AL  05  DE  MAYO  2017,Plataforma Nacional de Datos Abiertos,1,0,,,Active,https://www.datosabiertos.gob.pe/sites/default/files/VOL.MAYO__0.xlsx,XLSX,200,"Vie, 05/05/2017 - 12:21","Vie, 07/07/2017 - 20:07"
volumenes-de-producto-por-varieadad-tm-del-01-al-05-de-mayo-del-año-2017,VOLUMENES DE PRODUCTO POR VARIEADAD   TM. DEL 01 AL 05 DE MAYO DEL AÑO 2017,Plataforma Nacional de Datos Abiertos,1,0,,,Active,https://www.datosabiertos.gob.pe/sites/default/files/VOL.PROD_._10.xlsx,XLSX,200,"Vie, 05/05/2017 - 12:35","Vie, 07/07/2017 - 20:07"
volumenes-de-producto-por-varieadad-tm-del-01-al-04-de-mayo-del-año-2017,VOLUMENES DE PRODUCTO POR VARIEADAD   TM. DEL 01 AL 04 DE MAYO DEL AÑO 2017,Plataforma Nacional de Datos Abiertos,1,0,,,Active,https://www.datosabiertos.gob.pe/sites/default/files/VOL.PROD_._9.xlsx,XLSX,200,"Jue, 05/04/2017 - 12:59","Vie, 07/07/2017 - 20:07"
volumenes-y-procedencias-del-producto-del-01-al-05-de-mayo-del-año-2017,VOLUMENES Y PROCEDENCIAS DEL PRODUCTO DEL 01 AL 05 DE MAYO DEL AÑO:    2017,Plataforma Nacional de Datos Abiertos,1,0,,,Active,https://www.datosabiertos.gob.pe/sites/default/files/VOL.PROC_.PROD_._11.xlsx,XLSX,200,"Vie, 05/05/2017 - 12:37","Vie, 07/07/2017 - 20:07"
pueblos-formalizados-al-05-de-mayo-del-2017,PUEBLOS FORMALIZADOS AL 05 DE MAYO DEL 2017,Plataforma Nacional de Datos Abiertos,0,1,,,Active,,,,"Lun, 05/08/2017 - 09:28","Vie, 07/23/2021 - 16:21"
ingreso-diario-de-volumenes-tm-de-productos-al-gmml-del-01-al-08-de-mayo-2017,INGRESO DIARIO DE VOLUMENES ( TM ) DE PRODUCTOS AL GMML	DEL   01  AL  08  DE  MAYO  2017,Plataforma Nacional de Datos Abiertos,1,0,,,Active,https://www.datosabiertos.gob.pe/sites/default/files/VOL.MAYO__1.xlsx,XLSX,200,"Lun, 05/08/2017 - 14:41","Vie, 07/07/2017 - 20:07"
ingreso-diarios-de-precios-por-variedad-de-producto-en-kg-del-01-al-08-de-mayo-2017,INGRESO DIARIOS DE PRECIOS POR VARIEDAD  DE PRODUCTO EN KG.  DEL 01 AL 08 DE MAYO 2017,Plataforma Nacional de Datos Abiertos,1,0,,,Active,https://www.datosabiertos.gob.pe/sites/default/files/PRC.MAYO__2.xlsx,XLSX,200,"Lun, 05/08/2017 - 14:42","Vie, 07/07/2017 - 20:07"
precios-por-productos-variedad-del-01-al-08-de-mayo-del-año-2017-kg,PRECIOS POR PRODUCTOS VARIEDAD DEL 01 AL 08 DE MAYO DEL AÑO 2017  KG.,Plataforma Nacional de Datos Abiertos,2,0,,,Active,https://www.datosabiertos.gob.pe/sites/default/files/prec.mensual_12.xlsx,XLSX,200,"Lun, 05/08/2017 - 14:44","Vie, 07/07/2017 - 20:07"
volumenes-y-procedencias-del-producto-del-01-al-08-de-mayo-del-año-2017,VOLUMENES Y PROCEDENCIAS DEL PRODUCTO DEL 01 AL 08 DE MAYO DEL AÑO:    2017,Plataforma Nacional de Datos Abiertos,1,0,,,Active,https://www.datosabiertos.gob.pe/sites/default/files/VOL.PROC_.PROD_._12.xlsx,XLSX,200,"Lun, 05/08/2017 - 14:49","Vie, 07/07/2017 - 20:07"
volumenes-de-producto-por-varieadad-tm-del-01-al-08-de-mayo-del-año-2017,VOLUMENES DE PRODUCTO POR VARIEADAD   TM. DEL 01 AL 08 DE MAYO DEL AÑO 2017,Plataforma Nacional de Datos Abiertos,1,0,,,Active,https://www.datosabiertos.gob.pe/sites/default/files/VOL.PROD_._11.xlsx,XLSX,200,"Lun, 05/08/2017 - 14:48","Vie, 07/07/2017 - 20:07"
ingreso-diario-de-volumenes-tm-de-productos-al-gmml-del-01-al-09-de-mayo-2017,INGRESO DIARIO DE VOLUMENES ( TM ) DE PRODUCTOS AL GMML DEL   01  AL  09  DE  MAYO  2017,Plataforma Nacional de Datos Abiertos,1,0,,,Active,https://www.datosabiertos.gob.pe/sites/default/files/recursos/2017/05/VOL.MAYO_.xlsx,XLSX,200,"Mar, 05/09/2017 - 12:46","Vie, 07/07/2017 - 20:07"
precios-por-productos-variedad-del-01-al-09-de-mayo-del-año-2017-kg,PRECIOS POR PRODUCTOS VARIEDAD DEL 01 AL 09 DE MAYO DEL AÑO 2017  KG.,Plataforma Nacional de Datos Abiertos,1,0,,,Active,https://www.datosabiertos.gob.pe/sites/default/files/recursos/2017/05/prec.mensual.xlsx,XLSX,200,"Mar, 05/09/2017 - 12:47","Vie, 07/07/2017 - 20:07"
ingreso-diarios-de-precios-por-variedad-de-producto-en-kg-del-01-al-09-de-mayo-2017,INGRESO DIARIOS DE PRECIOS POR VARIEDAD  DE PRODUCTO EN KG.  DEL 01 AL 09 DE MAYO 2017,Plataforma Nacional de Datos Abiertos,1,0,,,Active,https://www.datosabiertos.gob.pe/sites/default/files/recursos/2017/05/PRC.MAYO_.xlsx,XLSX,200,"Mar, 05/09/2017 - 12:47","Vie, 07/07/2017 - 20:07"
volumenes-de-producto-por-varieadad-tm-del-01-al-09-de-mayo-del-año-2017,VOLUMENES DE PRODUCTO POR VARIEADAD   TM. DEL 01 AL 09 DE MAYO DEL AÑO 2017,Plataforma Nacional de Datos Abiertos,1,0,,,Active,https://www.datosabiertos.gob.pe/sites/default/files/recursos/2017/05/VOL.PROD_..xlsx,XLSX,200,"Mar, 05/09/2017 - 12:49","Vie, 07/07/2017 - 20:07"
volumenes-y-procedencias-del-producto-del-01-al-09-de-mayo-del-año-2017,VOLUMENES Y PROCEDENCIAS DEL PRODUCTO DEL 01 AL 09 DE MAYO DEL AÑO:    2017,Plataforma Nacional de Datos Abiertos,1,0,,,Active,https://www.datosabiertos.gob.pe/sites/default/files/recursos/2017/05/VOL.PROC_.PROD_..xlsx,XLSX,200,"Mar, 05/09/2017 - 12:50","Vie, 07/07/2017 - 20:07"
ingreso-diario-de-volumenes-tm-de-productos-al-gmml-del-01-al-10-de-mayo-2017,INGRESO DIARIO DE VOLUMENES ( TM ) DE PRODUCTOS AL GMML	DEL   01  AL  10  DE  MAYO  2017,Plataforma Nacional de Datos Abiertos,1,0,,,Active,https://www.datosabiertos.gob.pe/sites/default/files/recursos/2017/05/VOL.MAYO__0.xlsx,XLSX,200,"Mié, 05/10/2017 - 12:51","Vie, 07/07/2017 - 20:07"
ingreso-diarios-de-precios-por-variedad-de-producto-en-kg-del-01-al-10-de-mayo-2017,INGRESO DIARIOS DE PRECIOS POR VARIEDAD  DE PRODUCTO EN KG.  DEL 01 AL 10 DE MAYO 2017,Plataforma Nacional de Datos Abiertos,1,0,,,Active,https://www.datosabiertos.gob.pe/sites/default/files/recursos/2017/05/PRC.MAYO__0.xlsx,XLSX,200,"Mié, 05/10/2017 - 12:52","Vie, 07/07/2017 - 20:07"
precios-por-productos-variedad-del-01-al-10-de-mayo-del-año-2017-kg,PRECIOS POR PRODUCTOS VARIEDAD DEL 01 AL 10 DE MAYO DEL AÑO 2017  KG.,Plataforma Nacional de Datos Abiertos,1,0,,,Active,https://www.datosabiertos.gob.pe/sites/default/files/recursos/2017/05/prec.mensual_0.xlsx,XLSX,200,"Mié, 05/10/2017 - 12:53","Vie, 07/07/2017 - 20:07"
volumenes-de-producto-por-varieadad-tm-del-01-al-10-de-mayo-del-año-2017,VOLUMENES DE PRODUCTO POR VARIEADAD   TM. DEL 01 AL 10 DE MAYO DEL AÑO 2017,Plataforma Nacional de Datos Abiertos,1,0,,,Active,https://www.datosabiertos.gob.pe/sites/default/files/recursos/2017/05/VOL.PROD_._0.xlsx,XLSX,200,"Mié, 05/10/2017 - 12:53","Vie, 07/07/2017 - 20:07"
volumenes-y-procedencias-del-producto-del-01-al-10-de-mayo-del-año-2017,VOLUMENES Y PROCEDENCIAS DEL PRODUCTO DEL 01 AL 10 DE MAYO DEL AÑO:    2017,Plataforma Nacional de Datos Abiertos,1,0,,,Active,https://www.datosabiertos.gob.pe/sites/default/files/recursos/2017/05/VOL.PROC_.PROD_._0.xlsx,XLSX,200,"Mié, 05/10/2017 - 12:54","Vie, 07/07/2017 - 20:07"
ingreso-diario-de-volumenes-tm-de-productos-al-gmml-del-01-al-11-de-mayo-2017,INGRESO DIARIO DE VOLUMENES ( TM ) DE PRODUCTOS AL GMML	DEL   01  AL  11  DE  MAYO  2017,Plataforma Nacional de Datos Abiertos,1,0,,,Active,https://www.datosabiertos.gob.pe/sites/default/files/recursos/2017/05/VOL.MAYO__1.xlsx,XLSX,200,"Jue, 05/11/2017 - 15:05","Vie, 07/07/2017 - 20:07"
ingreso-diarios-de-precios-por-variedad-de-producto-en-kg-del-01-al-11-de-mayo-2017,INGRESO DIARIOS DE PRECIOS POR VARIEDAD  DE PRODUCTO EN KG.  DEL 01 AL 11 DE MAYO 2017,Plataforma Nacional de Datos Abiertos,1,0,,,Active,https://www.datosabiertos.gob.pe/sites/default/files/recursos/2017/05/PRC.MAYO__1.xlsx,XLSX,200,"Jue, 05/11/2017 - 15:08","Vie, 07/07/2017 - 20:07"
precios-por-productos-variedad-del-01-al-11-de-mayo-del-año-2017-kg,PRECIOS POR PRODUCTOS VARIEDAD DEL 01 AL 11 DE MAYO DEL AÑO 2017  KG.,Plataforma Nacional de Datos Abiertos,1,0,,,Active,https://www.datosabiertos.gob.pe/sites/default/files/recursos/2017/05/prec.mensual_1.xlsx,XLSX,200,"Jue, 05/11/2017 - 15:15","Vie, 07/07/2017 - 20:07"
volumenes-de-producto-por-varieadad-tm-del-01-al-11-de-mayo-del-año-2017,VOLUMENES DE PRODUCTO POR VARIEADAD   TM. DEL 01 AL 11 DE MAYO DEL AÑO 2017,Plataforma Nacional de Datos Abiertos,1,0,,,Active,https://www.datosabiertos.gob.pe/sites/default/files/recursos/2017/05/VOL.PROD_._1.xlsx,XLSX,200,"Jue, 05/11/2017 - 15:16","Vie, 07/07/2017 - 20:07"
ingreso-diario-de-volumenes-tm-de-productos-al-gmml-del-01-al-12-de-mayo-2017,INGRESO DIARIO DE VOLUMENES ( TM ) DE PRODUCTOS AL GMML	DEL   01  AL  12  DE  MAYO  2017,Plataforma Nacional de Datos Abiertos,1,0,,,Active,https://www.datosabiertos.gob.pe/sites/default/files/recursos/2017/05/VOL.MAYO__2.xlsx,XLSX,200,"Vie, 05/12/2017 - 13:58","Vie, 07/07/2017 - 20:07"
volumenes-y-procedencias-del-producto-del-01-al-11-de-mayo-del-año-2017,VOLUMENES Y PROCEDENCIAS DEL PRODUCTO DEL 01 AL 11 DE MAYO DEL AÑO:    2017,Plataforma Nacional de Datos Abiertos,1,0,,,Active,https://www.datosabiertos.gob.pe/sites/default/files/recursos/2017/05/VOL.PROC_.PROD_._1.xlsx,XLSX,200,"Jue, 05/11/2017 - 15:18","Vie, 07/07/2017 - 20:07"
ingreso-diarios-de-precios-por-variedad-de-producto-en-kg-del-01-al-12-de-mayo-2017,INGRESO DIARIOS DE PRECIOS POR VARIEDAD  DE PRODUCTO EN KG.  DEL 01 AL 12 DE MAYO 2017,Plataforma Nacional de Datos Abiertos,1,0,,,Active,https://www.datosabiertos.gob.pe/sites/default/files/recursos/2017/05/PRC.MAYO__2.xlsx,XLSX,200,"Vie, 05/12/2017 - 13:59","Vie, 07/07/2017 - 20:07"
precios-por-productos-variedad-del-01-al-12-de-mayo-del-año-2017-kg,PRECIOS POR PRODUCTOS VARIEDAD DEL 01 AL 12 DE MAYO DEL AÑO 2017  KG.,Plataforma Nacional de Datos Abiertos,1,0,,,Active,https://www.datosabiertos.gob.pe/sites/default/files/recursos/2017/05/prec.mensual_2.xlsx,XLSX,200,"Vie, 05/12/2017 - 14:01","Vie, 07/07/2017 - 20:07"
volumenes-y-procedencias-del-producto-del-01-al-12-de-mayo-del-año-2017,VOLUMENES Y PROCEDENCIAS DEL PRODUCTO DEL 01 AL 12 DE MAYO DEL AÑO:    2017,Plataforma Nacional de Datos Abiertos,1,0,,,Active,https://www.datosabiertos.gob.pe/sites/default/files/recursos/2017/05/VOL.PROC_.PROD_._2.xlsx,XLSX,200,"Vie, 05/12/2017 - 14:02","Vie, 07/07/2017 - 20:07"
volumenes-de-producto-por-varieadad-tm-del-01-al-12-de-mayo-del-año-2017,VOLUMENES DE PRODUCTO POR VARIEADAD   TM. DEL 01 AL 12 DE MAYO DEL AÑO 2017,Plataforma Nacional de Datos Abiertos,1,0,,,Active,https://www.datosabiertos.gob.pe/sites/default/files/recursos/2017/05/VOL.PROD_._2.xlsx,XLSX,200,"Vie, 05/12/2017 - 14:01","Vie, 07/07/2017 - 20:07"
ingreso-diario-de-volumenes-tm-de-productos-al-gmml-del-01-al-15-de-mayo-2017,INGRESO DIARIO DE VOLUMENES ( TM ) DE PRODUCTOS AL GMML	DEL   01  AL  15  DE  MAYO  2017,Plataforma Nacional de Datos Abiertos,1,0,,,Active,https://www.datosabiertos.gob.pe/sites/default/files/recursos/2017/05/VOL.MAYO__3.xlsx,XLSX,200,"Lun, 05/15/2017 - 15:11","Vie, 07/07/2017 - 20:07"
precios-por-productos-variedad-del-01-al-15-de-mayo-del-año-2017-kg,PRECIOS POR PRODUCTOS VARIEDAD DEL 01 AL 15 DE MAYO DEL AÑO 2017  KG.,Plataforma Nacional de Datos Abiertos,1,0,,,Active,https://www.datosabiertos.gob.pe/sites/default/files/recursos/2017/05/prec.mensual_3.xlsx,XLSX,200,"Lun, 05/15/2017 - 15:16","Vie, 07/07/2017 - 20:07"
ingreso-diarios-de-precios-por-variedad-de-producto-en-kg-del-01-al-15-de-mayo-2017,INGRESO DIARIOS DE PRECIOS POR VARIEDAD  DE PRODUCTO EN KG.  DEL 01 AL 15 DE MAYO 2017,Plataforma Nacional de Datos Abiertos,1,0,,,Active,https://www.datosabiertos.gob.pe/sites/default/files/recursos/2017/05/PRC.MAYO__3.xlsx,XLSX,200,"Lun, 05/15/2017 - 15:15","Vie, 07/07/2017 - 20:07"
volumenes-de-producto-por-varieadad-tm-del-01-al-15-de-mayo-del-año-2017,VOLUMENES DE PRODUCTO POR VARIEADAD   TM. DEL 01 AL 15 DE MAYO DEL AÑO 2017,Plataforma Nacional de Datos Abiertos,1,0,,,Active,https://www.datosabiertos.gob.pe/sites/default/files/recursos/2017/05/VOL.PROD_._3.xlsx,XLSX,200,"Lun, 05/15/2017 - 15:17","Vie, 07/07/2017 - 20:07"
volumenes-y-procedencias-del-producto-del-01-al-15-de-mayo-del-año-2017,VOLUMENES Y PROCEDENCIAS DEL PRODUCTO DEL 01 AL 15 DE MAYO DEL AÑO:    2017,Plataforma Nacional de Datos Abiertos,1,0,,,Active,https://www.datosabiertos.gob.pe/sites/default/files/recursos/2017/05/VOL.PROC_.PROD_._3.xlsx,XLSX,200,"Lun, 05/15/2017 - 15:22","Vie, 07/07/2017 - 20:07"
precios-por-productos-variedad-del-01-al-16-de-mayo-del-año-2017-kg,PRECIOS POR PRODUCTOS VARIEDAD DEL 01 AL 16 DE MAYO DEL AÑO 2017  KG.,Plataforma Nacional de Datos Abiertos,1,0,,,Active,https://www.datosabiertos.gob.pe/sites/default/files/recursos/2017/05/prec.mensual_4.xlsx,XLSX,200,"Mar, 05/16/2017 - 12:02","Vie, 07/07/2017 - 20:07"
ingreso-diarios-de-precios-por-variedad-de-producto-en-kg-del-01-al-16-de-mayo-2017,INGRESO DIARIOS DE PRECIOS POR VARIEDAD  DE PRODUCTO EN KG.  DEL 01 AL 16 DE MAYO 2017,Plataforma Nacional de Datos Abiertos,1,0,,,Active,https://www.datosabiertos.gob.pe/sites/default/files/recursos/2017/05/PRC.MAYO__4.xlsx,XLSX,200,"Mar, 05/16/2017 - 12:01","Vie, 07/07/2017 - 20:07"
volumenes-de-producto-por-varieadad-tm-del-01-al-16-de-mayo-del-año-2017,VOLUMENES DE PRODUCTO POR VARIEADAD   TM. DEL 01 AL 16 DE MAYO DEL AÑO 2017,Plataforma Nacional de Datos Abiertos,1,0,,,Active,https://www.datosabiertos.gob.pe/sites/default/files/recursos/2017/05/VOL.PROD_._4.xlsx,XLSX,200,"Mar, 05/16/2017 - 12:04","Vie, 07/07/2017 - 20:07"
volumenes-y-procedencias-del-producto-del-01-al-16-de-mayo-del-año-2017,VOLUMENES Y PROCEDENCIAS DEL PRODUCTO DEL 01 AL 16 DE MAYO DEL AÑO:    2017,Plataforma Nacional de Datos Abiertos,1,0,,,Active,https://www.datosabiertos.gob.pe/sites/default/files/recursos/2017/05/VOL.PROC_.PROD_._4.xlsx,XLSX,200,"Mar, 05/16/2017 - 12:05","Vie, 07/07/2017 - 20:07"
promedio-mensual-de-remuneraciones-brutas-soles-s-de-trabajadores-en-el-sector-privado-por,"PROMEDIO MENSUAL DE REMUNERACIONES BRUTAS (SOLES S/.) DE TRABAJADORES EN EL SECTOR PRIVADO POR SITUACIÓN EDUCATIVO, SEGÚN DISTRITOS",Plataforma Nacional de Datos Abiertos,2,1,,,Active,https://www.datosabiertos.gob.pe/sites/default/files/Prome%20Remuneraci%C3%B3n%20Bruta%20Nivel%20Educ%202021.csv,CSV,200,"Mié, 05/17/2017 - 10:04","Sáb, 03/18/2023 - 09:52"
empresas-en-el-sector-privado-por-meses-según-distritos,"EMPRESAS EN EL SECTOR PRIVADO POR MESES, SEGÚN DISTRITOS",Plataforma Nacional de Datos Abiertos,2,1,,,Active,https://www.datosabiertos.gob.pe/sites/default/files/Empresas%20sector%20privado%20por%20mes%20Seg%C3%BAn%20Distritos%202021.csv,CSV,200,"Mié, 05/17/2017 - 09:19","Sáb, 03/18/2023 - 09:39"
promedio-mensual-de-trabajadores-del-sector-privado-por-régimen-de-salud-según-distritos,"PROMEDIO MENSUAL DE TRABAJADORES DEL SECTOR PRIVADO POR RÉGIMEN DE SALUD, SEGÚN DISTRITOS",Plataforma Nacional de Datos Abiertos,2,1,,,Active,https://www.datosabiertos.gob.pe/sites/default/files/Trabajadores%20por%20Reg%20Salud%202021.csv,CSV,200,"Mié, 05/17/2017 - 10:18","Lun, 03/20/2023 - 09:52"
número-de-trabajadores-del-sector-privado-por-meses-según-ciiu-clasificación-internacional,"NÚMERO DE TRABAJADORES DEL SECTOR PRIVADO POR MESES , SEGÚN CIIU-Clasificación Internacional Industrial Uniforme",Plataforma Nacional de Datos Abiertos,2,1,,,Active,https://www.datosabiertos.gob.pe/sites/default/files/Trabajadores%20Seg%C3%BAn%20CIUU%202021.csv,CSV,200,"Mié, 05/17/2017 - 10:38","Lun, 03/20/2023 - 09:57"
promedio-mensual-de-trabajadores-del-sector-privado-por-régimen-de-pensión-según-distritos,"PROMEDIO MENSUAL DE TRABAJADORES DEL SECTOR PRIVADO POR RÉGIMEN DE PENSIÓN, SEGÚN DISTRITOS",Plataforma Nacional de Datos Abiertos,2,1,,,Active,https://www.datosabiertos.gob.pe/sites/default/files/Trabajadores%20por%20Reg%20Pension%202021.csv,CSV,200,"Mié, 05/17/2017 - 10:23","Sáb, 03/18/2023 - 10:32"
ingreso-diarios-de-precios-por-variedad-de-producto-en-kg-del-01-al-17-de-mayo-2017,INGRESO DIARIOS DE PRECIOS POR VARIEDAD  DE PRODUCTO EN KG.  DEL 01 AL 17 DE MAYO 2017,Plataforma Nacional de Datos Abiertos,1,0,,,Active,https://www.datosabiertos.gob.pe/sites/default/files/recursos/2017/05/PRC.MAYO__5.xlsx,XLSX,200,"Mié, 05/17/2017 - 15:35","Vie, 07/07/2017 - 20:07"
ingreso-diario-de-volumenes-tm-de-productos-al-gmml-del-01-al-17-de-mayo-2017,INGRESO DIARIO DE VOLUMENES ( TM ) DE PRODUCTOS AL GMML	DEL   01  AL  17  DE  MAYO  2017,Plataforma Nacional de Datos Abiertos,1,0,,,Active,https://www.datosabiertos.gob.pe/sites/default/files/recursos/2017/05/VOL.MAYO__5.xlsx,XLSX,200,"Mié, 05/17/2017 - 15:34","Vie, 07/07/2017 - 20:07"
ingreso-diario-de-volumenes-tm-de-productos-al-gmml-del-01-al-16-de-mayo-2017,INGRESO DIARIO DE VOLUMENES ( TM ) DE PRODUCTOS AL GMML	DEL   01  AL  16  DE  MAYO  2017,Plataforma Nacional de Datos Abiertos,1,0,,,Active,https://www.datosabiertos.gob.pe/sites/default/files/recursos/2017/05/VOL.MAYO__4.xlsx,XLSX,200,"Mar, 05/16/2017 - 11:59","Vie, 07/07/2017 - 20:07"
ingreso-diario-de-volumenes-tm-de-productos-al-gmml-del-01-al-18-de-mayo-2017,INGRESO DIARIO DE VOLUMENES ( TM ) DE PRODUCTOS AL GMML	DEL   01  AL  18  DE  MAYO  2017,Plataforma Nacional de Datos Abiertos,1,0,,,Active,https://www.datosabiertos.gob.pe/sites/default/files/recursos/2017/05/VOL.MAYO__6.xlsx,XLSX,200,"Jue, 05/18/2017 - 14:34","Vie, 07/07/2017 - 20:07"
volumenes-y-procedencias-del-producto-del-01-al-17-de-mayo-del-año-2017,VOLUMENES Y PROCEDENCIAS DEL PRODUCTO DEL 01 AL 17 DE MAYO DEL AÑO:    2017,Plataforma Nacional de Datos Abiertos,1,0,,,Active,https://www.datosabiertos.gob.pe/sites/default/files/recursos/2017/05/VOL.PROC_.PROD_._5.xlsx,XLSX,200,"Mié, 05/17/2017 - 15:39","Vie, 07/07/2017 - 20:07"
volumenes-de-producto-por-varieadad-tm-del-01-al-17-de-mayo-del-año-2017,VOLUMENES DE PRODUCTO POR VARIEADAD   TM. DEL 01 AL 17 DE MAYO DEL AÑO 2017,Plataforma Nacional de Datos Abiertos,1,0,,,Active,https://www.datosabiertos.gob.pe/sites/default/files/recursos/2017/05/VOL.PROD_._5.xlsx,XLSX,200,"Mié, 05/17/2017 - 15:38","Vie, 07/07/2017 - 20:07"
precios-por-productos-variedad-del-01-al-17-de-mayo-del-año-2017-kg,PRECIOS POR PRODUCTOS VARIEDAD DEL 01 AL 17 DE MAYO DEL AÑO 2017  KG.,Plataforma Nacional de Datos Abiertos,1,0,,,Active,https://www.datosabiertos.gob.pe/sites/default/files/recursos/2017/05/prec.mensual_5.xlsx,XLSX,200,"Mié, 05/17/2017 - 15:36","Vie, 07/07/2017 - 20:07"
ingreso-diarios-de-precios-por-variedad-de-producto-en-kg-del-01-al-18-de-mayo-2017,INGRESO DIARIOS DE PRECIOS POR VARIEDAD  DE PRODUCTO EN KG.  DEL 01 AL 18 DE MAYO 2017,Plataforma Nacional de Datos Abiertos,1,0,,,Active,https://www.datosabiertos.gob.pe/sites/default/files/recursos/2017/05/PRC.MAYO__6.xlsx,XLSX,200,"Jue, 05/18/2017 - 14:42","Vie, 07/07/2017 - 20:07"
precios-por-productos-variedad-del-01-al-18-de-mayo-del-año-2017-kg,PRECIOS POR PRODUCTOS VARIEDAD DEL 01 AL 18 DE MAYO DEL AÑO 2017  KG.,Plataforma Nacional de Datos Abiertos,1,0,,,Active,https://www.datosabiertos.gob.pe/sites/default/files/recursos/2017/05/prec.mensual_6.xlsx,XLSX,200,"Jue, 05/18/2017 - 14:43","Vie, 07/07/2017 - 20:07"
inscripción-de-empresas-cubicadoras-marzo-2017-osinergmin,Inscripción de Empresas Cubicadoras - Marzo 2017- OSINERGMIN ,Plataforma Nacional de Datos Abiertos,1,1,,,Active,https://www.datosabiertos.gob.pe/sites/default/files/recursos/2017/05/STE-Registro-Empresas-Cubicadoras.xls,XLB,200,"Jue, 05/18/2017 - 14:46","Mié, 12/17/2025 - 11:55"
volumenes-y-procedencias-del-producto-del-01-al-18-de-mayo-del-año-2017,VOLUMENES Y PROCEDENCIAS DEL PRODUCTO DEL 01 AL 18 DE MAYO DEL AÑO:    2017,Plataforma Nacional de Datos Abiertos,1,0,,,Active,https://www.datosabiertos.gob.pe/sites/default/files/recursos/2017/05/VOL.PROC_.PROD_._6.xlsx,XLSX,200,"Jue, 05/18/2017 - 14:46","Vie, 07/07/2017 - 20:07"
registro-de-instaladores-habilitados-de-gas-natural-mayo-2017-osinergmin,Registro de Instaladores Habilitados de Gas Natural - Mayo 2017 - OSINERGMIN ,Plataforma Nacional de Datos Abiertos,0,1,,,Active,,,,"Jue, 05/18/2017 - 15:22","Mié, 12/17/2025 - 12:02"
volumenes-de-producto-por-varieadad-tm-del-01-al-18-de-mayo-del-año-2017,VOLUMENES DE PRODUCTO POR VARIEADAD   TM. DEL 01 AL 18 DE MAYO DEL AÑO 2017,Plataforma Nacional de Datos Abiertos,1,0,,,Active,https://www.datosabiertos.gob.pe/sites/default/files/recursos/2017/05/VOL.PROD_._6.xlsx,XLSX,200,"Jue, 05/18/2017 - 14:44","Vie, 07/07/2017 - 20:07"
sistema-de-tanques-enterrados-ste-registro-personas-indice-de-riesgos-febrero-2017,Sistema de Tanques Enterrados (STE) - Registro Personas - Indice de Riesgos - Febrero 2017 - OSINERGMIN,Plataforma Nacional de Datos Abiertos,1,0,,,Active,https://www.datosabiertos.gob.pe/sites/default/files/recursos/2017/05/Registro_REIR.xls,XLB,200,"Vie, 05/19/2017 - 10:18","Mié, 12/17/2025 - 11:53"
registro-de-hidrocarburos-líquidos-mayo-2017-osinergmin,Registro de Hidrocarburos Líquidos - Mayo 2017 - OSINERGMIN,Plataforma Nacional de Datos Abiertos,32,1,,,Active,https://www.datosabiertos.gob.pe/sites/default/files/recursos/2017/05/CDCLyOPDHconInstalacionesFijas.xls,XLB,200,"Jue, 05/18/2017 - 16:20","Mié, 12/17/2025 - 11:54"
ingreso-diarios-de-precios-por-variedad-de-producto-en-kg-del-01-al-19-de-mayo-2017,INGRESO DIARIOS DE PRECIOS POR VARIEDAD  DE PRODUCTO EN KG.  DEL 01 AL 19 DE MAYO 2017,Plataforma Nacional de Datos Abiertos,1,0,,,Active,https://www.datosabiertos.gob.pe/sites/default/files/recursos/2017/05/PRC.MAYO__7.xlsx,XLSX,200,"Vie, 05/19/2017 - 14:04","Vie, 07/07/2017 - 20:07"
ingreso-diario-de-volumenes-tm-de-productos-al-gmml-del-01-al-19-de-mayo-2017,INGRESO DIARIO DE VOLUMENES ( TM ) DE PRODUCTOS AL GMML	DEL   01  AL  19  DE  MAYO  2017,Plataforma Nacional de Datos Abiertos,1,0,,,Active,https://www.datosabiertos.gob.pe/sites/default/files/recursos/2017/05/VOL.MAYO__7.xlsx,XLSX,200,"Vie, 05/19/2017 - 14:02","Vie, 07/07/2017 - 20:07"
volumenes-de-producto-por-varieadad-tm-del-01-al-19-de-mayo-del-año-2017,VOLUMENES DE PRODUCTO POR VARIEADAD   TM. DEL 01 AL 19 DE MAYO DEL AÑO 2017,Plataforma Nacional de Datos Abiertos,1,0,,,Active,https://www.datosabiertos.gob.pe/sites/default/files/recursos/2017/05/VOL.PROD_._7.xlsx,XLSX,200,"Vie, 05/19/2017 - 14:12","Vie, 07/07/2017 - 20:07"
registro-de-gas-natural,Registro de Gas Natural,Plataforma Nacional de Datos Abiertos,3,1,,,Active,https://osinergmin.sharepoint.com/sites/Portal_Datos_Abiertos_Osinergmin/Documentos%20compartidos/P%C3%BAblico/Instalaciones_GN_Unificado.csv,.CSV,403,"Vie, 05/19/2017 - 16:19","Vie, 06/05/2026 - 12:41"
volumenes-y-procedencias-del-producto-del-01-al-19-de-mayo-del-año-2017,VOLUMENES Y PROCEDENCIAS DEL PRODUCTO DEL 01 AL 19 DE MAYO DEL AÑO:    2017,Plataforma Nacional de Datos Abiertos,1,0,,,Active,https://www.datosabiertos.gob.pe/sites/default/files/recursos/2017/05/VOL.PROC_.PROD_._7.xlsx,XLSX,200,"Vie, 05/19/2017 - 14:17","Vie, 07/07/2017 - 20:07"
precios-por-productos-variedad-del-01-al-19-de-mayo-del-año-2017-kg,PRECIOS POR PRODUCTOS VARIEDAD DEL 01 AL 19 DE MAYO DEL AÑO 2017  KG.,Plataforma Nacional de Datos Abiertos,1,0,,,Active,https://www.datosabiertos.gob.pe/sites/default/files/recursos/2017/05/prec.mensual_7.xlsx,XLSX,200,"Vie, 05/19/2017 - 14:07","Vie, 07/07/2017 - 20:07"
pliegos-tarifarios-aplicables-al-cliente-final-por-departamento-osinergmin,Pliegos Tarifarios aplicables al Cliente Final por Departamento - OSINERGMIN,Plataforma Nacional de Datos Abiertos,1,1,,,Active,http://www.osinergmin.gob.pe/seccion/institucional/regulacion-tarifaria/pliegos-tarifarios/electricidad/pliegos-tarifiarios-cliente-final,,0,"Lun, 05/22/2017 - 10:54","Mié, 12/17/2025 - 11:56"
ingreso-diario-de-volumenes-tm-de-productos-al-gmml-del-01-al-22-de-mayo-2017,INGRESO DIARIO DE VOLUMENES ( TM ) DE PRODUCTOS AL GMML	DEL   01  AL  22  DE  MAYO  2017,Plataforma Nacional de Datos Abiertos,1,0,,,Active,https://www.datosabiertos.gob.pe/sites/default/files/recursos/2017/05/VOL.MAYO__8.xlsx,XLSX,200,"Lun, 05/22/2017 - 14:53","Vie, 07/07/2017 - 20:07"
ingreso-diarios-de-precios-por-variedad-de-producto-en-kg-del-01-al-22-de-mayo-2017,INGRESO DIARIOS DE PRECIOS POR VARIEDAD  DE PRODUCTO EN KG.  DEL 01 AL 22 DE MAYO 2017,Plataforma Nacional de Datos Abiertos,1,0,,,Active,https://www.datosabiertos.gob.pe/sites/default/files/recursos/2017/05/PRC.MAYO__8.xlsx,XLSX,200,"Lun, 05/22/2017 - 15:02","Vie, 07/07/2017 - 20:07"
precios-por-productos-variedad-del-01-al-22-de-mayo-del-año-2017-kg,PRECIOS POR PRODUCTOS VARIEDAD DEL 01 AL 22 DE MAYO DEL AÑO 2017  KG.,Plataforma Nacional de Datos Abiertos,2,0,,,Active,https://www.datosabiertos.gob.pe/sites/default/files/recursos/2017/05/prec.mensual_8.xlsx,XLSX,200,"Lun, 05/22/2017 - 15:03","Dom, 06/13/2021 - 06:00"
volumenes-de-producto-por-varieadad-tm-del-01-al-22-de-mayo-del-año-2017,VOLUMENES DE PRODUCTO POR VARIEADAD   TM. DEL 01 AL 22 DE MAYO DEL AÑO 2017,Plataforma Nacional de Datos Abiertos,1,0,,,Active,https://www.datosabiertos.gob.pe/sites/default/files/recursos/2017/05/VOL.PROD_._8.xlsx,XLSX,200,"Lun, 05/22/2017 - 15:05","Vie, 07/07/2017 - 20:07"
volumenes-y-procedencias-del-producto-del-01-al-22-de-mayo-del-año-2017,VOLUMENES Y PROCEDENCIAS DEL PRODUCTO DEL 01 AL 22 DE MAYO DEL AÑO:    2017,Plataforma Nacional de Datos Abiertos,1,0,,,Active,https://www.datosabiertos.gob.pe/sites/default/files/recursos/2017/05/VOL.PROC_.PROD_._8.xlsx,XLSX,200,"Lun, 05/22/2017 - 15:07","Vie, 07/07/2017 - 20:07"
ingreso-diarios-de-precios-por-variedad-de-producto-en-kg-del-01-al-23-de-mayo-2017,INGRESO DIARIOS DE PRECIOS POR VARIEDAD  DE PRODUCTO EN KG.  DEL 01 AL 23 DE MAYO 2017,Plataforma Nacional de Datos Abiertos,1,0,,,Active,https://www.datosabiertos.gob.pe/sites/default/files/recursos/2017/05/PRC.MAYO__9.xlsx,XLSX,200,"Mar, 05/23/2017 - 16:10","Vie, 07/07/2017 - 20:07"
precios-por-productos-variedad-del-01-al-23-de-mayo-del-año-2017-kg,PRECIOS POR PRODUCTOS VARIEDAD DEL 01 AL 23 DE MAYO DEL AÑO 2017  KG.,Plataforma Nacional de Datos Abiertos,1,0,,,Active,https://www.datosabiertos.gob.pe/sites/default/files/recursos/2017/05/prec.mensual_9.xlsx,XLSX,200,"Mar, 05/23/2017 - 16:11","Vie, 07/07/2017 - 20:07"
volumenes-y-procedencias-del-producto-del-01-al-23-de-mayo-del-año-2017,VOLUMENES Y PROCEDENCIAS DEL PRODUCTO DEL 01 AL 23 DE MAYO DEL AÑO:    2017,Plataforma Nacional de Datos Abiertos,1,0,,,Active,https://www.datosabiertos.gob.pe/sites/default/files/recursos/2017/05/VOL.PROC_.PROD_._9.xlsx,XLSX,200,"Mar, 05/23/2017 - 16:13","Vie, 07/07/2017 - 20:07"
ingreso-diario-de-volumenes-tm-de-productos-al-gmml-del-01-al-23-de-mayo-2017,INGRESO DIARIO DE VOLUMENES ( TM ) DE PRODUCTOS AL GMML	DEL   01  AL  23  DE  MAYO  2017,Plataforma Nacional de Datos Abiertos,1,0,,,Active,https://www.datosabiertos.gob.pe/sites/default/files/recursos/2017/05/VOL.MAYO__9.xlsx,XLSX,200,"Mar, 05/23/2017 - 16:08","Vie, 07/07/2017 - 20:07"
ingreso-diarios-de-precios-por-variedad-de-producto-en-kg-del-01-al-24-de-mayo-2017,INGRESO DIARIOS DE PRECIOS POR VARIEDAD  DE PRODUCTO EN KG.  DEL 01 AL 24 DE MAYO 2017,Plataforma Nacional de Datos Abiertos,1,0,,,Active,https://www.datosabiertos.gob.pe/sites/default/files/recursos/2017/05/PRC.MAYO__10.xlsx,XLSX,200,"Mié, 05/24/2017 - 11:17","Vie, 07/07/2017 - 20:07"
ingreso-diario-de-volumenes-tm-de-productos-al-gmml-del-01-al-24-de-mayo-2017,INGRESO DIARIO DE VOLUMENES ( TM ) DE PRODUCTOS AL GMML	DEL   01  AL  24  DE  MAYO  2017,Plataforma Nacional de Datos Abiertos,1,0,,,Active,https://www.datosabiertos.gob.pe/sites/default/files/recursos/2017/05/VOL.MAYO__10.xlsx,XLSX,200,"Mié, 05/24/2017 - 11:10","Vie, 07/07/2017 - 20:07"
precios-por-productos-variedad-del-01-al-24-de-mayo-del-año-2017-kg,PRECIOS POR PRODUCTOS VARIEDAD DEL 01 AL 24 DE MAYO DEL AÑO 2017  KG.,Plataforma Nacional de Datos Abiertos,1,0,,,Active,https://www.datosabiertos.gob.pe/sites/default/files/recursos/2017/05/prec.mensual_10.xlsx,XLSX,200,"Mié, 05/24/2017 - 11:36","Vie, 07/07/2017 - 20:07"
volumenes-de-producto-por-varieadad-tm-del-01-al-24-de-mayo-del-año-2017,VOLUMENES DE PRODUCTO POR VARIEADAD   TM. DEL 01 AL 24 DE MAYO DEL AÑO 2017,Plataforma Nacional de Datos Abiertos,1,0,,,Active,https://www.datosabiertos.gob.pe/sites/default/files/recursos/2017/05/VOL.PROD_._10.xlsx,XLSX,200,"Mié, 05/24/2017 - 11:39","Vie, 07/07/2017 - 20:07"
volumenes-y-procedencias-del-producto-del-01-al-24-de-mayo-del-año-2017,VOLUMENES Y PROCEDENCIAS DEL PRODUCTO DEL 01 AL 24 DE MAYO DEL AÑO:    2017,Plataforma Nacional de Datos Abiertos,1,0,,,Active,https://www.datosabiertos.gob.pe/sites/default/files/recursos/2017/05/VOL.PROC_.PROD_._10.xlsx,XLSX,200,"Mié, 05/24/2017 - 11:41","Vie, 07/07/2017 - 20:07"
accidentes-mortales-en-mina,Accidentes Mortales en Mina,Plataforma Nacional de Datos Abiertos,4,1,,,Active,https://www.datosabiertos.gob.pe/sites/default/files/recursos/2017/05/2016.xls,EXCEL,200,"Mié, 05/24/2017 - 11:57","Vie, 06/12/2026 - 10:42"
estadística-de-enfermedades-ocupacionales-en-minería,Estadística de Enfermedades Ocupacionales en Minería ,Plataforma Nacional de Datos Abiertos,3,2,,,Active,https://www.datosabiertos.gob.pe/sites/default/files/recursos/2017/05/EOT2015.ZIP,ZIP,200,"Jue, 05/25/2017 - 10:51","Vie, 02/22/2019 - 19:03"
índice-de-frecuencia-y-severidad-sobre-accidentes-de-trabajo,Índice de Frecuencia y Severidad sobre Accidentes de Trabajo,Plataforma Nacional de Datos Abiertos,1,1,,,Active,http://www.minem.gob.pe/_estadistica.php?idSector=1&idEstadistica=12486,APPLICATION/VND,200,"Jue, 05/25/2017 - 11:31","Vie, 02/22/2019 - 19:03"
plantas-autorizadas-para-beneficio-de-minerales,Plantas Autorizadas para Beneficio de Minerales,Plataforma Nacional de Datos Abiertos,1,1,,,Active,http://intranet2.minem.gob.pe/web/mineria/DIRECTORIO/DIRECTORIO/PLANTASBENEFICIONEW/plantas_Excel.asp?NOMBREEMPRESA=&NOMBREPLANTA=&SUSTANCIA=0&DEPARTAMENTO=0&CATEGORIA=0,APPLICATION/VND,503,"Jue, 05/25/2017 - 14:34","Vie, 02/22/2019 - 19:03"
registro-especial-de-comercializadores-y-procesadores-de-oro,Registro Especial de Comercializadores y Procesadores de Oro ,Plataforma Nacional de Datos Abiertos,1,1,,,Active,http://intranet2.minem.gob.pe/ProyectoDGE/Mineria/registro%20especial%20de%20comercializadores%20y%20procesadores%20de%20oro.pdf,PDF,200,"Jue, 05/25/2017 - 14:11","Vie, 02/22/2019 - 19:03"
directorios-mineros, Directorios Mineros,Plataforma Nacional de Datos Abiertos,3,1,,,Active,http://www.minem.gob.pe/minem/archivos/file/Mineria/REGISTROS/DIRECTORIO/Directorio.XLS,APPLICATION/VND,200,"Jue, 05/25/2017 - 14:57","Mar, 06/02/2020 - 23:52"
informe-estadístico-de-hidrocarburos,Informe Estadístico de Hidrocarburos,Plataforma Nacional de Datos Abiertos,7,1,,,Active,http://www.minem.gob.pe/minem/archivos/4_%20PRODUCCION%20DE%20HC-ABR%2017.pdf,PDF,200,"Jue, 05/25/2017 - 16:48","Vie, 02/22/2019 - 19:03"
volumenes-de-producto-por-varieadad-tm-del-01-al-23-de-mayo-del-año-2017,VOLUMENES DE PRODUCTO POR VARIEADAD   TM. DEL 01 AL 23 DE MAYO DEL AÑO 2017,Plataforma Nacional de Datos Abiertos,1,0,,,Active,https://www.datosabiertos.gob.pe/sites/default/files/recursos/2017/05/VOL.PROD_._9.xlsx,XLSX,200,"Mar, 05/23/2017 - 16:12","Vie, 07/07/2017 - 20:07"
ingreso-diario-de-volumenes-tm-de-productos-al-gmml-del-01-al-26-de-mayo-2017,INGRESO DIARIO DE VOLUMENES ( TM ) DE PRODUCTOS AL GMML	DEL   01  AL  26  DE  MAYO  2017,Plataforma Nacional de Datos Abiertos,1,0,,,Active,https://www.datosabiertos.gob.pe/sites/default/files/recursos/2017/05/VOL.MAYO__11.xlsx,XLSX,200,"Vie, 05/26/2017 - 12:35","Vie, 07/07/2017 - 20:07"
precios-por-productos-variedad-del-01-al-26-de-mayo-del-año-2017-kg,PRECIOS POR PRODUCTOS VARIEDAD DEL 01 AL 26 DE MAYO DEL AÑO 2017  KG.,Plataforma Nacional de Datos Abiertos,1,0,,,Active,https://www.datosabiertos.gob.pe/sites/default/files/recursos/2017/05/prec.mensual_11.xlsx,XLSX,200,"Vie, 05/26/2017 - 12:38","Vie, 07/07/2017 - 20:07"
volumenes-de-producto-por-varieadad-tm-del-01-al-26-de-mayo-del-año-2017,VOLUMENES DE PRODUCTO POR VARIEADAD   TM. DEL 01 AL 26 DE MAYO DEL AÑO 2017,Plataforma Nacional de Datos Abiertos,1,0,,,Active,https://www.datosabiertos.gob.pe/sites/default/files/recursos/2017/05/VOL.PROD_._11.xlsx,XLSX,200,"Vie, 05/26/2017 - 12:40","Vie, 07/07/2017 - 20:07"
ingreso-diarios-de-precios-por-variedad-de-producto-en-kg-del-01-al-26-de-mayo-2017,INGRESO DIARIOS DE PRECIOS POR VARIEDAD  DE PRODUCTO EN KG.  DEL 01 AL 26 DE MAYO 2017,Plataforma Nacional de Datos Abiertos,1,0,,,Active,https://www.datosabiertos.gob.pe/sites/default/files/recursos/2017/05/PRC.MAYO__11.xlsx,XLSX,200,"Vie, 05/26/2017 - 12:37","Vie, 07/07/2017 - 20:07"
volumenes-y-procedencias-del-producto-del-01-al-26-de-mayo-del-año-2017,VOLUMENES Y PROCEDENCIAS DEL PRODUCTO DEL 01 AL 26 DE MAYO DEL AÑO:    2017,Plataforma Nacional de Datos Abiertos,1,0,,,Active,https://www.datosabiertos.gob.pe/sites/default/files/recursos/2017/05/VOL.PROC_.PROD_._11.xlsx,XLSX,200,"Vie, 05/26/2017 - 12:41","Vie, 07/07/2017 - 20:07"
ingreso-diario-de-volumenes-tm-de-productos-al-gmml-del-01-al-30-de-mayo-2017,INGRESO DIARIO DE VOLUMENES ( TM ) DE PRODUCTOS AL GMML	DEL   01  AL  30  DE  MAYO  2017,Plataforma Nacional de Datos Abiertos,1,0,,,Active,https://www.datosabiertos.gob.pe/sites/default/files/recursos/2017/05/VOL.MAYO__12.xlsx,XLSX,200,"Mar, 05/30/2017 - 12:12","Vie, 07/07/2017 - 20:07"
precios-por-productos-variedad-del-01-al-30-de-mayo-del-año-2017-kg,PRECIOS POR PRODUCTOS VARIEDAD DEL 01 AL 30 DE MAYO DEL AÑO 2017  KG.,Plataforma Nacional de Datos Abiertos,1,0,,,Active,https://www.datosabiertos.gob.pe/sites/default/files/recursos/2017/05/prec.mensual_12.xlsx,XLSX,200,"Mar, 05/30/2017 - 12:18","Vie, 07/07/2017 - 20:07"
ingreso-diarios-de-precios-por-variedad-de-producto-en-kg-del-01-al-30-de-mayo-2017,INGRESO DIARIOS DE PRECIOS POR VARIEDAD  DE PRODUCTO EN KG.  DEL 01 AL 30 DE MAYO 2017,Plataforma Nacional de Datos Abiertos,1,0,,,Active,https://www.datosabiertos.gob.pe/sites/default/files/recursos/2017/05/PRC.MAYO__12.xlsx,XLSX,200,"Mar, 05/30/2017 - 12:16","Vie, 07/07/2017 - 20:07"
volumenes-de-producto-por-varieadad-tm-del-01-al-30-de-mayo-del-año-2017,VOLUMENES DE PRODUCTO POR VARIEADAD   TM. DEL 01 AL 30 DE MAYO DEL AÑO 2017,Plataforma Nacional de Datos Abiertos,1,0,,,Active,https://www.datosabiertos.gob.pe/sites/default/files/recursos/2017/05/VOL.PROD_._12.xlsx,XLSX,200,"Mar, 05/30/2017 - 12:20","Vie, 07/07/2017 - 20:07"
volumenes-y-procedencias-del-producto-del-01-al-30-de-mayo-del-año-2017,VOLUMENES Y PROCEDENCIAS DEL PRODUCTO DEL 01 AL 30 DE MAYO DEL AÑO:    2017,Plataforma Nacional de Datos Abiertos,1,0,,,Active,https://www.datosabiertos.gob.pe/sites/default/files/recursos/2017/05/VOL.PROC_.PROD_._12.xlsx,XLSX,200,"Mar, 05/30/2017 - 12:21","Vie, 07/07/2017 - 20:07"
ingreso-diario-de-volumenes-tm-de-productos-al-gmml-del-01-al-02-de-junio-2017,INGRESO DIARIO DE VOLUMENES ( TM ) DE PRODUCTOS AL GMML	DEL   01  AL  02  DE  JUNIO  2017,Plataforma Nacional de Datos Abiertos,1,0,,,Active,https://www.datosabiertos.gob.pe/sites/default/files/recursos/2017/06/VOL.JUNIO_.xlsx,XLSX,200,"Vie, 06/02/2017 - 11:26","Vie, 07/07/2017 - 20:07"
volumenes-de-producto-por-varieadad-tm-del-01-al-02-de-junio-del-año-2017,VOLUMENES DE PRODUCTO POR VARIEADAD   TM. DEL 01 AL 02 DE JUNIO DEL AÑO 2017,Plataforma Nacional de Datos Abiertos,1,0,,,Active,https://www.datosabiertos.gob.pe/sites/default/files/recursos/2017/06/VOL.PROD_..xlsx,XLSX,200,"Vie, 06/02/2017 - 11:46","Vie, 07/07/2017 - 20:07"
volumenes-y-procedencias-del-producto-del-01-al-02-de-junio-del-año-2017,VOLUMENES Y PROCEDENCIAS DEL PRODUCTO DEL 01 AL 02 DE JUNIO DEL AÑO:    2017,Plataforma Nacional de Datos Abiertos,1,0,,,Active,https://www.datosabiertos.gob.pe/sites/default/files/recursos/2017/06/VOL.PROC_.PROD_..xlsx,XLSX,200,"Vie, 06/02/2017 - 11:48","Vie, 07/07/2017 - 20:07"
precios-por-productos-variedad-del-01-al-02-de-junio-del-año-2017-kg,PRECIOS POR PRODUCTOS VARIEDAD DEL 01 AL 02 DE JUNIO DEL AÑO 2017  KG.,Plataforma Nacional de Datos Abiertos,1,0,,,Active,https://www.datosabiertos.gob.pe/sites/default/files/recursos/2017/06/prec.mensual.xlsx,XLSX,200,"Vie, 06/02/2017 - 11:43","Vie, 07/07/2017 - 20:07"
ingreso-diario-de-volumenes-tm-de-productos-al-gmml-del-01-al-05-de-junio-2017,INGRESO DIARIO DE VOLUMENES ( TM ) DE PRODUCTOS AL GMML	DEL   01  AL  05  DE  JUNIO  2017,Plataforma Nacional de Datos Abiertos,1,0,,,Active,https://www.datosabiertos.gob.pe/sites/default/files/recursos/2017/06/VOL.JUNIO__0.xlsx,XLSX,200,"Lun, 06/05/2017 - 11:42","Vie, 07/07/2017 - 20:07"
ingreso-diarios-de-precios-por-variedad-de-producto-en-kg-del-01-al-05-de-junio-2017,INGRESO DIARIOS DE PRECIOS POR VARIEDAD  DE PRODUCTO EN KG.  DEL 01 AL 05 DE JUNIO 2017,Plataforma Nacional de Datos Abiertos,1,0,,,Active,https://www.datosabiertos.gob.pe/sites/default/files/recursos/2017/06/PRC.JUNIO__0.xlsx,XLSX,200,"Lun, 06/05/2017 - 11:45","Vie, 07/07/2017 - 20:07"
precios-por-productos-variedad-del-01-al-05-de-junio-del-año-2017-kg,PRECIOS POR PRODUCTOS VARIEDAD DEL 01 AL 05 DE JUNIO DEL AÑO 2017  KG.,Plataforma Nacional de Datos Abiertos,1,0,,,Active,https://www.datosabiertos.gob.pe/sites/default/files/recursos/2017/06/prec.mensual_0.xlsx,XLSX,200,"Lun, 06/05/2017 - 11:47","Vie, 07/07/2017 - 20:07"
volumenes-de-producto-por-varieadad-tm-del-01-al-05-de-junio-del-año-2017,VOLUMENES DE PRODUCTO POR VARIEADAD   TM. DEL 01 AL 05 DE JUNIO DEL AÑO 2017,Plataforma Nacional de Datos Abiertos,1,0,,,Active,https://www.datosabiertos.gob.pe/sites/default/files/recursos/2017/06/VOL.PROD_._0.xlsx,XLSX,200,"Lun, 06/05/2017 - 11:48","Vie, 07/07/2017 - 20:07"
volumenes-y-procedencias-del-producto-del-01-al-05-de-junio-del-año-2017,VOLUMENES Y PROCEDENCIAS DEL PRODUCTO DEL 01 AL 05 DE JUNIO DEL AÑO:    2017,Plataforma Nacional de Datos Abiertos,1,0,,,Active,https://www.datosabiertos.gob.pe/sites/default/files/recursos/2017/06/VOL.PROC_.PROD_._0.xlsx,XLSX,200,"Lun, 06/05/2017 - 11:50","Vie, 07/07/2017 - 20:07"
ingreso-diario-de-volumenes-tm-de-productos-al-gmml-del-01-al-06-de-junio-2017,INGRESO DIARIO DE VOLUMENES ( TM ) DE PRODUCTOS AL GMML	DEL   01  AL  06  DE  JUNIO  2017,Plataforma Nacional de Datos Abiertos,1,0,,,Active,https://www.datosabiertos.gob.pe/sites/default/files/recursos/2017/06/VOL.JUNIO__1.xlsx,XLSX,200,"Mar, 06/06/2017 - 12:05","Vie, 07/07/2017 - 20:07"
ingreso-diarios-de-precios-por-variedad-de-producto-en-kg-del-01-al-06-de-junio-2017,INGRESO DIARIOS DE PRECIOS POR VARIEDAD  DE PRODUCTO EN KG.  DEL 01 AL 06 DE JUNIO 2017,Plataforma Nacional de Datos Abiertos,1,0,,,Active,https://www.datosabiertos.gob.pe/sites/default/files/recursos/2017/06/PRC.JUNIO__1.xlsx,XLSX,200,"Mar, 06/06/2017 - 12:10","Vie, 07/07/2017 - 20:07"
precios-por-productos-variedad-del-01-al-06-de-junio-del-año-2017-kg,PRECIOS POR PRODUCTOS VARIEDAD DEL 01 AL 06 DE JUNIO DEL AÑO 2017  KG.,Plataforma Nacional de Datos Abiertos,1,0,,,Active,https://www.datosabiertos.gob.pe/sites/default/files/recursos/2017/06/prec.mensual_1.xlsx,XLSX,200,"Mar, 06/06/2017 - 12:11","Vie, 07/07/2017 - 20:07"
volumenes-de-producto-por-varieadad-tm-del-01-al-06-de-junio-del-año-2017,VOLUMENES DE PRODUCTO POR VARIEADAD   TM. DEL 01 AL 06 DE JUNIO DEL AÑO 2017,Plataforma Nacional de Datos Abiertos,1,0,,,Active,https://www.datosabiertos.gob.pe/sites/default/files/recursos/2017/06/VOL.PROD_._1.xlsx,XLSX,200,"Mar, 06/06/2017 - 12:13","Vie, 07/07/2017 - 20:07"
ingreso-diarios-de-precios-por-variedad-de-producto-en-kg-del-01-al-02-de-junio-2017,INGRESO DIARIOS DE PRECIOS POR VARIEDAD  DE PRODUCTO EN KG.  DEL 01 AL 02 DE JUNIO 2017,Plataforma Nacional de Datos Abiertos,1,0,,,Active,https://www.datosabiertos.gob.pe/sites/default/files/recursos/2017/06/PRC.JUNIO_.xlsx,XLSX,200,"Vie, 06/02/2017 - 11:34","Vie, 07/07/2017 - 20:07"
volumenes-y-procedencias-del-producto-del-01-al-06-de-junio-del-año-2017,VOLUMENES Y PROCEDENCIAS DEL PRODUCTO DEL 01 AL 06 DE JUNIO DEL AÑO:    2017,Plataforma Nacional de Datos Abiertos,1,0,,,Active,https://www.datosabiertos.gob.pe/sites/default/files/recursos/2017/06/VOL.PROC_.PROD_._1.xlsx,XLSX,200,"Mar, 06/06/2017 - 12:15","Vie, 07/07/2017 - 20:07"
base-de-datos-censales-socio-económicos-y-culturales-de-las-cuencas-de-los-ríos-ampiyacu,"Base de datos censales socio económicos y culturales de las cuencas de los ríos  Ampiyacu, Urarinas, Nanay, Paranapura,Tigre y Ucayali  (Año 2004-2012)",Plataforma Nacional de Datos Abiertos,3,1,,,Active,https://www.datosabiertos.gob.pe/sites/default/files/recursos/2017/06/Chacras%20y%20Especie%20por%20Comunidad_0.xlsx,XLSX,200,"Mar, 06/06/2017 - 14:09","Jue, 07/16/2026 - 11:38"
ingreso-diario-de-volumenes-tm-de-productos-al-gmml-del-01-al-07-de-junio-2017,INGRESO DIARIO DE VOLUMENES ( TM ) DE PRODUCTOS AL GMML	DEL   01  AL  07  DE  JUNIO  2017,Plataforma Nacional de Datos Abiertos,1,0,,,Active,https://www.datosabiertos.gob.pe/sites/default/files/recursos/2017/06/vol.JUN_.xlsx,XLSX,200,"Mié, 06/07/2017 - 12:04","Vie, 07/07/2017 - 20:07"
ingreso-diarios-de-precios-por-variedad-de-producto-en-kg-del-01-al-07-de-junio-2017,INGRESO DIARIOS DE PRECIOS POR VARIEDAD  DE PRODUCTO EN KG.  DEL 01 AL 07 DE JUNIO 2017,Plataforma Nacional de Datos Abiertos,1,0,,,Active,https://www.datosabiertos.gob.pe/sites/default/files/recursos/2017/06/prec.JUN_.xlsx,XLSX,200,"Mié, 06/07/2017 - 12:09","Vie, 07/07/2017 - 20:07"
precios-de-referencia-de-combustibles-derivados-del-petróleo-osinergmin,Precios de Referencia de Combustibles Derivados del Petróleo - OSINERGMIN,Plataforma Nacional de Datos Abiertos,1,1,,,Active,http://www.osinergmin.gob.pe/seccion/institucional/Paginas/VisorPreciosReferencia.aspx?Codigo=2017,,0,"Jue, 06/08/2017 - 09:14","Mié, 12/17/2025 - 11:57"
ingreso-diario-de-volumenes-tm-de-productos-al-gmml-del-01-al-08-de-junio-2017,INGRESO DIARIO DE VOLUMENES ( TM ) DE PRODUCTOS AL GMML	DEL   01  AL  08  DE  JUNIO  2017,Plataforma Nacional de Datos Abiertos,1,0,,,Active,https://www.datosabiertos.gob.pe/sites/default/files/recursos/2017/06/VOL.JUNIO__2.xlsx,XLSX,200,"Jue, 06/08/2017 - 12:48","Vie, 07/07/2017 - 20:07"
ingreso-diarios-de-precios-por-variedad-de-producto-en-kg-del-01-al-08-de-junio-2017,INGRESO DIARIOS DE PRECIOS POR VARIEDAD  DE PRODUCTO EN KG.  DEL 01 AL 08 DE JUNIO 2017,Plataforma Nacional de Datos Abiertos,1,0,,,Active,https://www.datosabiertos.gob.pe/sites/default/files/recursos/2017/06/PRC.JUNIO__2.xlsx,XLSX,200,"Jue, 06/08/2017 - 12:49","Vie, 07/07/2017 - 20:07"
volumenes-de-producto-por-varieadad-tm-del-01-al-08-de-junio-del-año-2017,VOLUMENES DE PRODUCTO POR VARIEADAD   TM. DEL 01 AL 08 DE JUNIO DEL AÑO 2017,Plataforma Nacional de Datos Abiertos,1,0,,,Active,https://www.datosabiertos.gob.pe/sites/default/files/recursos/2017/06/VOL.PROD_._2.xlsx,XLSX,200,"Jue, 06/08/2017 - 12:54","Vie, 07/07/2017 - 20:07"
volumenes-y-procedencias-del-producto-del-01-al-08-de-junio-del-año-2017,VOLUMENES Y PROCEDENCIAS DEL PRODUCTO DEL 01 AL 08 DE JUNIO DEL AÑO:    2017,Plataforma Nacional de Datos Abiertos,1,0,,,Active,https://www.datosabiertos.gob.pe/sites/default/files/recursos/2017/06/VOL.PROC_.PROD_._2.xlsx,XLSX,200,"Jue, 06/08/2017 - 12:55","Vie, 07/07/2017 - 20:07"
ingreso-diario-de-volumenes-tm-de-productos-al-gmml-del-01-al-09-de-junio-2017,INGRESO DIARIO DE VOLUMENES ( TM ) DE PRODUCTOS AL GMML	DEL   01  AL  09  DE  JUNIO  2017,Plataforma Nacional de Datos Abiertos,1,0,,,Active,https://www.datosabiertos.gob.pe/sites/default/files/recursos/2017/06/VOL.JUNIO__3.xlsx,XLSX,200,"Vie, 06/09/2017 - 16:11","Vie, 07/07/2017 - 20:07"
ingreso-diarios-de-precios-por-variedad-de-producto-en-kg-del-01-al-09-de-junio-2017,INGRESO DIARIOS DE PRECIOS POR VARIEDAD  DE PRODUCTO EN KG.  DEL 01 AL 09 DE JUNIO 2017,Plataforma Nacional de Datos Abiertos,1,0,,,Active,https://www.datosabiertos.gob.pe/sites/default/files/recursos/2017/06/PRC.JUNIO__3.xlsx,XLSX,200,"Vie, 06/09/2017 - 16:13","Vie, 07/07/2017 - 20:07"
precios-por-productos-variedad-del-01-al-09-de-junio-del-año-2017-kg,PRECIOS POR PRODUCTOS VARIEDAD DEL 01 AL 09 DE JUNIO DEL AÑO 2017  KG.,Plataforma Nacional de Datos Abiertos,1,0,,,Active,https://www.datosabiertos.gob.pe/sites/default/files/recursos/2017/06/prec.mensual_3.xlsx,XLSX,200,"Vie, 06/09/2017 - 16:14","Vie, 07/07/2017 - 20:07"
volumenes-de-producto-por-varieadad-tm-del-01-al-09-de-junio-del-año-2017,VOLUMENES DE PRODUCTO POR VARIEADAD   TM. DEL 01 AL 09 DE JUNIO DEL AÑO 2017,Plataforma Nacional de Datos Abiertos,1,0,,,Active,https://www.datosabiertos.gob.pe/sites/default/files/recursos/2017/06/VOL.PROD_._3.xlsx,XLSX,200,"Vie, 06/09/2017 - 16:15","Vie, 07/07/2017 - 20:07"
volumenes-y-procedencias-del-producto-del-01-al-09-de-junio-del-año-2017,VOLUMENES Y PROCEDENCIAS DEL PRODUCTO DEL 01 AL 09 DE JUNIO DEL AÑO:    2017,Plataforma Nacional de Datos Abiertos,1,0,,,Active,https://www.datosabiertos.gob.pe/sites/default/files/recursos/2017/06/VOL.PROC_.PROD_._3.xlsx,XLSX,200,"Vie, 06/09/2017 - 16:16","Vie, 07/07/2017 - 20:07"
ingreso-diario-de-volumenes-tm-de-productos-al-gmml-del-01-al-12-de-junio-2017,INGRESO DIARIO DE VOLUMENES ( TM ) DE PRODUCTOS AL GMML	DEL   01  AL  12  DE  JUNIO  2017,Plataforma Nacional de Datos Abiertos,1,0,,,Active,https://www.datosabiertos.gob.pe/sites/default/files/recursos/2017/06/VOL.JUNIO__4.xlsx,XLSX,200,"Lun, 06/12/2017 - 12:13","Vie, 07/07/2017 - 20:07"
volumenes-de-producto-por-varieadad-tm-del-01-al-12-de-junio-del-año-2017,VOLUMENES DE PRODUCTO POR VARIEADAD   TM. DEL 01 AL 12 DE JUNIO DEL AÑO 2017,Plataforma Nacional de Datos Abiertos,1,0,,,Active,https://www.datosabiertos.gob.pe/sites/default/files/recursos/2017/06/VOL.PROD_._4.xlsx,XLSX,200,"Lun, 06/12/2017 - 12:22","Vie, 07/07/2017 - 20:07"
precios-por-productos-variedad-del-01-al-08-de-junio-del-año-2017-kg,PRECIOS POR PRODUCTOS VARIEDAD DEL 01 AL 08 DE JUNIO DEL AÑO 2017  KG.,Plataforma Nacional de Datos Abiertos,1,0,,,Active,https://www.datosabiertos.gob.pe/sites/default/files/recursos/2017/06/prec.mensual_2.xlsx,XLSX,200,"Jue, 06/08/2017 - 12:51","Vie, 07/07/2017 - 20:07"
ingreso-diario-de-volumenes-tm-de-productos-al-gmml-del-01-al-13-de-junio-2017,INGRESO DIARIO DE VOLUMENES ( TM ) DE PRODUCTOS AL GMML	DEL   01  AL  13  DE  JUNIO  2017,Plataforma Nacional de Datos Abiertos,1,0,,,Active,https://www.datosabiertos.gob.pe/sites/default/files/recursos/2017/06/VOL.JUNIO__5.xlsx,XLSX,200,"Mar, 06/13/2017 - 16:09","Vie, 07/07/2017 - 20:07"
volumenes-y-procedencias-del-producto-del-01-al-12-de-junio-del-año-2017,VOLUMENES Y PROCEDENCIAS DEL PRODUCTO DEL 01 AL 12 DE JUNIO DEL AÑO:    2017,Plataforma Nacional de Datos Abiertos,1,0,,,Active,https://www.datosabiertos.gob.pe/sites/default/files/recursos/2017/06/VOL.PROC_.PROD_._4.xlsx,XLSX,200,"Lun, 06/12/2017 - 12:25","Vie, 07/07/2017 - 20:07"
ingreso-diarios-de-precios-por-variedad-de-producto-en-kg-del-01-al-12-de-junio-2017,INGRESO DIARIOS DE PRECIOS POR VARIEDAD  DE PRODUCTO EN KG.  DEL 01 AL 12 DE JUNIO 2017,Plataforma Nacional de Datos Abiertos,1,0,,,Active,https://www.datosabiertos.gob.pe/sites/default/files/recursos/2017/06/PRC.JUNIO__4.xlsx,XLSX,200,"Lun, 06/12/2017 - 12:18","Vie, 07/07/2017 - 20:07"
pueblos-formalizados-al-08-de-junio-del-2017,Pueblos Formalizados al 08 de Junio del 2017,Plataforma Nacional de Datos Abiertos,1,1,,,Active,https://www.datosabiertos.gob.pe/sites/default/files/recursos/2017/06/Pueblos%20Formalizados%202017_06_08.xlsx,XLSX,200,"Lun, 06/12/2017 - 20:16","Sáb, 07/24/2021 - 06:02"
planes-de-negocio-2016,Planes de Negocio 2016,Plataforma Nacional de Datos Abiertos,1,4,,,Active,https://www.datosabiertos.gob.pe/sites/default/files/recursos/2017/06/planes-negocio.csv,CVS,200,"Lun, 06/12/2017 - 22:42","Vie, 07/07/2017 - 20:07"
precios-por-productos-variedad-del-01-al-12-de-junio-del-año-2017-kg,PRECIOS POR PRODUCTOS VARIEDAD DEL 01 AL 12 DE JUNIO DEL AÑO 2017  KG.,Plataforma Nacional de Datos Abiertos,1,0,,,Active,https://www.datosabiertos.gob.pe/sites/default/files/recursos/2017/06/prec.mensual_4.xlsx,XLSX,200,"Lun, 06/12/2017 - 12:20","Vie, 07/07/2017 - 20:07"
ingreso-diarios-de-precios-por-variedad-de-producto-en-kg-del-01-al-13-de-junio-2017,INGRESO DIARIOS DE PRECIOS POR VARIEDAD  DE PRODUCTO EN KG.  DEL 01 AL 13 DE JUNIO 2017,Plataforma Nacional de Datos Abiertos,1,0,,,Active,https://www.datosabiertos.gob.pe/sites/default/files/recursos/2017/06/PRC.JUNIO__5.xlsx,XLSX,200,"Mar, 06/13/2017 - 16:10","Vie, 07/07/2017 - 20:07"
precios-por-productos-variedad-del-01-al-13-de-junio-del-año-2017-kg,PRECIOS POR PRODUCTOS VARIEDAD DEL 01 AL 13 DE JUNIO DEL AÑO 2017  KG.,Plataforma Nacional de Datos Abiertos,1,0,,,Active,https://www.datosabiertos.gob.pe/sites/default/files/recursos/2017/06/prec.mensual_5.xlsx,XLSX,200,"Mar, 06/13/2017 - 16:11","Vie, 07/07/2017 - 20:07"
volumenes-de-producto-por-varieadad-tm-del-01-al-13-de-junio-del-año-2017,VOLUMENES DE PRODUCTO POR VARIEADAD   TM. DEL 01 AL 13 DE JUNIO DEL AÑO 2017,Plataforma Nacional de Datos Abiertos,1,0,,,Active,https://www.datosabiertos.gob.pe/sites/default/files/recursos/2017/06/VOL.PROD_._5.xlsx,XLSX,200,"Mar, 06/13/2017 - 16:12","Vie, 07/07/2017 - 20:07"
volumenes-y-procedencias-del-producto-del-01-al-13-de-junio-del-año-2017,VOLUMENES Y PROCEDENCIAS DEL PRODUCTO DEL 01 AL 13 DE JUNIO DEL AÑO:    2017,Plataforma Nacional de Datos Abiertos,1,0,,,Active,https://www.datosabiertos.gob.pe/sites/default/files/recursos/2017/06/VOL.PROC_.PROD_._5.xlsx,XLSX,200,"Mar, 06/13/2017 - 16:12","Vie, 07/07/2017 - 20:07"
ingreso-diario-de-volumenes-tm-de-productos-al-gmml-del-01-al-14-de-junio-2017,INGRESO DIARIO DE VOLUMENES ( TM ) DE PRODUCTOS AL GMML	DEL   01  AL  14  DE  JUNIO  2017,Plataforma Nacional de Datos Abiertos,1,0,,,Active,https://www.datosabiertos.gob.pe/sites/default/files/recursos/2017/06/VOL.JUNIO__6.xlsx,XLSX,200,"Mié, 06/14/2017 - 12:50","Vie, 07/07/2017 - 17:05"
ingreso-diarios-de-precios-por-variedad-de-producto-en-kg-del-01-al-14-de-junio-2017,INGRESO DIARIOS DE PRECIOS POR VARIEDAD  DE PRODUCTO EN KG.  DEL 01 AL 14 DE JUNIO 2017,Plataforma Nacional de Datos Abiertos,1,0,,,Active,https://www.datosabiertos.gob.pe/sites/default/files/recursos/2017/06/PRC.JUNIO__6.xlsx,XLSX,200,"Mié, 06/14/2017 - 12:53","Vie, 07/07/2017 - 20:07"
volumenes-y-procedencias-del-producto-del-01-al-14-de-junio-del-año-2017,VOLUMENES Y PROCEDENCIAS DEL PRODUCTO DEL 01 AL 14 DE JUNIO DEL AÑO:    2017,Plataforma Nacional de Datos Abiertos,1,0,,,Active,https://www.datosabiertos.gob.pe/sites/default/files/recursos/2017/06/VOL.PROC_.PROD_._6.xlsx,XLSX,200,"Mié, 06/14/2017 - 12:57","Vie, 07/07/2017 - 17:05"
precios-por-productos-variedad-del-01-al-14-de-junio-del-año-2017-kg,PRECIOS POR PRODUCTOS VARIEDAD DEL 01 AL 14 DE JUNIO DEL AÑO 2017  KG.,Plataforma Nacional de Datos Abiertos,1,0,,,Active,https://www.datosabiertos.gob.pe/sites/default/files/recursos/2017/06/prec.mensual_6.xlsx,XLSX,200,"Mié, 06/14/2017 - 12:55","Vie, 07/07/2017 - 17:05"
volumenes-de-producto-por-varieadad-tm-del-01-al-14-de-junio-del-año-2017,VOLUMENES DE PRODUCTO POR VARIEADAD   TM. DEL 01 AL 14 DE JUNIO DEL AÑO 2017,Plataforma Nacional de Datos Abiertos,1,0,,,Active,https://www.datosabiertos.gob.pe/sites/default/files/recursos/2017/06/VOL.PROD_._6.xlsx,XLSX,200,"Mié, 06/14/2017 - 12:56","Vie, 07/07/2017 - 17:05"
ingreso-diarios-de-precios-por-variedad-de-producto-en-kg-del-01-al-15-de-junio-2017,INGRESO DIARIOS DE PRECIOS POR VARIEDAD  DE PRODUCTO EN KG.  DEL 01 AL 15 DE JUNIO 2017,Plataforma Nacional de Datos Abiertos,1,0,,,Active,https://www.datosabiertos.gob.pe/sites/default/files/recursos/2017/06/PRC.JUNIO__7.xlsx,XLSX,200,"Jue, 06/15/2017 - 14:28","Vie, 07/07/2017 - 17:05"
ingreso-diario-de-volumenes-tm-de-productos-al-gmml-del-01-al-15-de-junio-2017,INGRESO DIARIO DE VOLUMENES ( TM ) DE PRODUCTOS AL GMML	DEL   01  AL  15  DE  JUNIO  2017,Plataforma Nacional de Datos Abiertos,1,0,,,Active,https://www.datosabiertos.gob.pe/sites/default/files/recursos/2017/06/VOL.JUNIO__7.xlsx,XLSX,200,"Jue, 06/15/2017 - 14:27","Vie, 07/07/2017 - 17:05"
precios-por-productos-variedad-del-01-al-15-de-junio-del-año-2017-kg,PRECIOS POR PRODUCTOS VARIEDAD DEL 01 AL 15 DE JUNIO DEL AÑO 2017  KG.,Plataforma Nacional de Datos Abiertos,1,0,,,Active,https://www.datosabiertos.gob.pe/sites/default/files/recursos/2017/06/prec.mensual_7.xlsx,XLSX,200,"Jue, 06/15/2017 - 14:35","Vie, 07/07/2017 - 17:05"
volumenes-de-producto-por-varieadad-tm-del-01-al-15-de-junio-del-año-2017,VOLUMENES DE PRODUCTO POR VARIEADAD   TM. DEL 01 AL 15 DE JUNIO DEL AÑO 2017,Plataforma Nacional de Datos Abiertos,1,0,,,Active,https://www.datosabiertos.gob.pe/sites/default/files/recursos/2017/06/VOL.PROD_._7.xlsx,XLSX,200,"Jue, 06/15/2017 - 14:36","Vie, 07/07/2017 - 20:07"
volumenes-y-procedencias-del-producto-del-01-al-15-de-junio-del-año-2017,VOLUMENES Y PROCEDENCIAS DEL PRODUCTO DEL 01 AL 15 DE JUNIO DEL AÑO:    2017,Plataforma Nacional de Datos Abiertos,1,0,,,Active,https://www.datosabiertos.gob.pe/sites/default/files/recursos/2017/06/VOL.PROC_.PROD_._7.xlsx,XLSX,200,"Jue, 06/15/2017 - 14:37","Vie, 07/07/2017 - 17:05"
ingreso-diario-de-volumenes-tm-de-productos-al-gmml-del-01-al-16-de-junio-2017,INGRESO DIARIO DE VOLUMENES ( TM ) DE PRODUCTOS AL GMML	DEL   01  AL  16  DE  JUNIO  2017,Plataforma Nacional de Datos Abiertos,1,0,,,Active,https://www.datosabiertos.gob.pe/sites/default/files/recursos/2017/06/VOL.JUNIO__8.xlsx,XLSX,200,"Vie, 06/16/2017 - 14:43","Vie, 07/07/2017 - 17:05"
ingreso-diarios-de-precios-por-variedad-de-producto-en-kg-del-01-al-16-de-junio-2017,INGRESO DIARIOS DE PRECIOS POR VARIEDAD  DE PRODUCTO EN KG.  DEL 01 AL 16 DE JUNIO 2017,Plataforma Nacional de Datos Abiertos,1,0,,,Active,https://www.datosabiertos.gob.pe/sites/default/files/recursos/2017/06/PRC.JUNIO__8.xlsx,XLSX,200,"Vie, 06/16/2017 - 14:48","Vie, 07/07/2017 - 20:07"
precios-por-productos-variedad-del-01-al-16-de-junio-del-año-2017-kg,PRECIOS POR PRODUCTOS VARIEDAD DEL 01 AL 16 DE JUNIO DEL AÑO 2017  KG.,Plataforma Nacional de Datos Abiertos,1,0,,,Active,https://www.datosabiertos.gob.pe/sites/default/files/recursos/2017/06/prec.mensual_8.xlsx,XLSX,200,"Vie, 06/16/2017 - 14:51","Vie, 07/07/2017 - 17:05"
volumenes-de-producto-por-varieadad-tm-del-01-al-16-de-junio-del-año-2017,VOLUMENES DE PRODUCTO POR VARIEADAD   TM. DEL 01 AL 16 DE JUNIO DEL AÑO 2017,Plataforma Nacional de Datos Abiertos,1,0,,,Active,https://www.datosabiertos.gob.pe/sites/default/files/recursos/2017/06/VOL.PROD_._8.xlsx,XLSX,200,"Vie, 06/16/2017 - 14:53","Vie, 07/07/2017 - 17:05"
volumenes-y-procedencias-del-producto-del-01-al-16-de-junio-del-año-2017,VOLUMENES Y PROCEDENCIAS DEL PRODUCTO DEL 01 AL 16 DE JUNIO DEL AÑO:    2017,Plataforma Nacional de Datos Abiertos,1,0,,,Active,https://www.datosabiertos.gob.pe/sites/default/files/recursos/2017/06/VOL.PROC_.PROD_._8.xlsx,XLSX,200,"Vie, 06/16/2017 - 14:54","Vie, 07/07/2017 - 17:05"
ingreso-diario-de-volumenes-tm-de-productos-al-gmml-del-01-al-19-de-junio-2017,INGRESO DIARIO DE VOLUMENES ( TM ) DE PRODUCTOS AL GMML	DEL   01  AL  19  DE JUNIO  2017,Plataforma Nacional de Datos Abiertos,1,0,,,Active,https://www.datosabiertos.gob.pe/sites/default/files/recursos/2017/06/VOL.JUNIO__9.xlsx,XLSX,200,"Lun, 06/19/2017 - 12:34","Vie, 07/07/2017 - 17:05"
ingreso-diarios-de-precios-por-variedad-de-producto-en-kg-del-01-al-19-de-junio-2017,INGRESO DIARIOS DE PRECIOS POR VARIEDAD  DE PRODUCTO EN KG.  DEL 01 AL 19 DE JUNIO 2017,Plataforma Nacional de Datos Abiertos,1,0,,,Active,https://www.datosabiertos.gob.pe/sites/default/files/recursos/2017/06/PRC.JUNIO__9.xlsx,XLSX,200,"Lun, 06/19/2017 - 12:35","Vie, 07/07/2017 - 17:05"
precios-por-productos-variedad-del-01-al-19-de-junio-del-año-2017-kg,PRECIOS POR PRODUCTOS VARIEDAD DEL 01 AL 19 DE JUNIO DEL AÑO 2017  KG.,Plataforma Nacional de Datos Abiertos,1,0,,,Active,https://www.datosabiertos.gob.pe/sites/default/files/recursos/2017/06/prec.mensual_9.xlsx,XLSX,200,"Lun, 06/19/2017 - 12:37","Vie, 07/07/2017 - 17:05"
volumenes-de-producto-por-varieadad-tm-del-01-al-19-de-junio-del-año-2017,VOLUMENES DE PRODUCTO POR VARIEADAD   TM. DEL 01 AL 19 DE JUNIO DEL AÑO 2017,Plataforma Nacional de Datos Abiertos,1,0,,,Active,https://www.datosabiertos.gob.pe/sites/default/files/recursos/2017/06/VOL.PROD_._9.xlsx,XLSX,200,"Lun, 06/19/2017 - 12:38","Vie, 07/07/2017 - 17:05"
volumenes-y-procedencias-del-producto-del-01-al-19-de-junio-del-año-2017,VOLUMENES Y PROCEDENCIAS DEL PRODUCTO DEL 01 AL 19 DE JUNIO DEL AÑO:    2017,Plataforma Nacional de Datos Abiertos,1,0,,,Active,https://www.datosabiertos.gob.pe/sites/default/files/recursos/2017/06/VOL.PROC_.PROD_._9.xlsx,XLSX,200,"Lun, 06/19/2017 - 12:39","Vie, 07/07/2017 - 17:05"
ingreso-diario-de-volumenes-tm-de-productos-al-gmml-del-01-al-20-de-junio-2017,INGRESO DIARIO DE VOLUMENES ( TM ) DE PRODUCTOS AL GMML	DEL   01  AL  20  DE  JUNIO  2017,Plataforma Nacional de Datos Abiertos,1,0,,,Active,https://www.datosabiertos.gob.pe/sites/default/files/recursos/2017/06/VOL.JUNIO__10.xlsx,XLSX,200,"Mar, 06/20/2017 - 12:56","Vie, 07/07/2017 - 17:05"
ingreso-diarios-de-precios-por-variedad-de-producto-en-kg-del-01-al-20-de-junio-2017,INGRESO DIARIOS DE PRECIOS POR VARIEDAD  DE PRODUCTO EN KG.  DEL 01 AL 20 DE JUNIO 2017,Plataforma Nacional de Datos Abiertos,1,0,,,Active,https://www.datosabiertos.gob.pe/sites/default/files/recursos/2017/06/PRC.JUNIO__10.xlsx,XLSX,200,"Mar, 06/20/2017 - 12:57","Vie, 07/07/2017 - 17:05"
precios-por-productos-variedad-del-01-al-20-de-junio-del-año-2017-kg,PRECIOS POR PRODUCTOS VARIEDAD DEL 01 AL 20 DE JUNIO DEL AÑO 2017  KG.,Plataforma Nacional de Datos Abiertos,1,0,,,Active,https://www.datosabiertos.gob.pe/sites/default/files/recursos/2017/06/prec.mensual_10.xlsx,XLSX,200,"Mar, 06/20/2017 - 12:58","Vie, 07/07/2017 - 17:05"
volumenes-de-producto-por-varieadad-tm-del-01-al-20-de-junio-del-año-2017,VOLUMENES DE PRODUCTO POR VARIEADAD   TM. DEL 01 AL 20 DE JUNIO DEL AÑO 2017,Plataforma Nacional de Datos Abiertos,2,0,,,Active,https://www.datosabiertos.gob.pe/sites/default/files/recursos/2017/06/VOL.PROD_._10.xlsx,XLSX,200,"Mar, 06/20/2017 - 12:59","Vie, 07/07/2017 - 20:07"
volumenes-y-procedencias-del-producto-del-01-al-20-de-junio-del-año-2017,VOLUMENES Y PROCEDENCIAS DEL PRODUCTO DEL 01 AL 20 DE JUNIO DEL AÑO:    2017,Plataforma Nacional de Datos Abiertos,1,0,,,Active,https://www.datosabiertos.gob.pe/sites/default/files/recursos/2017/06/VOL.PROC_.PROD_._10.xlsx,XLSX,200,"Mar, 06/20/2017 - 13:02","Vie, 07/07/2017 - 17:05"
ingreso-diario-de-volumenes-tm-de-productos-al-gmml-del-01-al-21-de-junio-2017,INGRESO DIARIO DE VOLUMENES ( TM ) DE PRODUCTOS AL GMML	DEL   01  AL  21  DE  JUNIO  2017,Plataforma Nacional de Datos Abiertos,1,0,,,Active,https://www.datosabiertos.gob.pe/sites/default/files/recursos/2017/06/VOL.JUNIO__11.xlsx,XLSX,200,"Mié, 06/21/2017 - 12:48","Vie, 07/07/2017 - 17:05"
ingreso-diarios-de-precios-por-variedad-de-producto-en-kg-del-01-al-21-de-junio-2017,INGRESO DIARIOS DE PRECIOS POR VARIEDAD  DE PRODUCTO EN KG.  DEL 01 AL 21 DE JUNIO 2017,Plataforma Nacional de Datos Abiertos,1,0,,,Active,https://www.datosabiertos.gob.pe/sites/default/files/recursos/2017/06/PRC.JUNIO__11.xlsx,XLSX,200,"Mié, 06/21/2017 - 12:49","Vie, 07/07/2017 - 17:05"
precios-por-productos-variedad-del-01-al-21-de-junio-del-año-2017-kg,PRECIOS POR PRODUCTOS VARIEDAD DEL 01 AL 21 DE JUNIO DEL AÑO 2017  KG.,Plataforma Nacional de Datos Abiertos,1,0,,,Active,https://www.datosabiertos.gob.pe/sites/default/files/recursos/2017/06/prec.mensual_11.xlsx,XLSX,200,"Mié, 06/21/2017 - 12:52","Vie, 07/07/2017 - 17:05"
volumenes-de-producto-por-varieadad-tm-del-01-al-21-de-junio-del-año-2017,VOLUMENES DE PRODUCTO POR VARIEADAD   TM. DEL 01 AL 21 DE JUNIO DEL AÑO 2017,Plataforma Nacional de Datos Abiertos,1,0,,,Active,https://www.datosabiertos.gob.pe/sites/default/files/recursos/2017/06/VOL.PROD_._11.xlsx,XLSX,200,"Mié, 06/21/2017 - 12:54","Vie, 07/07/2017 - 17:05"
volumenes-y-procedencias-del-producto-del-01-al-21-de-junio-del-año-2017,VOLUMENES Y PROCEDENCIAS DEL PRODUCTO DEL 01 AL 21 DE JUNIO DEL AÑO:    2017,Plataforma Nacional de Datos Abiertos,1,0,,,Active,https://www.datosabiertos.gob.pe/sites/default/files/recursos/2017/06/VOL.PROC_.PROD_._11.xlsx,XLSX,200,"Mié, 06/21/2017 - 12:57","Vie, 07/07/2017 - 17:05"
zonificación-sísmica-–-geotécnica-del-área-urbana-de-chaclacayo,ZONIFICACIÓN SÍSMICA – GEOTÉCNICA DEL ÁREA URBANA DE CHACLACAYO,Plataforma Nacional de Datos Abiertos,1,3,,,Active,https://www.datosabiertos.gob.pe/sites/default/files/recursos/2017/06/Zonificacion_Sismica_Geotecnica_IGP_Chaclacayo.pdf,PDF,200,"Jue, 06/22/2017 - 23:05","Jue, 07/06/2017 - 19:55"
zonificación-sísmica-–-geotécnica-del-área-urbana-de-chosica,ZONIFICACIÓN SÍSMICA – GEOTÉCNICA DEL ÁREA URBANA DE CHOSICA,Plataforma Nacional de Datos Abiertos,1,2,,,Active,https://www.datosabiertos.gob.pe/sites/default/files/recursos/2017/06/Zonificaci%C3%B3n_Sismica_Geotecnica_IGP_Chosica.pdf,PDF,200,"Jue, 06/22/2017 - 23:11","Jue, 07/06/2017 - 19:55"
zonificación-sísmica-–-geotécnica-del-área-urbana-de-huaycán-ate,ZONIFICACIÓN SÍSMICA – GEOTÉCNICA DEL ÁREA URBANA DE HUAYCÁN - ATE,Plataforma Nacional de Datos Abiertos,1,3,,,Active,https://www.datosabiertos.gob.pe/sites/default/files/recursos/2017/06/Zonificacion_Sismica_Geotecnica_IGP_Huaycan.pdf,PDF,200,"Jue, 06/22/2017 - 23:15","Jue, 07/06/2017 - 19:55"
zonificación-sísmica-–-geotécnica-del-área-urbana-de-carapongo-lurigancho-chosica,ZONIFICACIÓN SÍSMICA – GEOTÉCNICA DEL ÁREA URBANA DE CARAPONGO LURIGANCHO-CHOSICA,Plataforma Nacional de Datos Abiertos,1,3,,,Active,https://www.datosabiertos.gob.pe/sites/default/files/recursos/2017/06/Zonificaci%C3%B3n_Sismica_Geotecnica_IGP_Carapongo_2012.pdf,PDF,200,"Jue, 06/22/2017 - 23:23","Jue, 07/06/2017 - 19:55"
ingreso-diario-de-volumenes-tm-de-productos-al-gmml-del-01-al-23-de-junio-2017,INGRESO DIARIO DE VOLUMENES ( TM ) DE PRODUCTOS AL GMML	DEL   01  AL  23  DE  JUNIO  2017,Plataforma Nacional de Datos Abiertos,1,0,,,Active,https://www.datosabiertos.gob.pe/sites/default/files/recursos/2017/06/VOL.JUNIO__12.xlsx,XLSX,200,"Vie, 06/23/2017 - 14:54","Vie, 07/07/2017 - 17:05"
ingreso-diarios-de-precios-por-variedad-de-producto-en-kg-del-01-al-23-de-junio-2017,INGRESO DIARIOS DE PRECIOS POR VARIEDAD  DE PRODUCTO EN KG.  DEL 01 AL 23 DE JUNIO 2017,Plataforma Nacional de Datos Abiertos,1,0,,,Active,https://www.datosabiertos.gob.pe/sites/default/files/recursos/2017/06/PRC.JUNIO__12.xlsx,XLSX,200,"Vie, 06/23/2017 - 14:56","Vie, 07/07/2017 - 17:05"
precios-por-productos-variedad-del-01-al-23-de-junio-del-año-2017-kg,PRECIOS POR PRODUCTOS VARIEDAD DEL 01 AL 23 DE JUNIO DEL AÑO 2017  KG.,Plataforma Nacional de Datos Abiertos,1,0,,,Active,https://www.datosabiertos.gob.pe/sites/default/files/recursos/2017/06/prec.mensual_12.xlsx,XLSX,200,"Vie, 06/23/2017 - 14:58","Vie, 07/07/2017 - 17:05"
volumenes-de-producto-por-varieadad-tm-del-01-al-23-de-junio-del-año-2017,VOLUMENES DE PRODUCTO POR VARIEADAD   TM. DEL 01 AL 23 DE JUNIO DEL AÑO 2017,Plataforma Nacional de Datos Abiertos,1,0,,,Active,https://www.datosabiertos.gob.pe/sites/default/files/recursos/2017/06/VOL.PROD_._12.xlsx,XLSX,200,"Vie, 06/23/2017 - 14:59","Vie, 07/07/2017 - 17:05"
volumenes-y-procedencias-del-producto-del-01-al-23-de-junio-del-año-2017,VOLUMENES Y PROCEDENCIAS DEL PRODUCTO DEL 01 AL 23 DE JUNIO DEL AÑO:    2017,Plataforma Nacional de Datos Abiertos,1,0,,,Active,https://www.datosabiertos.gob.pe/sites/default/files/recursos/2017/06/VOL.PROC_.PROD_._12.xlsx,XLSX,200,"Vie, 06/23/2017 - 15:00","Vie, 07/07/2017 - 20:07"
ingreso-diarios-de-precios-por-variedad-de-producto-en-kg-del-01-al-26-de-junio-2017,INGRESO DIARIOS DE PRECIOS POR VARIEDAD  DE PRODUCTO EN KG.  DEL 01 AL 26 DE JUNIO 2017,Plataforma Nacional de Datos Abiertos,1,0,,,Active,https://www.datosabiertos.gob.pe/sites/default/files/recursos/2017/06/PRC.JUNIO__13.xlsx,XLSX,200,"Lun, 06/26/2017 - 14:15","Vie, 07/07/2017 - 17:05"
ingreso-diario-de-volumenes-tm-de-productos-al-gmml-del-01-al-26-de-junio-2017,INGRESO DIARIO DE VOLUMENES ( TM ) DE PRODUCTOS AL GMML	DEL   01  AL  26  DE  JUNIO  2017,Plataforma Nacional de Datos Abiertos,1,0,,,Active,https://www.datosabiertos.gob.pe/sites/default/files/recursos/2017/06/VOL.JUNIO__13.xlsx,XLSX,200,"Lun, 06/26/2017 - 14:26","Vie, 07/07/2017 - 17:05"
precios-por-productos-variedad-del-01-al-26-de-junio-del-año-2017-kg,PRECIOS POR PRODUCTOS VARIEDAD DEL 01 AL 26 DE JUNIO DEL AÑO 2017  KG.,Plataforma Nacional de Datos Abiertos,1,0,,,Active,https://www.datosabiertos.gob.pe/sites/default/files/recursos/2017/06/prec.mensual_13.xlsx,XLSX,200,"Lun, 06/26/2017 - 14:29","Vie, 07/07/2017 - 17:05"
volumenes-de-producto-por-varieadad-tm-del-01-al-26-de-junio-del-año-2017,VOLUMENES DE PRODUCTO POR VARIEADAD   TM. DEL 01 AL 26 DE JUNIO DEL AÑO 2017,Plataforma Nacional de Datos Abiertos,1,0,,,Active,https://www.datosabiertos.gob.pe/sites/default/files/recursos/2017/06/VOL.PROD_._13.xlsx,XLSX,200,"Lun, 06/26/2017 - 14:30","Vie, 07/07/2017 - 17:05"
volumenes-y-procedencias-del-producto-del-01-al-26-de-junio-del-año-2017,VOLUMENES Y PROCEDENCIAS DEL PRODUCTO DEL 01 AL 26 DE JUNIO DEL AÑO:    2017,Plataforma Nacional de Datos Abiertos,1,0,,,Active,https://www.datosabiertos.gob.pe/sites/default/files/recursos/2017/06/VOL.PROC_.PROD_._13.xlsx,XLSX,200,"Lun, 06/26/2017 - 14:33","Vie, 07/07/2017 - 17:05"
ingreso-diario-de-volumenes-tm-de-productos-al-gmml-del-01-al-27-de-junio-2017,INGRESO DIARIO DE VOLUMENES ( TM ) DE PRODUCTOS AL GMML	DEL   01  AL  27  DE  JUNIO  2017,Plataforma Nacional de Datos Abiertos,1,0,,,Active,https://www.datosabiertos.gob.pe/sites/default/files/recursos/2017/06/VOL.JUNIO__14.xlsx,XLSX,200,"Mié, 06/28/2017 - 08:47","Vie, 07/07/2017 - 20:07"
ingreso-diarios-de-precios-por-variedad-de-producto-en-kg-del-01-al-27-de-junio-2017,INGRESO DIARIOS DE PRECIOS POR VARIEDAD  DE PRODUCTO EN KG.  DEL 01 AL 27 DE JUNIO 2017,Plataforma Nacional de Datos Abiertos,1,0,,,Active,https://www.datosabiertos.gob.pe/sites/default/files/recursos/2017/06/PRC.JUNIO__14.xlsx,XLSX,200,"Mié, 06/28/2017 - 08:48","Vie, 07/07/2017 - 17:05"
precios-por-productos-variedad-del-01-al-27-de-junio-del-año-2017-kg,PRECIOS POR PRODUCTOS VARIEDAD DEL 01 AL 27 DE JUNIO DEL AÑO 2017  KG.,Plataforma Nacional de Datos Abiertos,1,0,,,Active,https://www.datosabiertos.gob.pe/sites/default/files/recursos/2017/06/prec.mensual_14.xlsx,XLSX,200,"Mié, 06/28/2017 - 08:50","Vie, 07/07/2017 - 17:05"
volumenes-de-producto-por-varieadad-tm-del-01-al-27-de-junio-del-año-2017,VOLUMENES DE PRODUCTO POR VARIEADAD   TM. DEL 01 AL 27 DE JUNIO DEL AÑO 2017,Plataforma Nacional de Datos Abiertos,1,0,,,Active,https://www.datosabiertos.gob.pe/sites/default/files/recursos/2017/06/VOL.PROD_._14.xlsx,XLSX,200,"Mié, 06/28/2017 - 08:52","Vie, 07/07/2017 - 17:05"
volumenes-y-procedencias-del-producto-del-01-al-27-de-junio-del-año-2017,VOLUMENES Y PROCEDENCIAS DEL PRODUCTO DEL 01 AL 27 DE JUNIO DEL AÑO:    2017,Plataforma Nacional de Datos Abiertos,1,0,,,Active,https://www.datosabiertos.gob.pe/sites/default/files/recursos/2017/06/VOL.PROC_.PROD_._14.xlsx,XLSX,200,"Mié, 06/28/2017 - 08:57","Vie, 07/07/2017 - 17:05"
ingreso-diario-de-volumenes-tm-de-productos-al-gmml-del-01-al-28-de-junio-2017,INGRESO DIARIO DE VOLUMENES ( TM ) DE PRODUCTOS AL GMML	DEL   01  AL  28  DE  JUNIO  2017,Plataforma Nacional de Datos Abiertos,1,0,,,Active,https://www.datosabiertos.gob.pe/sites/default/files/recursos/2017/06/VOL.JUNIO__15.xlsx,XLSX,200,"Mié, 06/28/2017 - 11:07","Vie, 07/07/2017 - 17:05"
ingreso-diarios-de-precios-por-variedad-de-producto-en-kg-del-01-al-28-de-junio-2017,INGRESO DIARIOS DE PRECIOS POR VARIEDAD  DE PRODUCTO EN KG.  DEL 01 AL 28 DE JUNIO 2017,Plataforma Nacional de Datos Abiertos,1,0,,,Active,https://www.datosabiertos.gob.pe/sites/default/files/recursos/2017/06/PRC.JUNIO__15.xlsx,XLSX,200,"Mié, 06/28/2017 - 11:08","Vie, 07/07/2017 - 17:05"
precios-por-productos-variedad-del-01-al-28-de-junio-del-año-2017-kg,PRECIOS POR PRODUCTOS VARIEDAD DEL 01 AL 28 DE JUNIO DEL AÑO 2017  KG.,Plataforma Nacional de Datos Abiertos,1,0,,,Active,https://www.datosabiertos.gob.pe/sites/default/files/recursos/2017/06/prec.mensual_15.xlsx,XLSX,200,"Mié, 06/28/2017 - 11:08","Vie, 07/07/2017 - 17:05"
volumenes-de-producto-por-varieadad-tm-del-01-al-28-de-junio-del-año-2017,VOLUMENES DE PRODUCTO POR VARIEADAD   TM. DEL 01 AL 28 DE JUNIO DEL AÑO 2017,Plataforma Nacional de Datos Abiertos,1,0,,,Active,https://www.datosabiertos.gob.pe/sites/default/files/recursos/2017/06/VOL.PROD_._14.xlsx,XLSX,200,"Mié, 06/28/2017 - 11:10","Vie, 07/07/2017 - 17:05"
volumenes-y-procedencias-del-producto-del-01-al-28-de-junio-del-año-2017,VOLUMENES Y PROCEDENCIAS DEL PRODUCTO DEL 01 AL 28 DE JUNIO DEL AÑO:    2017,Plataforma Nacional de Datos Abiertos,1,0,,,Active,https://www.datosabiertos.gob.pe/sites/default/files/recursos/2017/06/VOL.PROC_.PROD_._14.xlsx,XLSX,200,"Mié, 06/28/2017 - 11:11","Vie, 07/07/2017 - 17:05"
ingreso-diarios-de-precios-por-variedad-de-producto-en-kg-junio-2017-03072017,INGRESO DIARIOS DE PRECIOS POR VARIEDAD  DE PRODUCTO EN KG.  JUNIO 2017  03/07/2017,Plataforma Nacional de Datos Abiertos,15,0,,,Active,https://www.datosabiertos.gob.pe/sites/default/files/recursos/2017/07/PRC.JUNIO_.xlsx,XLSX,200,"Jue, 07/06/2017 - 15:52","Vie, 07/07/2017 - 17:05"
relación-de-compañías-nivel-nacional,Relación de compañías a nivel nacional,Plataforma Nacional de Datos Abiertos,1,0,,,Active,https://www.datosabiertos.gob.pe/sites/default/files/recursos/2017/07/lista%20de%20compa%C3%B1ias.csv,CSV,200,"Jue, 07/06/2017 - 18:10","Jue, 07/06/2017 - 19:55"
cantidad-de-emergencias-en-lima-callao-e-ica-al-06-07-2017,"Cantidad de Emergencias en Lima, Callao e Ica al 06-07-2017",Plataforma Nacional de Datos Abiertos,1,0,,,Active,https://www.datosabiertos.gob.pe/sites/default/files/recursos/2017/07/emer%20central.csv,CSV,200,"Jue, 07/06/2017 - 18:22","Vie, 06/12/2026 - 12:15"
ingreso-diarios-de-precios-por-variedad-de-producto-en-kg-julio-2017-10072017,INGRESO DIARIOS DE PRECIOS POR VARIEDAD  DE PRODUCTO EN KG.  JULIO 2017 10/07/2017,Plataforma Nacional de Datos Abiertos,1,0,,,Active,https://www.datosabiertos.gob.pe/sites/default/files/recursos/2017/07/PRC.JULIO__1.xlsx,XLSX,200,"Mar, 07/11/2017 - 16:33","Vie, 06/12/2026 - 10:46"
precios-por-productos-variedad-año-2017-kg-10072017,PRECIOS POR PRODUCTOS VARIEDAD AÑO 2017  KG. 10/07/2017,Plataforma Nacional de Datos Abiertos,1,0,,,Active,https://www.datosabiertos.gob.pe/sites/default/files/recursos/2017/07/prec.mensual_2.xlsx,XLSX,200,"Mar, 07/11/2017 - 16:37","Vie, 06/12/2026 - 10:47"
volumenes-y-procedencias-del-producto-del-año-2017-10072017,VOLUMENES Y PROCEDENCIAS DEL PRODUCTO DEL AÑO:    2017  10/07/2017,Plataforma Nacional de Datos Abiertos,1,0,,,Active,https://www.datosabiertos.gob.pe/sites/default/files/recursos/2017/07/VOL.PROC_.PROD_._2.xlsx,XLSX,200,"Mar, 07/11/2017 - 16:40","Mar, 07/11/2017 - 17:43"
volumenes-de-producto-por-varieadad-tm-del-año-2017-10072017,VOLUMENES DE PRODUCTO POR VARIEADAD   TM. DEL AÑO 2017 10/07/2017,Plataforma Nacional de Datos Abiertos,1,0,,,Active,https://www.datosabiertos.gob.pe/sites/default/files/recursos/2017/07/VOL.PROD_._2.xlsx,XLSX,200,"Mar, 07/11/2017 - 16:41","Mar, 07/11/2017 - 17:43"
ingreso-diarios-de-precios-por-variedad-de-producto-en-kg-julio-2017-11072017,INGRESO DIARIOS DE PRECIOS POR VARIEDAD  DE PRODUCTO EN KG.  JULIO 2017 11/07/2017,Plataforma Nacional de Datos Abiertos,1,0,,,Active,https://www.datosabiertos.gob.pe/sites/default/files/recursos/2017/07/PRC.JULIO__2.xlsx,XLSX,200,"Mar, 07/11/2017 - 16:44","Mar, 07/11/2017 - 17:43"
volumenes-de-producto-por-varieadad-tm-del-año-2017-11072017,VOLUMENES DE PRODUCTO POR VARIEADAD   TM. DEL AÑO 2017 11/07/2017,Plataforma Nacional de Datos Abiertos,1,0,,,Active,https://www.datosabiertos.gob.pe/sites/default/files/recursos/2017/07/VOL.PROD_._3.xlsx,XLSX,200,"Mar, 07/11/2017 - 16:47","Mar, 07/11/2017 - 17:43"
ingreso-diarios-de-precios-por-variedad-de-producto-en-kg-julio-2017-140717,INGRESO DIARIOS DE PRECIOS POR VARIEDAD  DE PRODUCTO EN KG.  JULIO 2017 14/07/17,Plataforma Nacional de Datos Abiertos,1,0,,,Active,https://www.datosabiertos.gob.pe/sites/default/files/recursos/2017/07/PRC.JULIO__3.xlsx,XLSX,200,"Vie, 07/14/2017 - 16:20","Vie, 07/14/2017 - 18:12"
volumenes-y-procedencias-del-producto-del-año-2017-14072017,VOLUMENES Y PROCEDENCIAS DEL PRODUCTO DEL AÑO:    2017 14/07/2017,Plataforma Nacional de Datos Abiertos,1,0,,,Active,https://www.datosabiertos.gob.pe/sites/default/files/recursos/2017/07/VOL.PROC_.PROD_._4.xlsx,XLSX,200,"Vie, 07/14/2017 - 16:23","Vie, 06/12/2026 - 11:49"
volumenes-de-producto-por-varieadad-tm-del-año-2017-al-14-de-julio,VOLUMENES DE PRODUCTO POR VARIEADAD   TM. DEL AÑO 2017 al 14 de julio,Plataforma Nacional de Datos Abiertos,1,0,,,Active,https://www.datosabiertos.gob.pe/sites/default/files/recursos/2017/07/VOL.PROD_._4.xlsx,XLSX,200,"Vie, 07/14/2017 - 16:25","Vie, 07/14/2017 - 18:12"
ingreso-diarios-de-precios-por-variedad-de-producto-en-kg-julio-2017-al-17-de-julio,INGRESO DIARIOS DE PRECIOS POR VARIEDAD  DE PRODUCTO EN KG.  JULIO 2017  al 17 de julio,Plataforma Nacional de Datos Abiertos,1,0,,,Active,https://www.datosabiertos.gob.pe/sites/default/files/recursos/2017/07/prec.mensual_5.xlsx,XLSX,200,"Lun, 07/17/2017 - 15:44","Lun, 07/17/2017 - 18:42"
precios-por-productos-variedad-año-2017-kg-11072017,PRECIOS POR PRODUCTOS VARIEDAD AÑO 2017  KG. 11/07/2017,Plataforma Nacional de Datos Abiertos,1,0,,,Active,https://www.datosabiertos.gob.pe/sites/default/files/recursos/2017/07/prec.mensual_3.xlsx,XLSX,200,"Mar, 07/11/2017 - 16:45","Mar, 07/11/2017 - 17:43"
precios-por-productos-variedad-año-2017-kg-al-17-de-julio-del-2017,PRECIOS POR PRODUCTOS VARIEDAD AÑO 2017  KG. AL 17 DE JULIO DEL 2017,Plataforma Nacional de Datos Abiertos,1,0,,,Active,https://www.datosabiertos.gob.pe/sites/default/files/recursos/2017/07/VOL.JULIO__3.xlsx,XLSX,200,"Lun, 07/17/2017 - 15:45","Lun, 07/17/2017 - 18:42"
volumenes-de-producto-por-varieadad-tm-del-año-2017-al-17-de-julio,VOLUMENES DE PRODUCTO POR VARIEADAD   TM. DEL AÑO 2017 AL 17 DE JULIO ,Plataforma Nacional de Datos Abiertos,1,0,,,Active,https://www.datosabiertos.gob.pe/sites/default/files/recursos/2017/07/VOL.PROC_.PROD_._5.xlsx,XLSX,200,"Lun, 07/17/2017 - 15:46","Lun, 07/17/2017 - 18:42"
precios-por-productos-variedad-año-2017-kg-140717,PRECIOS POR PRODUCTOS VARIEDAD AÑO 2017  KG. 14/07/17,Plataforma Nacional de Datos Abiertos,1,0,,,Active,https://www.datosabiertos.gob.pe/sites/default/files/recursos/2017/07/prec.mensual_4.xlsx,XLSX,200,"Vie, 07/14/2017 - 16:21","Vie, 07/14/2017 - 18:12"
cantidad-de-emergencias-en-lima-callao-e-ica-al-18-07-2017,"Cantidad de Emergencias en Lima, Callao e Ica al 18-07-2017",Plataforma Nacional de Datos Abiertos,1,0,,,Active,https://www.datosabiertos.gob.pe/sites/default/files/recursos/2017/07/emer%20central%20-%2018-07-2017.csv,CSV,200,"Mar, 07/18/2017 - 16:05","Vie, 06/12/2026 - 12:15"
pueblos-formalizados-al-10-de-julio-del-2017,Pueblos Formalizados al 10 de Julio del 2017,Plataforma Nacional de Datos Abiertos,1,1,,,Active,https://www.datosabiertos.gob.pe/sites/default/files/recursos/2017/07/Pueblos%20Formalizados%202017_07_10.xlsx,XLSX,200,"Mié, 07/19/2017 - 12:12","Sáb, 07/24/2021 - 06:02"
volumenes-y-procedencias-del-producto-del-año-al-19072017,VOLUMENES Y PROCEDENCIAS DEL PRODUCTO DEL AÑO:    al 19/07/2017,Plataforma Nacional de Datos Abiertos,1,0,,,Active,https://www.datosabiertos.gob.pe/sites/default/files/recursos/2017/07/VOL.PROC_.PROD_._6.xlsx,XLSX,200,"Mié, 07/19/2017 - 16:15","Vie, 06/12/2026 - 11:48"
ingreso-diarios-de-precios-por-variedad-de-producto-en-kg-julio-2017-al-19072017,INGRESO DIARIOS DE PRECIOS POR VARIEDAD  DE PRODUCTO EN KG.  JULIO 2017 al 19/07/2017,Plataforma Nacional de Datos Abiertos,1,0,,,Active,https://www.datosabiertos.gob.pe/sites/default/files/recursos/2017/07/PRC.JULIO__5.xlsx,XLSX,200,"Mié, 07/19/2017 - 16:10","Mié, 07/19/2017 - 18:51"
volumenes-y-procedencias-del-producto-del-año-2017-al-17-de-julio,VOLUMENES Y PROCEDENCIAS DEL PRODUCTO DEL AÑO:    2017 al 17 de julio,Plataforma Nacional de Datos Abiertos,1,0,,,Active,https://www.datosabiertos.gob.pe/sites/default/files/recursos/2017/07/VOL.PROD_._5.xlsx,XLSX,200,"Lun, 07/17/2017 - 15:47","Vie, 06/12/2026 - 11:50"
ingreso-diarios-de-precios-por-variedad-de-producto-en-kg-18-julio-2017,INGRESO DIARIOS DE PRECIOS POR VARIEDAD  DE PRODUCTO EN KG.  18 JULIO 2017 ,Plataforma Nacional de Datos Abiertos,1,0,,,Active,https://www.datosabiertos.gob.pe/sites/default/files/recursos/2017/07/PRC.JULIO__5.xlsx,XLSX,200,"Mié, 07/19/2017 - 16:26","Mié, 07/19/2017 - 18:51"
precios-por-productos-variedad-año-2017-kg-al-18-de-julio,PRECIOS POR PRODUCTOS VARIEDAD AÑO 2017  KG. al 18 de julio,Plataforma Nacional de Datos Abiertos,1,0,,,Active,https://www.datosabiertos.gob.pe/sites/default/files/recursos/2017/07/prec.mensual_6.xlsx,XLSX,200,"Mié, 07/19/2017 - 16:28","Mié, 07/19/2017 - 18:51"
volumenes-de-producto-por-varieadad-tm-al-18-de-julio-del-año-2017,VOLUMENES DE PRODUCTO POR VARIEADAD   TM. al 18 de julio DEL AÑO 2017,Plataforma Nacional de Datos Abiertos,1,0,,,Active,https://www.datosabiertos.gob.pe/sites/default/files/recursos/2017/07/VOL.PROD_._6.xlsx,XLSX,200,"Mié, 07/19/2017 - 16:30","Mié, 07/19/2017 - 18:51"
volumenes-y-procedencias-del-producto-del-año-al-18-de-julio-2017,VOLUMENES Y PROCEDENCIAS DEL PRODUCTO DEL AÑO:  al 18 de julio  2017,Plataforma Nacional de Datos Abiertos,1,0,,,Active,https://www.datosabiertos.gob.pe/sites/default/files/recursos/2017/07/VOL.PROC_.PROD_._6.xlsx,XLSX,200,"Mié, 07/19/2017 - 16:29","Vie, 06/12/2026 - 11:49"
ingreso-diarios-de-precios-por-variedad-de-producto-en-kg-al-25-de-julio-2017,INGRESO DIARIOS DE PRECIOS POR VARIEDAD  DE PRODUCTO EN KG.  AL 25 DE JULIO 2017,Plataforma Nacional de Datos Abiertos,1,0,,,Active,https://www.datosabiertos.gob.pe/sites/default/files/recursos/2017/07/PRC.JULIO__6.xlsx,XLSX,200,"Mar, 07/25/2017 - 15:40","Mar, 07/25/2017 - 15:44"
precios-por-productos-variedad-año-al-25-julio-2017-kg,PRECIOS POR PRODUCTOS VARIEDAD AÑO AL 25 JULIO 2017  KG.,Plataforma Nacional de Datos Abiertos,1,0,,,Active,https://www.datosabiertos.gob.pe/sites/default/files/recursos/2017/07/prec.mensual_7.xlsx,XLSX,200,"Mar, 07/25/2017 - 15:42","Mar, 07/25/2017 - 15:44"
volumenes-y-procedencias-del-producto-del-año-2017-al-25-julio,VOLUMENES Y PROCEDENCIAS DEL PRODUCTO DEL AÑO:    2017 AL 25 JULIO,Plataforma Nacional de Datos Abiertos,1,0,,,Active,https://www.datosabiertos.gob.pe/sites/default/files/recursos/2017/07/VOL.PROC_.PROD_._7.xlsx,XLSX,200,"Mar, 07/25/2017 - 15:45","Vie, 06/12/2026 - 11:48"
volumenes-de-producto-por-varieadad-tm-del-año-2017-al-25-de-julio,VOLUMENES DE PRODUCTO POR VARIEADAD   TM. DEL AÑO 2017 AL 25 DE JULIO,Plataforma Nacional de Datos Abiertos,1,0,,,Active,https://www.datosabiertos.gob.pe/sites/default/files/recursos/2017/07/VOL.PROD_._7.xlsx,XLSX,200,"Mar, 07/25/2017 - 15:47","Mar, 07/25/2017 - 18:44"
cantidad-de-emergencias-en-lima-callao-e-ica-al-25-07-2017,"Cantidad de Emergencias en Lima, Callao e Ica al 25-07-2017",Plataforma Nacional de Datos Abiertos,1,0,,,Active,https://www.datosabiertos.gob.pe/sites/default/files/recursos/2017/07/emer%20central%20-%2025-07-2017.csv,CSV,200,"Mar, 07/25/2017 - 16:20","Vie, 06/12/2026 - 12:14"
cantidad-de-emergencias-nivel-nacional-junio-2017,Cantidad de Emergencias a Nivel Nacional a JUNIO 2017,Plataforma Nacional de Datos Abiertos,1,0,,,Active,https://www.datosabiertos.gob.pe/sites/default/files/recursos/2017/07/emer%20nacional-jun-2017.csv,CSV,200,"Mar, 07/25/2017 - 16:14","Vie, 06/12/2026 - 12:00"
precios-por-productos-variedad-año-2017-al-26-de-julio-kg,PRECIOS POR PRODUCTOS VARIEDAD AÑO 2017 al 26 de julio  KG.,Plataforma Nacional de Datos Abiertos,1,0,,,Active,https://www.datosabiertos.gob.pe/sites/default/files/recursos/2017/07/prec.mensual_8.xlsx,XLSX,200,"Mié, 07/26/2017 - 15:09","Mié, 07/26/2017 - 16:06"
volumenes-de-producto-por-varieadad-tm-del-año-2017-al-26-de-julio,VOLUMENES DE PRODUCTO POR VARIEADAD   TM. DEL AÑO 2017 al 26 de julio,Plataforma Nacional de Datos Abiertos,1,0,,,Active,https://www.datosabiertos.gob.pe/sites/default/files/recursos/2017/07/VOL.PROD_._8.xlsx,XLSX,200,"Mié, 07/26/2017 - 15:12","Mié, 07/26/2017 - 16:06"
ingreso-diarios-de-precios-por-variedad-de-producto-en-kg-al-26-de-julio-2017,INGRESO DIARIOS DE PRECIOS POR VARIEDAD  DE PRODUCTO EN KG. Al 26 de JULIO 2017,Plataforma Nacional de Datos Abiertos,1,0,,,Active,https://www.datosabiertos.gob.pe/sites/default/files/recursos/2017/07/PRC.JULIO__7.xlsx,XLSX,200,"Mié, 07/26/2017 - 15:08","Mié, 07/26/2017 - 16:06"
midagri-02-datero-agrario-ministerio-de-desarrollo-agrario-y-riego,MIDAGRI-02: Datero Agrario [Ministerio de Desarrollo Agrario y Riego],Plataforma Nacional de Datos Abiertos,42,1,,,Active,https://www.datosabiertos.gob.pe/sites/default/files/recursos/2017/07/2015_0.csv,CSV,200,"Mar, 07/25/2017 - 16:46","Lun, 06/15/2026 - 12:56"
volumenes-y-procedencias-del-producto-del-año-2017-del-26-de-julio,VOLUMENES Y PROCEDENCIAS DEL PRODUCTO DEL AÑO:    2017 del 26 de julio,Plataforma Nacional de Datos Abiertos,1,0,,,Active,https://www.datosabiertos.gob.pe/sites/default/files/recursos/2017/07/VOL.PROC_.PROD_._8.xlsx,XLSX,200,"Mié, 07/26/2017 - 15:11","Vie, 06/12/2026 - 11:47"
cantidad-de-emergencias-en-lima-callao-e-ica-al-01-08-2017,"Cantidad de Emergencias en Lima, Callao e Ica al 01-08-2017",Plataforma Nacional de Datos Abiertos,1,0,,,Active,https://www.datosabiertos.gob.pe/sites/default/files/recursos/2017/08/emer%20central%20-%2001-08-2017.csv,CSV,200,"Mar, 08/01/2017 - 11:14","Vie, 06/12/2026 - 12:14"
ingreso-diarios-de-precios-por-variedad-de-producto-en-kg-agosto-2017,INGRESO DIARIOS DE PRECIOS POR VARIEDAD  DE PRODUCTO EN KG.  AGOSTO 2017,Plataforma Nacional de Datos Abiertos,1,0,,,Active,https://www.datosabiertos.gob.pe/sites/default/files/recursos/2017/08/PREC.AGOSTO.xlsx,XLSX,200,"Mié, 08/02/2017 - 14:41","Mié, 08/02/2017 - 16:58"
volumenes-y-procedencias-del-producto-del-año-02-08-2017,VOLUMENES Y PROCEDENCIAS DEL PRODUCTO DEL AÑO: 02-08-2017,Plataforma Nacional de Datos Abiertos,1,0,,,Active,https://www.datosabiertos.gob.pe/sites/default/files/recursos/2017/08/VOL.PROC_.PROD_..xlsx,XLSX,200,"Mié, 08/02/2017 - 14:49","Vie, 06/12/2026 - 11:47"
precios-por-productos-variedad-año-2017-kg-0,PRECIOS POR PRODUCTOS VARIEDAD AÑO 2017  KG,Plataforma Nacional de Datos Abiertos,1,0,,,Active,https://www.datosabiertos.gob.pe/sites/default/files/recursos/2017/08/prec.mensual.xlsx,XLSX,200,"Mié, 08/02/2017 - 14:46","Mié, 08/02/2017 - 16:58"
listado-de-oficinas-comerciales-del-perú-en-el-exterior-ocex,Listado de Oficinas Comerciales del Perú en el Exterior - OCEX ,Plataforma Nacional de Datos Abiertos,0,0,,,Active,,,,"Mié, 08/02/2017 - 14:50","Vie, 04/05/2019 - 17:30"
volumenes-de-producto-por-varieadad-tm-del-año-02-08-2017,VOLUMENES DE PRODUCTO POR VARIEADAD   TM. DEL AÑO 02-08-2017,Plataforma Nacional de Datos Abiertos,1,0,,,Active,https://www.datosabiertos.gob.pe/sites/default/files/recursos/2017/08/VOL.PROD_..xlsx,XLSX,200,"Mié, 08/02/2017 - 14:50","Mié, 08/02/2017 - 16:58"
ingreso-diarios-de-precios-por-variedad-de-producto-en-kg-agosto-2017-03-08,INGRESO DIARIOS DE PRECIOS POR VARIEDAD  DE PRODUCTO EN KG.  AGOSTO 2017-03-08,Plataforma Nacional de Datos Abiertos,1,0,,,Active,https://www.datosabiertos.gob.pe/sites/default/files/recursos/2017/08/PREC.AGOSTO_0.xlsx,XLSX,200,"Jue, 08/03/2017 - 16:10","Jue, 08/03/2017 - 17:04"
precios-por-productos-variedad-año-2017-03-08-2017,PRECIOS POR PRODUCTOS VARIEDAD AÑO 2017-03-08-2017,Plataforma Nacional de Datos Abiertos,1,0,,,Active,https://www.datosabiertos.gob.pe/sites/default/files/recursos/2017/08/prec.mensual_0.xlsx,XLSX,200,"Jue, 08/03/2017 - 16:12","Jue, 08/03/2017 - 17:04"
volumenes-de-producto-por-varieadad-tm-del-año-2017-08-03,VOLUMENES DE PRODUCTO POR VARIEADAD-TM. DEL AÑO 2017-08-03,Plataforma Nacional de Datos Abiertos,0,0,,,Active,,,,"Jue, 08/03/2017 - 16:25","Jue, 08/03/2017 - 16:25"
volumenes-y-procedencias-del-producto-del-año-2017-08-03,VOLUMENES Y PROCEDENCIAS DEL PRODUCTO DEL AÑO: 2017-08-03,Plataforma Nacional de Datos Abiertos,1,0,,,Active,https://www.datosabiertos.gob.pe/sites/default/files/recursos/2017/08/VOL.PROC_.PROD_._0.xlsx,XLSX,200,"Jue, 08/03/2017 - 16:24","Vie, 06/12/2026 - 11:45"
volumenes-de-producto-por-varieadad-tm-del-año-2017-08-03-0,VOLUMENES DE PRODUCTO POR VARIEADAD-TM. DEL AÑO 2017-08-03,Plataforma Nacional de Datos Abiertos,1,0,,,Active,https://www.datosabiertos.gob.pe/sites/default/files/recursos/2017/08/VOL.PROD_._0.xlsx,XLSX,200,"Jue, 08/03/2017 - 16:26","Jue, 08/03/2017 - 17:04"
ingreso-diarios-de-precios-por-variedad-de-producto-en-kg-agosto-2017-07,INGRESO DIARIOS DE PRECIOS POR VARIEDAD  DE PRODUCTO EN KG.  AGOSTO 2017-07,Plataforma Nacional de Datos Abiertos,1,0,,,Active,https://www.datosabiertos.gob.pe/sites/default/files/recursos/2017/08/PREC.AGOSTO_1.xlsx,XLSX,200,"Lun, 08/07/2017 - 14:17","Lun, 08/07/2017 - 14:39"
precios-por-productos-variedad-año-2017-agosto-07,PRECIOS POR PRODUCTOS VARIEDAD AÑO 2017-AGOSTO-07,Plataforma Nacional de Datos Abiertos,1,0,,,Active,https://www.datosabiertos.gob.pe/sites/default/files/recursos/2017/08/prec.mensual_1.xlsx,XLSX,200,"Lun, 08/07/2017 - 14:19","Lun, 08/07/2017 - 14:39"
ingreso-diario-de-volumenes-tm-de-productos-al-gmml-del-01-al-07-de-agosto-2017-07,INGRESO DIARIO DE VOLUMENES ( TM ) DE PRODUCTOS AL GMML	DEL   01 AL 07 DE  AGOSTO  2017-07,Plataforma Nacional de Datos Abiertos,1,0,,,Active,https://www.datosabiertos.gob.pe/sites/default/files/recursos/2017/08/VOL.AGOSTO_1.xlsx,XLSX,200,"Lun, 08/07/2017 - 14:20","Vie, 06/12/2026 - 12:03"
volumenes-y-procedencias-del-producto-del-año-2017-agos-07,VOLUMENES Y PROCEDENCIAS DEL PRODUCTO DEL AÑO: 2017-AGOS-07,Plataforma Nacional de Datos Abiertos,1,0,,,Active,https://www.datosabiertos.gob.pe/sites/default/files/recursos/2017/08/VOL.PROC_.PROD_._1.xlsx,XLSX,200,"Lun, 08/07/2017 - 14:21","Vie, 06/12/2026 - 11:44"
volumenes-de-producto-por-varieadad-tm-del-año-2017-agosto-07,VOLUMENES DE PRODUCTO POR VARIEADAD   TM. DEL AÑO 2017-AGOSTO-07,Plataforma Nacional de Datos Abiertos,1,0,,,Active,https://www.datosabiertos.gob.pe/sites/default/files/recursos/2017/08/VOL.PROD_._1.xlsx,XLSX,200,"Lun, 08/07/2017 - 14:22","Lun, 08/07/2017 - 14:39"
ingreso-diarios-de-precios-por-variedad-de-producto-en-kg-agosto-2017-08-09,INGRESO DIARIOS DE PRECIOS POR VARIEDAD  DE PRODUCTO EN KG.  AGOSTO 2017-08-09,Plataforma Nacional de Datos Abiertos,1,0,,,Active,https://www.datosabiertos.gob.pe/sites/default/files/recursos/2017/08/PREC.AGOSTO_2.xlsx,XLSX,200,"Mié, 08/09/2017 - 11:49","Mié, 08/09/2017 - 11:54"
cantidad-de-emergencias-en-lima-callao-e-ica-al-08-08-2017,"Cantidad de Emergencias en Lima, Callao e Ica al 08-08-2017",Plataforma Nacional de Datos Abiertos,1,0,,,Active,https://www.datosabiertos.gob.pe/sites/default/files/recursos/2017/08/emer%20central%20-%2008-08-2017.csv,CSV,200,"Mar, 08/08/2017 - 11:50","Vie, 06/12/2026 - 12:13"
ingreso-diario-de-volumenes-tm-de-productos-al-gm-del-01-al-09-de-agosto-2017,INGRESO DIARIO DE VOLUMENES ( TM ) DE PRODUCTOS AL GM DEL  01 AL 09 DE  AGOSTO  2017,Plataforma Nacional de Datos Abiertos,1,0,,,Active,https://www.datosabiertos.gob.pe/sites/default/files/recursos/2017/08/VOL.AGOSTO_2.xlsx,XLSX,200,"Mié, 08/09/2017 - 11:52","Vie, 06/12/2026 - 12:01"
precios-por-productos-variedad-año-2017-08-09,PRECIOS POR PRODUCTOS VARIEDAD AÑO 2017-08-09,Plataforma Nacional de Datos Abiertos,1,0,,,Active,https://www.datosabiertos.gob.pe/sites/default/files/recursos/2017/08/prec.mensual_2.xlsx,XLSX,200,"Mié, 08/09/2017 - 11:51","Mié, 08/09/2017 - 11:54"
volumenes-y-procedencias-del-producto-del-año-2017-08-09,VOLUMENES Y PROCEDENCIAS DEL PRODUCTO DEL AÑO: 2017-08-09,Plataforma Nacional de Datos Abiertos,1,0,,,Active,https://www.datosabiertos.gob.pe/sites/default/files/recursos/2017/08/VOL.PROC_.PROD_._2.xlsx,XLSX,200,"Mié, 08/09/2017 - 11:53","Vie, 06/12/2026 - 11:44"
volumenes-de-producto-por-varieadad-tm-del-año-2017-08-09,VOLUMENES DE PRODUCTO POR VARIEADAD   TM. DEL AÑO 2017-08-09,Plataforma Nacional de Datos Abiertos,1,0,,,Active,https://www.datosabiertos.gob.pe/sites/default/files/recursos/2017/08/VOL.PROD_._2.xlsx,XLSX,200,"Mié, 08/09/2017 - 11:54","Mié, 08/09/2017 - 11:54"
correspondencia-de-la-cancillería,Correspondencia de la Cancillería,Plataforma Nacional de Datos Abiertos,1,0,,,Active,http://apps.rree.gob.pe/portal/ArchivoCentral/Catalogo/ACInvent.nsf/,URL,0,"Jue, 08/10/2017 - 11:50","Jue, 08/17/2017 - 09:31"
ingreso-diarios-de-precios-por-variedad-de-producto-en-kg-agosto-2017-14-08,INGRESO DIARIOS DE PRECIOS POR VARIEDAD  DE PRODUCTO EN KG.  AGOSTO 2017-14-08,Plataforma Nacional de Datos Abiertos,2,0,,,Active,https://www.datosabiertos.gob.pe/sites/default/files/recursos/2017/08/PREC.AGOSTO_3.xlsx,XLSX,200,"Lun, 08/14/2017 - 11:19","Lun, 08/14/2017 - 12:36"
archivo-particular-del-presidente-augusto-b-leguia,Archivo Particular del Presidente Augusto B. Leguia,Plataforma Nacional de Datos Abiertos,1,0,,,Active,http://apps.rree.gob.pe/portal/cleguia/colleguia.nsf/,URL,0,"Jue, 08/10/2017 - 12:16","Jue, 08/10/2017 - 17:59"
precios-por-productos-variedad-año-2017140807,PRECIOS POR PRODUCTOS VARIEDAD AÑO 201714/08/07,Plataforma Nacional de Datos Abiertos,1,0,,,Active,https://www.datosabiertos.gob.pe/sites/default/files/recursos/2017/08/prec.mensual_3.xlsx,XLSX,200,"Lun, 08/14/2017 - 11:24","Lun, 08/14/2017 - 12:36"
catálogo-sobre-la-guerra-de-las-fuerzas-aliadas-contra-la-republica-de-españa,Catálogo sobre la guerra de las fuerzas aliadas contra la Republica de España,Plataforma Nacional de Datos Abiertos,1,0,,,Active,http://apps.rree.gob.pe/portal/catalogoradi.nsf,URL,0,"Jue, 08/10/2017 - 12:19","Mié, 02/12/2025 - 18:34"
inventario-de-cuadernos-copiadores,Inventario de cuadernos copiadores,Plataforma Nacional de Datos Abiertos,1,0,,,Active,http://www.rree.gob.pe/servicioalciudadano/Documents/cuadernos_Copiadores.pdf,PDF,404,"Jue, 08/10/2017 - 12:22","Mié, 09/20/2017 - 15:26"
volumenes-y-procedencias-del-producto-del-año-2017-14-08,VOLUMENES Y PROCEDENCIAS DEL PRODUCTO DEL AÑO: 2017-14-08,Plataforma Nacional de Datos Abiertos,1,0,,,Active,https://www.datosabiertos.gob.pe/sites/default/files/recursos/2017/08/VOL.PROC_.PROD_._3.xlsx,XLSX,200,"Lun, 08/14/2017 - 11:29","Vie, 06/12/2026 - 11:44"
ingreso-diario-de-volumenes-tm-de-productos-al-gmml-del-01-al-14-de-agosto-2017-14-08,INGRESO DIARIO DE VOLUMENES ( TM ) DE PRODUCTOS AL GMML DEL   01 AL 14 DE  AGOSTO  2017-14-08,Plataforma Nacional de Datos Abiertos,1,0,,,Active,https://www.datosabiertos.gob.pe/sites/default/files/recursos/2017/08/VOL.AGOSTO_3.xlsx,XLSX,200,"Lun, 08/14/2017 - 11:27","Vie, 06/12/2026 - 12:01"
volumenes-de-producto-por-varieadad-tm-del-año-2017-14-08,VOLUMENES DE PRODUCTO POR VARIEADAD TM. DEL AÑO 2017-14-08,Plataforma Nacional de Datos Abiertos,1,0,,,Active,https://www.datosabiertos.gob.pe/sites/default/files/recursos/2017/08/VOL.PROD_._3.xlsx,XLSX,200,"Lun, 08/14/2017 - 11:31","Lun, 08/14/2017 - 12:36"
cantidad-de-emergencias-en-lima-callao-e-ica-al-15-08-2017,"Cantidad de Emergencias en Lima, Callao e Ica al 15-08-2017",Plataforma Nacional de Datos Abiertos,1,0,,,Active,https://www.datosabiertos.gob.pe/sites/default/files/recursos/2017/08/emer%20central%20-%2015-08-2017.csv,CSV,200,"Mar, 08/15/2017 - 10:19","Vie, 06/12/2026 - 12:13"
ingreso-diario-de-volumenes-tm-de-productos-al-gmml-del-01-al-16-de-agosto-2017,INGRESO DIARIO DE VOLUMENES ( TM ) DE PRODUCTOS AL GMML DEL   01 AL 16 DE  AGOSTO  2017,Plataforma Nacional de Datos Abiertos,1,0,,,Active,https://www.datosabiertos.gob.pe/sites/default/files/recursos/2017/08/VOL.AGOSTO_4.xlsx,XLSX,200,"Mié, 08/16/2017 - 11:41","Vie, 06/12/2026 - 12:01"
ingreso-diarios-de-precios-por-variedad-de-producto-en-kg-agosto-162017,INGRESO DIARIOS DE PRECIOS POR VARIEDAD  DE PRODUCTO EN KG.  AGOSTO 16/2017 ,Plataforma Nacional de Datos Abiertos,1,0,,,Active,https://www.datosabiertos.gob.pe/sites/default/files/recursos/2017/08/PREC.AGOSTO_4.xlsx,XLSX,200,"Mié, 08/16/2017 - 11:43","Mié, 08/16/2017 - 12:52"
precios-por-productos-variedad-año-20170816-kg,PRECIOS POR PRODUCTOS VARIEDAD AÑO 2017/08/16  KG.,Plataforma Nacional de Datos Abiertos,1,0,,,Active,https://www.datosabiertos.gob.pe/sites/default/files/recursos/2017/08/prec.mensual_4.xlsx,XLSX,200,"Mié, 08/16/2017 - 11:45","Mié, 08/16/2017 - 12:52"
volumenes-y-procedencias-del-producto-del-año-20170816,VOLUMENES Y PROCEDENCIAS DEL PRODUCTO DEL AÑO:    2017.08.16,Plataforma Nacional de Datos Abiertos,1,0,,,Active,https://www.datosabiertos.gob.pe/sites/default/files/recursos/2017/08/VOL.PROC_.PROD_._4.xlsx,XLSX,200,"Mié, 08/16/2017 - 11:53","Vie, 06/12/2026 - 11:43"
ingreso-diarios-de-precios-por-variedad-de-producto-en-kg-agosto-al-17082017,INGRESO DIARIOS DE PRECIOS POR VARIEDAD  DE PRODUCTO EN KG.  AGOSTO AL 17/08/2017,Plataforma Nacional de Datos Abiertos,1,0,,,Active,https://www.datosabiertos.gob.pe/sites/default/files/recursos/2017/08/PREC.AGOSTO_5.xlsx,XLSX,200,"Jue, 08/17/2017 - 16:36","Jue, 08/17/2017 - 19:02"
volumenes-de-producto-por-varieadad-tm-del-año-20170816,VOLUMENES DE PRODUCTO POR VARIEADAD   TM. DEL AÑO 2017/08/16,Plataforma Nacional de Datos Abiertos,1,0,,,Active,https://www.datosabiertos.gob.pe/sites/default/files/recursos/2017/08/VOL.PROD_._4.xlsx,XLSX,200,"Mié, 08/16/2017 - 11:50","Mié, 08/16/2017 - 12:52"
precios-por-productos-variedad-año-20171708-kg,PRECIOS POR PRODUCTOS VARIEDAD AÑO 2017/17/08  KG.,Plataforma Nacional de Datos Abiertos,1,0,,,Active,https://www.datosabiertos.gob.pe/sites/default/files/recursos/2017/08/prec.mensual_5.xlsx,XLSX,200,"Jue, 08/17/2017 - 16:38","Jue, 08/17/2017 - 19:02"
registro-de-solicitudes-de-oficialización-de-eventos-internacionales,Registro de solicitudes de Oficialización de Eventos Internacionales,Plataforma Nacional de Datos Abiertos,3,0,,,Active,https://www.datosabiertos.gob.pe/sites/default/files/recursos/2017/08/LISTADO%20DE%20SOLICITUD%20DE%20OFICIALIZACI%C3%93N%20DE%20EVENTOS%20INTERNACIONALES%20%28VIGENTE%29.xlsx,XLSX,200,"Jue, 08/17/2017 - 09:22","Jue, 10/19/2017 - 12:22"
ingreso-diario-de-volumenes-tm-de-productos-al-gmml-del-01-al-17-de-agosto-2017,INGRESO DIARIO DE VOLUMENES ( TM ) DE PRODUCTOS AL GMML DEL   01 AL 17 DE  AGOSTO  2017,Plataforma Nacional de Datos Abiertos,1,0,,,Active,https://www.datosabiertos.gob.pe/sites/default/files/recursos/2017/08/VOL.AGOSTO_5.xlsx,XLSX,200,"Jue, 08/17/2017 - 16:39","Vie, 06/12/2026 - 12:00"
volumenes-de-producto-por-varieadad-tm-del-año-20171708,VOLUMENES DE PRODUCTO POR VARIEADAD   TM. DEL AÑO 2017/17/08,Plataforma Nacional de Datos Abiertos,1,0,,,Active,https://www.datosabiertos.gob.pe/sites/default/files/recursos/2017/08/VOL.PROD_._5.xlsx,XLSX,200,"Jue, 08/17/2017 - 16:40","Jue, 08/17/2017 - 19:02"
volumenes-y-procedencias-del-producto-del-año-20171708,VOLUMENES Y PROCEDENCIAS DEL PRODUCTO DEL AÑO:    2017/17/08,Plataforma Nacional de Datos Abiertos,1,0,,,Active,https://www.datosabiertos.gob.pe/sites/default/files/recursos/2017/08/VOL.PROC_.PROD_._5.xlsx,XLSX,200,"Jue, 08/17/2017 - 16:40","Vie, 06/12/2026 - 11:43"
cantidad-de-emergencias-nivel-nacional-julio-2017,Cantidad de Emergencias a Nivel Nacional a JULIO 2017,Plataforma Nacional de Datos Abiertos,2,0,,,Active,https://www.datosabiertos.gob.pe/sites/default/files/recursos/2017/08/emer%20nacional-jul-2017.csv,CSV,200,"Vie, 08/18/2017 - 11:13","Mar, 07/14/2026 - 15:17"
ingreso-diarios-de-precios-por-variedad-de-producto-en-kg-al-18-de-agosto-2017,INGRESO DIARIOS DE PRECIOS POR VARIEDAD  DE PRODUCTO EN KG.  al 18 de AGOSTO 2017 ,Plataforma Nacional de Datos Abiertos,1,0,,,Active,https://www.datosabiertos.gob.pe/sites/default/files/recursos/2017/08/PREC.AGOSTO_6.xlsx,XLSX,200,"Vie, 08/18/2017 - 16:34","Vie, 08/18/2017 - 19:08"
ingreso-diario-de-volumenes-tm-de-productos-al-gmml-del-01-al-18-de-agosto-2017,INGRESO DIARIO DE VOLUMENES ( TM ) DE PRODUCTOS AL GMML DEL   01 AL 18 DE  AGOSTO  2017,Plataforma Nacional de Datos Abiertos,1,0,,,Active,https://www.datosabiertos.gob.pe/sites/default/files/recursos/2017/08/VOL.AGOSTO_6.xlsx,XLSX,200,"Vie, 08/18/2017 - 16:38","Vie, 06/12/2026 - 11:59"
volumenes-y-procedencias-del-producto-del-año-20170818,VOLUMENES Y PROCEDENCIAS DEL PRODUCTO DEL AÑO:    2017/08/18,Plataforma Nacional de Datos Abiertos,1,0,,,Active,https://www.datosabiertos.gob.pe/sites/default/files/recursos/2017/08/VOL.PROC_.PROD_._6.xlsx,XLSX,200,"Vie, 08/18/2017 - 16:39","Vie, 06/12/2026 - 11:43"
ingreso-diario-de-volumenes-tm-de-productos-al-gmml-del-01-al-21-de-agosto-2017,INGRESO DIARIO DE VOLUMENES ( TM ) DE PRODUCTOS AL GMML DEL   01 AL 21 DE  AGOSTO  2017,Plataforma Nacional de Datos Abiertos,1,0,,,Active,https://www.datosabiertos.gob.pe/sites/default/files/recursos/2017/08/VOL.AGOSTO_7.xlsx,XLSX,200,"Lun, 08/21/2017 - 14:18","Vie, 06/12/2026 - 12:00"
volumenes-de-producto-por-varieadad-tm-del-año-20170818,VOLUMENES DE PRODUCTO POR VARIEADAD   TM. DEL AÑO 2017/08/18,Plataforma Nacional de Datos Abiertos,1,0,,,Active,https://www.datosabiertos.gob.pe/sites/default/files/recursos/2017/08/VOL.PROD_._6.xlsx,XLSX,200,"Vie, 08/18/2017 - 16:40","Vie, 08/18/2017 - 19:08"
ingreso-diarios-de-precios-por-variedad-de-producto-en-kg-agosto-20170821,INGRESO DIARIOS DE PRECIOS POR VARIEDAD  DE PRODUCTO EN KG.  AGOSTO 2017/08/21,Plataforma Nacional de Datos Abiertos,1,0,,,Active,https://www.datosabiertos.gob.pe/sites/default/files/recursos/2017/08/PREC.AGOSTO_7.xlsx,XLSX,200,"Lun, 08/21/2017 - 14:19","Lun, 08/21/2017 - 17:18"
precios-por-productos-variedad-año-20170821-kg,PRECIOS POR PRODUCTOS VARIEDAD AÑO 2017/08/21  KG.,Plataforma Nacional de Datos Abiertos,1,0,,,Active,https://www.datosabiertos.gob.pe/sites/default/files/recursos/2017/08/prec.mensual_6.xlsx,XLSX,200,"Lun, 08/21/2017 - 14:19","Lun, 08/21/2017 - 17:18"
precios-por-productos-variedad-año-20170818-kg,PRECIOS POR PRODUCTOS VARIEDAD AÑO 2017/08/18  KG.,Plataforma Nacional de Datos Abiertos,0,0,,,Active,,,,"Vie, 08/18/2017 - 16:35","Vie, 08/18/2017 - 16:35"
volumenes-y-procedencias-del-producto-del-año-20170821,VOLUMENES Y PROCEDENCIAS DEL PRODUCTO DEL AÑO:    2017/08/21,Plataforma Nacional de Datos Abiertos,1,0,,,Active,https://www.datosabiertos.gob.pe/sites/default/files/recursos/2017/08/VOL.PROC_.PROD_._7.xlsx,XLSX,200,"Lun, 08/21/2017 - 14:21","Vie, 06/12/2026 - 11:42"
volumenes-de-producto-por-varieadad-tm-del-año-20170821,VOLUMENES DE PRODUCTO POR VARIEADAD   TM. DEL AÑO 2017/08/21,Plataforma Nacional de Datos Abiertos,1,0,,,Active,https://www.datosabiertos.gob.pe/sites/default/files/recursos/2017/08/VOL.PROD_._7.xlsx,XLSX,200,"Lun, 08/21/2017 - 14:20","Lun, 08/21/2017 - 17:18"
ingreso-diario-de-volumenes-tm-de-productos-al-gmml-del-01-al-22-de-agosto-2017,INGRESO DIARIO DE VOLUMENES ( TM ) DE PRODUCTOS AL GMML DEL   01 AL 22 DE  AGOSTO  2017,Plataforma Nacional de Datos Abiertos,1,0,,,Active,https://www.datosabiertos.gob.pe/sites/default/files/recursos/2017/08/VOL.AGOSTO_8.xlsx,XLSX,200,"Mar, 08/22/2017 - 14:53","Vie, 06/12/2026 - 11:58"
cantidad-de-emergencias-en-lima-callao-e-ica-al-22-08-2017,"Cantidad de Emergencias en Lima, Callao e Ica al 22-08-2017",Plataforma Nacional de Datos Abiertos,1,0,,,Active,https://www.datosabiertos.gob.pe/sites/default/files/recursos/2017/08/emer%20central%20-%2022-08-2017.csv,CSV,200,"Mar, 08/22/2017 - 10:21","Vie, 06/12/2026 - 12:16"
ingreso-diarios-de-precios-por-variedad-de-producto-en-kg-agosto-20170822,INGRESO DIARIOS DE PRECIOS POR VARIEDAD  DE PRODUCTO EN KG.  AGOSTO 2017/08/22,Plataforma Nacional de Datos Abiertos,1,0,,,Active,https://www.datosabiertos.gob.pe/sites/default/files/recursos/2017/08/PREC.AGOSTO_8.xlsx,XLSX,200,"Mar, 08/22/2017 - 14:54","Mar, 08/22/2017 - 17:22"
precios-por-productos-variedad-año-20170822-kg,PRECIOS POR PRODUCTOS VARIEDAD AÑO 2017/08/22  KG.,Plataforma Nacional de Datos Abiertos,1,0,,,Active,https://www.datosabiertos.gob.pe/sites/default/files/recursos/2017/08/prec.mensual_7.xlsx,XLSX,200,"Mar, 08/22/2017 - 14:55","Mar, 08/22/2017 - 17:22"
volumenes-de-producto-por-varieadad-tm-del-año-20170822,VOLUMENES DE PRODUCTO POR VARIEADAD   TM. DEL AÑO 2017/08/22,Plataforma Nacional de Datos Abiertos,1,0,,,Active,https://www.datosabiertos.gob.pe/sites/default/files/recursos/2017/08/VOL.PROD_._8.xlsx,XLSX,200,"Mar, 08/22/2017 - 14:56","Mar, 08/22/2017 - 17:22"
volumenes-y-procedencias-del-producto-del-año-20170822,VOLUMENES Y PROCEDENCIAS DEL PRODUCTO DEL AÑO:    2017/08/22,Plataforma Nacional de Datos Abiertos,1,0,,,Active,https://www.datosabiertos.gob.pe/sites/default/files/recursos/2017/08/VOL.PROC_.PROD_._8.xlsx,XLSX,200,"Mar, 08/22/2017 - 14:56","Vie, 06/12/2026 - 11:42"
ingreso-diarios-de-precios-por-variedad-de-producto-en-kg-agosto-20170823,INGRESO DIARIOS DE PRECIOS POR VARIEDAD  DE PRODUCTO EN KG.  AGOSTO 2017/08/23,Plataforma Nacional de Datos Abiertos,1,0,,,Active,https://www.datosabiertos.gob.pe/sites/default/files/recursos/2017/08/PREC.AGOSTO_9.xlsx,XLSX,200,"Mié, 08/23/2017 - 16:14","Mié, 08/23/2017 - 17:26"
precios-por-productos-variedad-año-20170823-kg,PRECIOS POR PRODUCTOS VARIEDAD AÑO 2017/08/23  KG.,Plataforma Nacional de Datos Abiertos,1,0,,,Active,https://www.datosabiertos.gob.pe/sites/default/files/recursos/2017/08/prec.mensual_8.xlsx,XLSX,200,"Mié, 08/23/2017 - 16:15","Mié, 08/23/2017 - 17:26"
volumenes-y-procedencias-del-producto-del-año-20170823,VOLUMENES Y PROCEDENCIAS DEL PRODUCTO DEL AÑO:    2017/08/23,Plataforma Nacional de Datos Abiertos,1,0,,,Active,https://www.datosabiertos.gob.pe/sites/default/files/recursos/2017/08/VOL.PROC_.PROD_._9.xlsx,XLSX,200,"Mié, 08/23/2017 - 16:17","Vie, 06/12/2026 - 11:41"
volumenes-de-producto-por-varieadad-tm-del-año-20170823,VOLUMENES DE PRODUCTO POR VARIEADAD   TM. DEL AÑO 2017/08/23,Plataforma Nacional de Datos Abiertos,1,0,,,Active,https://www.datosabiertos.gob.pe/sites/default/files/recursos/2017/08/VOL.PROD_._9.xlsx,XLSX,200,"Mié, 08/23/2017 - 16:18","Mié, 08/23/2017 - 17:26"
registro-de-instaladores-habilitados-de-gas-natural-agosto-2017-osinergmin,Registro de Instaladores Habilitados de Gas Natural - Agosto 2017 - OSINERGMIN ,Plataforma Nacional de Datos Abiertos,4,1,,,Active,https://www.datosabiertos.gob.pe/sites/default/files/recursos/2017/08/PersonaJuridica.pdf,PDF,200,"Jue, 08/24/2017 - 11:05","Vie, 06/12/2026 - 12:20"
registro-de-gas-natural-junio-2017-osinergmin,Registro de Gas Natural - Junio 2017 - OSINERGMIN ,Plataforma Nacional de Datos Abiertos,13,1,,,Active,https://www.datosabiertos.gob.pe/sites/default/files/recursos/2017/08/6.-ESTACION-COMPRESION-GNC.xls,XLB,200,"Jue, 08/24/2017 - 11:40","Vie, 06/12/2026 - 12:24"
registro-de-documentos-apostillados-por-el-ministerio-de-relaciones-exteriores,Registro de documentos apostillados por el Ministerio de Relaciones Exteriores,Plataforma Nacional de Datos Abiertos,1,0,,,Active,https://www.datosabiertos.gob.pe/sites/default/files/recursos/2017/08/REGISTRO%20DE%20APOSTILLAS%20-%20%20JULIO%202017.xlsx,EXCEL,200,"Jue, 08/24/2017 - 14:41","Mié, 09/20/2017 - 15:26"
registro-de-documentos-legalizados-por-el-ministerio-de-relaciones-exteriores,Registro de documentos legalizados por el Ministerio de Relaciones Exteriores ,Plataforma Nacional de Datos Abiertos,1,0,,,Active,https://www.datosabiertos.gob.pe/sites/default/files/recursos/2017/08/REGISTRO%20DE%20LEGALIZACIONES%20-%20JULIO%202017.xlsx,EXCEL,200,"Jue, 08/24/2017 - 14:52","Mié, 09/20/2017 - 15:26"
registro-de-solicitudes-de-antecedentes-penales-policiales-y-judiciales-para-casos,"Registro de solicitudes de antecedentes penales, policiales y judiciales para casos especiales (detención o indigencia)",Plataforma Nacional de Datos Abiertos,1,0,,,Active,https://www.datosabiertos.gob.pe/sites/default/files/recursos/2017/08/REGISTRO%20DE%20SOLICITUDES%20DE%20ANTECEDENTES%20PENALES%2C%20POLICIALES%20Y%20JUDICIALES%20PARA%20CASOS%20ESPECIALES%20%20-%20JULIO%202017.xlsx,XLSX,200,"Jue, 08/24/2017 - 14:58","Mié, 09/20/2017 - 15:26"
registro-de-certificados-consulares-de-antecedentes-penales-emitidos-por-las-oficinas,Registro de certificados consulares de antecedentes penales emitidos por las Oficinas Consulares del Perú,Plataforma Nacional de Datos Abiertos,1,0,,,Active,https://www.datosabiertos.gob.pe/sites/default/files/recursos/2017/08/REGISTRO%20ANTECEDENTES%20PENALES%20-%20%20JULIO%202017.xlsx,XLSX,200,"Jue, 08/24/2017 - 15:01","Mié, 09/20/2017 - 15:26"
ingreso-diario-de-volumenes-tm-de-productos-al-gmml-del-01-al-24-de-agosto-2017,INGRESO DIARIO DE VOLUMENES ( TM ) DE PRODUCTOS AL GMML DEL   01 AL 24 DE  AGOSTO  2017,Plataforma Nacional de Datos Abiertos,1,0,,,Active,https://www.datosabiertos.gob.pe/sites/default/files/recursos/2017/08/VOL.AGOSTO_10.xlsx,XLSX,200,"Jue, 08/24/2017 - 17:20","Vie, 06/12/2026 - 11:59"
registro-de-expedición-de-copias-certificadas-de-autorizaciones-de-viaje-efectuadas-en-las,Registro de expedición de copias certificadas de autorizaciones de viaje efectuadas en las Oficinas Consulares del Perú ,Plataforma Nacional de Datos Abiertos,1,0,,,Active,https://www.datosabiertos.gob.pe/sites/default/files/recursos/2017/08/AUTORIZACION%20DE%20VIAJE%20-%20JULIO%202017.xlsx,XLSX,200,"Jue, 08/24/2017 - 15:03","Mié, 09/20/2017 - 15:26"
ingreso-diarios-de-precios-por-variedad-de-producto-en-kg-agosto-20170824,INGRESO DIARIOS DE PRECIOS POR VARIEDAD  DE PRODUCTO EN KG.  AGOSTO 2017/08/24,Plataforma Nacional de Datos Abiertos,1,0,,,Active,https://www.datosabiertos.gob.pe/sites/default/files/recursos/2017/08/PREC.AGOSTO_10.xlsx,XLSX,200,"Jue, 08/24/2017 - 17:21","Jue, 08/24/2017 - 17:34"
precios-por-productos-variedad-año-20170824-kg,PRECIOS POR PRODUCTOS VARIEDAD AÑO 2017/08/24  KG.,Plataforma Nacional de Datos Abiertos,1,0,,,Active,https://www.datosabiertos.gob.pe/sites/default/files/recursos/2017/08/prec.mensual_9.xlsx,XLSX,200,"Jue, 08/24/2017 - 17:22","Jue, 08/24/2017 - 17:34"
volumenes-de-producto-por-varieadad-tm-del-año-20170824,VOLUMENES DE PRODUCTO POR VARIEADAD   TM. DEL AÑO 2017/08/24,Plataforma Nacional de Datos Abiertos,1,0,,,Active,https://www.datosabiertos.gob.pe/sites/default/files/recursos/2017/08/VOL.PROD_._10.xlsx,XLSX,200,"Jue, 08/24/2017 - 17:22","Jue, 08/24/2017 - 17:34"
volumenes-y-procedencias-del-producto-del-año-20170824,VOLUMENES Y PROCEDENCIAS DEL PRODUCTO DEL AÑO:    2017/08/24,Plataforma Nacional de Datos Abiertos,1,0,,,Active,https://www.datosabiertos.gob.pe/sites/default/files/recursos/2017/08/VOL.PROC_.PROD_._10.xlsx,XLSX,200,"Jue, 08/24/2017 - 17:23","Vie, 06/12/2026 - 11:38"
cantidad-de-emergencias-en-lima-callao-e-ica-al-29-08-2017,"Cantidad de Emergencias en Lima, Callao e Ica al 29-08-2017",Plataforma Nacional de Datos Abiertos,1,0,,,Active,https://www.datosabiertos.gob.pe/sites/default/files/recursos/2017/08/emer%20central%20-%2029-08-2017.csv,CSV,200,"Mar, 08/29/2017 - 10:04","Vie, 06/12/2026 - 12:11"
consejo-nacional-de-salud,CONSEJO NACIONAL DE SALUD,Plataforma Nacional de Datos Abiertos,5,3,,,Active,http://www.minsa.gob.pe/cns/?op=3#Sesiones,,404,"Mar, 08/29/2017 - 11:02","Jue, 08/07/2025 - 10:15"
dirección-de-intercambio-prestacional-organización-y-servicios-de-salud,"Dirección de Intercambio Prestacional, Organización  y Servicios de Salud",Plataforma Nacional de Datos Abiertos,1,15,,,Active,https://www.datosabiertos.gob.pe/sites/default/files/recursos/2017/08/DIPOS.xlsx,EXCEL,200,"Mar, 08/29/2017 - 12:36","Jue, 08/07/2025 - 10:15"
ingreso-diario-de-volumenes-tm-de-productos-al-gmml-del-01-al-31-de-agosto-2017,INGRESO DIARIO DE VOLUMENES ( TM ) DE PRODUCTOS AL GMML DEL   01 AL 31 DE  AGOSTO  2017,Plataforma Nacional de Datos Abiertos,1,0,,,Active,https://www.datosabiertos.gob.pe/sites/default/files/recursos/2017/09/VOL.AGOSTO.xlsx,XLSX,200,"Vie, 09/01/2017 - 08:52","Vie, 06/12/2026 - 11:57"
ingreso-diarios-de-precios-por-variedad-de-producto-en-kg-agosto-20170831,INGRESO DIARIOS DE PRECIOS POR VARIEDAD  DE PRODUCTO EN KG.  AGOSTO 2017/08/31,Plataforma Nacional de Datos Abiertos,1,0,,,Active,https://www.datosabiertos.gob.pe/sites/default/files/recursos/2017/09/PREC.AGOSTO.xlsx,XLSX,200,"Vie, 09/01/2017 - 08:53","Vie, 09/01/2017 - 09:30"
precios-por-productos-variedad-año-20170831-kg,PRECIOS POR PRODUCTOS VARIEDAD AÑO 2017/08/31  KG.,Plataforma Nacional de Datos Abiertos,1,0,,,Active,https://www.datosabiertos.gob.pe/sites/default/files/recursos/2017/09/prec.mensual.xlsx,XLSX,200,"Vie, 09/01/2017 - 08:54","Vie, 09/01/2017 - 09:30"
volumenes-de-producto-por-varieadad-tm-del-año-20170831,VOLUMENES DE PRODUCTO POR VARIEADAD   TM. DEL AÑO 2017/08/31,Plataforma Nacional de Datos Abiertos,1,0,,,Active,https://www.datosabiertos.gob.pe/sites/default/files/recursos/2017/09/VOL.PROD_..xlsx,XLSX,200,"Vie, 09/01/2017 - 08:55","Vie, 09/01/2017 - 09:30"
volumenes-y-procedencias-del-producto-del-año-20170831,VOLUMENES Y PROCEDENCIAS DEL PRODUCTO DEL AÑO:    2017/08/31,Plataforma Nacional de Datos Abiertos,1,0,,,Active,https://www.datosabiertos.gob.pe/sites/default/files/recursos/2017/09/VOL.PROC_.PROD_..xlsx,XLSX,200,"Vie, 09/01/2017 - 08:56","Vie, 06/12/2026 - 11:39"
morbilidad,MORBILIDAD,Plataforma Nacional de Datos Abiertos,15,3,,,Active,https://www.datosabiertos.gob.pe/sites/default/files/recursos/2017/09/MORBILIDAD%202016%20csv.csv,CSV,200,"Lun, 09/04/2017 - 16:49","Jue, 08/07/2025 - 10:14"
cantidad-de-emergencias-en-lima-callao-e-ica-al-05-09-2017,"Cantidad de Emergencias en Lima, Callao e Ica al 05-09-2017",Plataforma Nacional de Datos Abiertos,1,0,,,Active,https://www.datosabiertos.gob.pe/sites/default/files/recursos/2017/09/emer%20central%20-%2005-09-2017.csv,CSV,200,"Mar, 09/05/2017 - 10:19","Vie, 06/12/2026 - 12:11"
precios-por-productos-variedad-06-09-2017,PRECIOS POR PRODUCTOS VARIEDAD 06-09-2017,Plataforma Nacional de Datos Abiertos,1,0,,,Active,https://www.datosabiertos.gob.pe/sites/default/files/recursos/2017/09/prec.mensual_0.xlsx,XLSX,200,"Mié, 09/06/2017 - 11:06","Mié, 09/06/2017 - 13:22"
ingreso-diarios-de-precios-por-variedad-de-producto-en-kg-06-setiembre-2017,INGRESO DIARIOS DE PRECIOS POR VARIEDAD  DE PRODUCTO EN KG.  06 SETIEMBRE 2017,Plataforma Nacional de Datos Abiertos,1,0,,,Active,https://www.datosabiertos.gob.pe/sites/default/files/recursos/2017/09/PREC.SETIEMBRE.xlsx,XLSX,200,"Mié, 09/06/2017 - 11:08","Mié, 09/06/2017 - 13:22"
volumenes-y-procedencias-del-producto-del-06-09-2017,VOLUMENES Y PROCEDENCIAS DEL PRODUCTO DEL 06-09-2017,Plataforma Nacional de Datos Abiertos,1,0,,,Active,https://www.datosabiertos.gob.pe/sites/default/files/recursos/2017/09/VOL.PROC_.PROD_._0.xlsx,XLSX,200,"Mié, 09/06/2017 - 11:10","Mié, 09/06/2017 - 13:22"
volumenes-de-producto-por-varieadad-tm-del-año-06-09-2017,VOLUMENES DE PRODUCTO POR VARIEADAD   TM. DEL AÑO 06-09-2017,Plataforma Nacional de Datos Abiertos,1,0,,,Active,https://www.datosabiertos.gob.pe/sites/default/files/recursos/2017/09/VOL.PROD_._0.xlsx,XLSX,200,"Mié, 09/06/2017 - 11:11","Mié, 09/06/2017 - 13:22"
ingreso-diario-de-volumenes-tm-de-productos-al-gmml-del-01-al-06-de-setiembre-2017,INGRESO DIARIO DE VOLUMENES ( TM ) DE PRODUCTOS AL GMML	DEL   01 AL 06 DE  SETIEMBRE  2017,Plataforma Nacional de Datos Abiertos,1,0,,,Active,https://www.datosabiertos.gob.pe/sites/default/files/recursos/2017/09/VOL.SETIEMBRE.xlsx,XLSX,200,"Mié, 09/06/2017 - 11:12","Vie, 06/12/2026 - 11:57"
registro-de-hidrocarburos-líquidos-agosto-2017-osinergmin,Registro de Hidrocarburos Líquidos - Agosto 2017 - OSINERGMIN ,Plataforma Nacional de Datos Abiertos,31,1,,,Active,https://www.datosabiertos.gob.pe/sites/default/files/recursos/2017/09/CDCLyOPDHconInstalacionesFijas.xls,XLB,200,"Vie, 09/01/2017 - 17:03","Lun, 06/15/2026 - 10:08"
registro-de-escrituras-públicas-extendidas-en-las-oficinas-consulares-del-perú,Registro de Escrituras Públicas extendidas en las Oficinas Consulares del Perú ,Plataforma Nacional de Datos Abiertos,0,0,,,Active,,,,"Mié, 09/06/2017 - 11:20","Mié, 09/20/2017 - 15:26"
precios-por-productos-variedad-año-20170908-kg,PRECIOS POR PRODUCTOS VARIEDAD AÑO 2017/09/08  KG.,Plataforma Nacional de Datos Abiertos,1,0,,,Active,https://www.datosabiertos.gob.pe/sites/default/files/recursos/2017/09/prec.mensual_1.xlsx,XLSX,200,"Vie, 09/08/2017 - 15:22","Vie, 09/08/2017 - 16:44"
ingreso-diarios-de-precios-por-variedad-de-producto-en-kg-setiembre-20170908,INGRESO DIARIOS DE PRECIOS POR VARIEDAD  DE PRODUCTO EN KG.  SETIEMBRE 2017/09/08,Plataforma Nacional de Datos Abiertos,1,0,,,Active,https://www.datosabiertos.gob.pe/sites/default/files/recursos/2017/09/PREC.SETIEMBRE_0.xlsx,XLSX,200,"Vie, 09/08/2017 - 15:24","Vie, 09/08/2017 - 16:44"
volumenes-y-procedencias-del-producto-del-año-20170904,VOLUMENES Y PROCEDENCIAS DEL PRODUCTO DEL AÑO:    2017/09/04,Plataforma Nacional de Datos Abiertos,1,0,,,Active,https://www.datosabiertos.gob.pe/sites/default/files/recursos/2017/09/VOL.PROC_.PROD_._1.xlsx,XLSX,200,"Vie, 09/08/2017 - 15:25","Vie, 06/12/2026 - 11:38"
ingreso-diario-de-volumenes-tm-de-productos-al-gmml-del-01-al-04-de-setiembre-2017,INGRESO DIARIO DE VOLUMENES ( TM ) DE PRODUCTOS AL GMML DEL   01 AL 04 DE  SETIEMBRE  2017,Plataforma Nacional de Datos Abiertos,1,0,,,Active,https://www.datosabiertos.gob.pe/sites/default/files/recursos/2017/09/VOL.SETIEMBRE_0.xlsx,XLSX,200,"Vie, 09/08/2017 - 15:26","Vie, 06/12/2026 - 11:55"
volumenes-de-producto-por-varieadad-tm-del-año-20170904,VOLUMENES DE PRODUCTO POR VARIEADAD   TM. DEL AÑO 2017/09/04,Plataforma Nacional de Datos Abiertos,1,0,,,Active,https://www.datosabiertos.gob.pe/sites/default/files/recursos/2017/09/VOL.PROD_._1.xlsx,XLSX,200,"Vie, 09/08/2017 - 15:25","Vie, 09/08/2017 - 16:44"
precios-por-productos-variedad-año-20170907-kg,PRECIOS POR PRODUCTOS VARIEDAD AÑO 2017/09/07  KG.,Plataforma Nacional de Datos Abiertos,1,0,,,Active,https://www.datosabiertos.gob.pe/sites/default/files/recursos/2017/09/prec.mensual_2.xlsx,XLSX,200,"Vie, 09/08/2017 - 15:43","Vie, 09/08/2017 - 16:44"
ingreso-diarios-de-precios-por-variedad-de-producto-en-kg-setiembre-20170907,INGRESO DIARIOS DE PRECIOS POR VARIEDAD  DE PRODUCTO EN KG.  SETIEMBRE 2017/09/07,Plataforma Nacional de Datos Abiertos,1,0,,,Active,https://www.datosabiertos.gob.pe/sites/default/files/recursos/2017/09/PREC.SETIEMBRE_1.xlsx,XLSX,200,"Vie, 09/08/2017 - 15:45","Vie, 09/08/2017 - 16:44"
volumenes-y-procedencias-del-producto-del-año-20170907,VOLUMENES Y PROCEDENCIAS DEL PRODUCTO DEL AÑO:    2017/09/07,Plataforma Nacional de Datos Abiertos,1,0,,,Active,https://www.datosabiertos.gob.pe/sites/default/files/recursos/2017/09/VOL.PROC_.PROD_._2.xlsx,XLSX,200,"Vie, 09/08/2017 - 15:46","Vie, 06/12/2026 - 11:40"
ingreso-diario-de-volumenes-tm-de-productos-al-gmml-del-01-al-07-de-setiembre-2017,INGRESO DIARIO DE VOLUMENES ( TM ) DE PRODUCTOS AL GMML DEL   01 AL 07 DE  SETIEMBRE  2017,Plataforma Nacional de Datos Abiertos,1,0,,,Active,https://www.datosabiertos.gob.pe/sites/default/files/recursos/2017/09/VOL.SETIEMBRE_1.xlsx,XLSX,200,"Vie, 09/08/2017 - 15:47","Vie, 06/12/2026 - 11:52"
volumenes-de-producto-por-varieadad-tm-del-año-20170907,VOLUMENES DE PRODUCTO POR VARIEADAD   TM. DEL AÑO 2017/09/07,Plataforma Nacional de Datos Abiertos,1,0,,,Active,https://www.datosabiertos.gob.pe/sites/default/files/recursos/2017/09/VOL.PROD_._2.xlsx,XLSX,200,"Vie, 09/08/2017 - 15:46","Vie, 09/08/2017 - 16:44"
ingreso-diarios-de-precios-por-variedad-de-producto-en-kg-setiembre-20170908-actual,INGRESO DIARIOS DE PRECIOS POR VARIEDAD  DE PRODUCTO EN KG.  SETIEMBRE 2017/09/08 actual,Plataforma Nacional de Datos Abiertos,1,0,,,Active,https://www.datosabiertos.gob.pe/sites/default/files/recursos/2017/09/PREC.SETIEMBRE_2.xlsx,XLSX,200,"Vie, 09/08/2017 - 15:55","Vie, 09/08/2017 - 16:44"
precios-por-productos-variedad-año-20170908-actual-kg,PRECIOS POR PRODUCTOS VARIEDAD AÑO 2017/09/08 actual  KG.,Plataforma Nacional de Datos Abiertos,1,0,,,Active,https://www.datosabiertos.gob.pe/sites/default/files/recursos/2017/09/prec.mensual_3.xlsx,XLSX,200,"Vie, 09/08/2017 - 15:52","Vie, 09/08/2017 - 16:44"
volumenes-y-procedencias-del-producto-del-año-20170908,VOLUMENES Y PROCEDENCIAS DEL PRODUCTO DEL AÑO:    2017/09/08,Plataforma Nacional de Datos Abiertos,1,0,,,Active,https://www.datosabiertos.gob.pe/sites/default/files/recursos/2017/09/VOL.PROC_.PROD_._3.xlsx,XLSX,200,"Vie, 09/08/2017 - 15:56","Vie, 06/12/2026 - 11:39"
ingreso-diario-de-volumenes-tm-de-productos-al-gmml-del-01-al-08-de-setiembre-2017,INGRESO DIARIO DE VOLUMENES ( TM ) DE PRODUCTOS AL GMML DEL   01 AL 08 DE  SETIEMBRE  2017,Plataforma Nacional de Datos Abiertos,1,0,,,Active,https://www.datosabiertos.gob.pe/sites/default/files/recursos/2017/09/VOL.SETIEMBRE_2.xlsx,XLSX,200,"Vie, 09/08/2017 - 15:57","Vie, 06/12/2026 - 11:56"
volumenes-de-producto-por-varieadad-tm-del-año-20170908,VOLUMENES DE PRODUCTO POR VARIEADAD   TM. DEL AÑO 2017/09/08,Plataforma Nacional de Datos Abiertos,1,0,,,Active,https://www.datosabiertos.gob.pe/sites/default/files/recursos/2017/09/VOL.PROD_._3.xlsx,XLSX,200,"Vie, 09/08/2017 - 15:57","Vie, 09/08/2017 - 16:44"
cantidad-de-emergencias-en-lima-callao-e-ica-al-12-09-2017,"Cantidad de Emergencias en Lima, Callao e Ica al 12-09-2017",Plataforma Nacional de Datos Abiertos,1,0,,,Active,https://www.datosabiertos.gob.pe/sites/default/files/recursos/2017/09/emer%20central%20-%2012-09-2017.csv,CSV,200,"Mar, 09/12/2017 - 09:46","Vie, 06/12/2026 - 12:10"
precios-por-productos-variedad-año-20170911-kg,PRECIOS POR PRODUCTOS VARIEDAD AÑO 2017/09/11  KG.,Plataforma Nacional de Datos Abiertos,1,0,,,Active,https://www.datosabiertos.gob.pe/sites/default/files/recursos/2017/09/prec.mensual_4.xlsx,XLSX,200,"Mar, 09/12/2017 - 11:13","Mar, 09/12/2017 - 14:09"
ingreso-diarios-de-precios-por-variedad-de-producto-en-kg-setiembre-del-11-del-2017,INGRESO DIARIOS DE PRECIOS POR VARIEDAD  DE PRODUCTO EN KG.  SETIEMBRE del 11 del  2017,Plataforma Nacional de Datos Abiertos,1,0,,,Active,https://www.datosabiertos.gob.pe/sites/default/files/recursos/2017/09/PREC.SETIEMBRE_3.xlsx,XLSX,200,"Mar, 09/12/2017 - 11:14","Mar, 09/12/2017 - 14:09"
volumenes-y-procedencias-del-producto-del-año-20170911,VOLUMENES Y PROCEDENCIAS DEL PRODUCTO DEL AÑO:    2017/09/11,Plataforma Nacional de Datos Abiertos,1,0,,,Active,https://www.datosabiertos.gob.pe/sites/default/files/recursos/2017/09/VOL.PROC_.PROD_._4.xlsx,XLSX,200,"Mar, 09/12/2017 - 11:16","Vie, 06/12/2026 - 11:37"
volumenes-de-producto-por-varieadad-tm-del-año-20170911,VOLUMENES DE PRODUCTO POR VARIEADAD   TM. DEL AÑO 2017/09/11,Plataforma Nacional de Datos Abiertos,1,0,,,Active,https://www.datosabiertos.gob.pe/sites/default/files/recursos/2017/09/VOL.PROD_._4.xlsx,XLSX,200,"Mar, 09/12/2017 - 11:17","Mar, 09/12/2017 - 14:09"
ingreso-diario-de-volumenes-tm-de-productos-al-gmml-del-01-al-11-de-setiembre-2017,INGRESO DIARIO DE VOLUMENES ( TM ) DE PRODUCTOS AL GMML DEL   01 AL 11 DE  SETIEMBRE  2017,Plataforma Nacional de Datos Abiertos,1,0,,,Active,https://www.datosabiertos.gob.pe/sites/default/files/recursos/2017/09/VOL.SETIEMBRE_3.xlsx,XLSX,200,"Mar, 09/12/2017 - 11:18","Vie, 06/12/2026 - 11:55"
enfermedades-metaxenicas,ENFERMEDADES METAXENICAS,Plataforma Nacional de Datos Abiertos,7,3,,,Active,https://www.datosabiertos.gob.pe/sites/default/files/recursos/2017/09/DENGUE%20-%20DESCRIPCI%C3%93N%20%20MAR2017.pdf,PDF,200,"Mié, 09/13/2017 - 18:24","Jue, 08/07/2025 - 10:14"
samu,SAMU,Plataforma Nacional de Datos Abiertos,3,4,,,Active,https://www.datosabiertos.gob.pe/sites/default/files/recursos/2017/09/SAMU%20ESTADISTICAS.xlsx,XLSX,200,"Jue, 09/14/2017 - 12:12","Jue, 08/07/2025 - 10:14"
ingreso-diario-de-volumenes-tm-de-productos-al-gmml-del-01-al-12-de-setiembre-2017,INGRESO DIARIO DE VOLUMENES ( TM ) DE PRODUCTOS AL GMML DEL   01 AL 12 DE  SETIEMBRE  2017,Plataforma Nacional de Datos Abiertos,1,0,,,Active,https://www.datosabiertos.gob.pe/sites/default/files/recursos/2017/09/VOL.SETIEMBRE_4.xlsx,XLSX,200,"Vie, 09/15/2017 - 09:47","Vie, 06/12/2026 - 11:54"
ingreso-diarios-de-precios-por-variedad-de-producto-en-kg-setiembre-20170912,INGRESO DIARIOS DE PRECIOS POR VARIEDAD  DE PRODUCTO EN KG.  SETIEMBRE 2017/09/12,Plataforma Nacional de Datos Abiertos,1,0,,,Active,https://www.datosabiertos.gob.pe/sites/default/files/recursos/2017/09/PREC.SETIEMBRE_4.xlsx,XLSX,200,"Vie, 09/15/2017 - 09:48","Vie, 09/15/2017 - 11:32"
volumenes-de-producto-por-varieadad-tm-del-año-20170912,VOLUMENES DE PRODUCTO POR VARIEADAD   TM. DEL AÑO 2017/09/12,Plataforma Nacional de Datos Abiertos,1,0,,,Active,https://www.datosabiertos.gob.pe/sites/default/files/recursos/2017/09/VOL.PROD_._5.xlsx,XLSX,200,"Vie, 09/15/2017 - 09:49","Vie, 09/15/2017 - 11:32"
ingreso-diario-de-volumenes-tm-de-productos-al-gmml-del-01-al-13-de-setiembre-2017,INGRESO DIARIO DE VOLUMENES ( TM ) DE PRODUCTOS AL GMML DEL   01 AL 13 DE  SETIEMBRE  2017,Plataforma Nacional de Datos Abiertos,1,0,,,Active,https://www.datosabiertos.gob.pe/sites/default/files/recursos/2017/09/VOL.SETIEMBRE_4.xlsx,XLSX,200,"Vie, 09/15/2017 - 09:51","Vie, 06/12/2026 - 11:54"
ingreso-diarios-de-precios-por-variedad-de-producto-en-kg-setiembre-20170913,INGRESO DIARIOS DE PRECIOS POR VARIEDAD  DE PRODUCTO EN KG.  SETIEMBRE 2017/09/13,Plataforma Nacional de Datos Abiertos,1,0,,,Active,https://www.datosabiertos.gob.pe/sites/default/files/recursos/2017/09/PREC.SETIEMBRE_4.xlsx,XLSX,200,"Vie, 09/15/2017 - 09:52","Vie, 09/15/2017 - 11:32"
volumenes-de-producto-por-varieadad-tm-del-año-20170913,VOLUMENES DE PRODUCTO POR VARIEADAD   TM. DEL AÑO 2017/09/13,Plataforma Nacional de Datos Abiertos,1,0,,,Active,https://www.datosabiertos.gob.pe/sites/default/files/recursos/2017/09/VOL.PROD_._5.xlsx,XLSX,200,"Vie, 09/15/2017 - 09:53","Vie, 09/15/2017 - 11:32"
ingreso-diario-de-volumenes-tm-de-productos-al-gmml-del-01-al-14-de-setiembre-2017,INGRESO DIARIO DE VOLUMENES ( TM ) DE PRODUCTOS AL GMML DEL   01 AL 14 DE  SETIEMBRE  2017,Plataforma Nacional de Datos Abiertos,1,0,,,Active,https://www.datosabiertos.gob.pe/sites/default/files/recursos/2017/09/VOL.SETIEMBRE_4.xlsx,XLSX,200,"Vie, 09/15/2017 - 09:55","Vie, 06/12/2026 - 11:55"
volumenes-y-procedencias-del-producto-del-año-20170913,VOLUMENES Y PROCEDENCIAS DEL PRODUCTO DEL AÑO:    2017/09/13,Plataforma Nacional de Datos Abiertos,1,0,,,Active,https://www.datosabiertos.gob.pe/sites/default/files/recursos/2017/09/VOL.PROC_.PROD_._5.xlsx,XLSX,200,"Vie, 09/15/2017 - 09:54","Vie, 06/12/2026 - 11:37"
precios-por-productos-variedad-año-20170914-kg,PRECIOS POR PRODUCTOS VARIEDAD AÑO 2017/09/14  KG.,Plataforma Nacional de Datos Abiertos,1,0,,,Active,https://www.datosabiertos.gob.pe/sites/default/files/recursos/2017/09/prec.mensual_5.xlsx,XLSX,200,"Vie, 09/15/2017 - 09:57","Vie, 09/15/2017 - 11:32"
ingreso-diarios-de-precios-por-variedad-de-producto-en-kg-setiembre-20170914,INGRESO DIARIOS DE PRECIOS POR VARIEDAD  DE PRODUCTO EN KG.  SETIEMBRE 2017/09/14,Plataforma Nacional de Datos Abiertos,1,0,,,Active,https://www.datosabiertos.gob.pe/sites/default/files/recursos/2017/09/PREC.SETIEMBRE_4.xlsx,XLSX,200,"Vie, 09/15/2017 - 09:56","Vie, 09/15/2017 - 11:32"
volumenes-y-procedencias-del-producto-del-año-20170914,VOLUMENES Y PROCEDENCIAS DEL PRODUCTO DEL AÑO:    2017/09/14,Plataforma Nacional de Datos Abiertos,1,0,,,Active,https://www.datosabiertos.gob.pe/sites/default/files/recursos/2017/09/VOL.PROC_.PROD_._5.xlsx,XLSX,200,"Vie, 09/15/2017 - 09:58","Vie, 06/12/2026 - 11:37"
volumenes-de-producto-por-varieadad-tm-del-año-20170914,VOLUMENES DE PRODUCTO POR VARIEADAD   TM. DEL AÑO 2017/09/14,Plataforma Nacional de Datos Abiertos,1,0,,,Active,https://www.datosabiertos.gob.pe/sites/default/files/recursos/2017/09/VOL.PROD_._5.xlsx,XLSX,200,"Vie, 09/15/2017 - 09:57","Vie, 09/15/2017 - 11:32"
cantidad-de-emergencias-en-lima-callao-e-ica-al-19-09-2017,"Cantidad de Emergencias en Lima, Callao e Ica al 19-09-2017",Plataforma Nacional de Datos Abiertos,1,0,,,Active,https://www.datosabiertos.gob.pe/sites/default/files/recursos/2017/09/emer%20central%20-%2019-09-2017.csv,CSV,200,"Mar, 09/19/2017 - 10:31","Vie, 06/12/2026 - 12:10"
precios-por-productos-variedad-año-20170912-kg,PRECIOS POR PRODUCTOS VARIEDAD AÑO 2017/09/12  KG.,Plataforma Nacional de Datos Abiertos,1,0,,,Active,https://www.datosabiertos.gob.pe/sites/default/files/recursos/2017/09/prec.mensual_5.xlsx,XLSX,200,"Vie, 09/15/2017 - 09:48","Vie, 09/15/2017 - 11:32"
minsa-salud-mental,MINSA - SALUD MENTAL,Plataforma Nacional de Datos Abiertos,9,2,,,Active,https://www.datosabiertos.gob.pe/sites/default/files/recursos/2017/09/DAT%20SALUD%20MENTAL%20-%20ATENDIDOS.csv,CSV,200,"Mié, 09/20/2017 - 11:07","Jue, 08/07/2025 - 10:12"
precios-por-productos-variedad-año-20170913-kg,PRECIOS POR PRODUCTOS VARIEDAD AÑO 2017/09/13  KG.,Plataforma Nacional de Datos Abiertos,1,0,,,Active,https://www.datosabiertos.gob.pe/sites/default/files/recursos/2017/09/prec.mensual_5.xlsx,XLSX,200,"Vie, 09/15/2017 - 09:53","Vie, 09/15/2017 - 11:32"
minsa-ipress,MINSA - IPRESS,Plataforma Nacional de Datos Abiertos,1,4,,,Active,https://www.datosabiertos.gob.pe/sites/default/files/recursos/2017/09/IPRESS.csv,CSV,200,"Mar, 09/19/2017 - 18:59","Jue, 08/07/2025 - 10:13"
minsa-planificación-familiar,MINSA - PLANIFICACIÓN FAMILIAR,Plataforma Nacional de Datos Abiertos,6,3,,,Active,https://www.datosabiertos.gob.pe/sites/default/files/recursos/2017/09/DAT%20PlaniFamiliar_01_Metodo.csv,CSV,200,"Mié, 09/20/2017 - 12:11","Jue, 08/07/2025 - 10:13"
minsa-adulto-mayor,MINSA - ADULTO MAYOR,Plataforma Nacional de Datos Abiertos,7,5,,,Active,https://www.datosabiertos.gob.pe/sites/default/files/recursos/2017/09/DAT%20Adulto_Mayor_01_Vacam.csv,CSV,200,"Mié, 09/20/2017 - 12:30","Jue, 08/07/2025 - 10:12"
minsa-adolescentes,MINSA - ADOLESCENTES,Plataforma Nacional de Datos Abiertos,6,4,,,Active,https://www.datosabiertos.gob.pe/sites/default/files/recursos/2017/09/DAT%20Morbilidad_Adolescente.csv,CSV,200,"Mié, 09/20/2017 - 14:10","Jue, 08/07/2025 - 10:13"
minsa-niño,MINSA - NIÑO,Plataforma Nacional de Datos Abiertos,6,4,,,Active,https://www.datosabiertos.gob.pe/sites/default/files/recursos/2017/09/DAT%20CRED.csv,CSV,200,"Mié, 09/20/2017 - 12:44","Jue, 08/07/2025 - 10:12"
minsa-salud-bucal,MINSA - SALUD BUCAL,Plataforma Nacional de Datos Abiertos,6,5,,,Active,https://www.datosabiertos.gob.pe/sites/default/files/recursos/2017/09/DAT%20S%20BUCAL%20-%20ATENCION%20%20PREVENTIVA.csv,CSV,200,"Mié, 09/20/2017 - 16:07","Jue, 08/07/2025 - 10:11"
volumenes-de-producto-por-varieadad-tm-del-año-20170915,VOLUMENES DE PRODUCTO POR VARIEADAD   TM. DEL AÑO 2017/09/15,Plataforma Nacional de Datos Abiertos,1,0,,,Active,https://www.datosabiertos.gob.pe/sites/default/files/recursos/2017/09/VOL.PROD_._6.xlsx,XLSX,200,"Mié, 09/20/2017 - 16:19","Mié, 09/20/2017 - 18:27"
precios-por-productos-variedad-año-20170915-kg,PRECIOS POR PRODUCTOS VARIEDAD AÑO 2017/09/15  KG.,Plataforma Nacional de Datos Abiertos,1,0,,,Active,https://www.datosabiertos.gob.pe/sites/default/files/recursos/2017/09/prec.mensual_6.xlsx,XLSX,200,"Mié, 09/20/2017 - 16:18","Mié, 09/20/2017 - 18:27"
ingreso-diario-de-volumenes-tm-de-productos-al-gmml-del-01-al-15-de-setiembre-2017,INGRESO DIARIO DE VOLUMENES ( TM ) DE PRODUCTOS AL GMML DEL   01 AL 15 DE  SETIEMBRE  2017,Plataforma Nacional de Datos Abiertos,1,0,,,Active,https://www.datosabiertos.gob.pe/sites/default/files/recursos/2017/09/VOL.SETIEMBRE_5.xlsx,XLSX,200,"Mié, 09/20/2017 - 16:16","Vie, 06/12/2026 - 11:46"
ingreso-diarios-de-precios-por-variedad-de-producto-en-kg-setiembre-20171509,INGRESO DIARIOS DE PRECIOS POR VARIEDAD  DE PRODUCTO EN KG.  SETIEMBRE 2017/15/09,Plataforma Nacional de Datos Abiertos,1,0,,,Active,https://www.datosabiertos.gob.pe/sites/default/files/recursos/2017/09/PREC.SETIEMBRE_5.xlsx,XLSX,200,"Mié, 09/20/2017 - 16:17","Mié, 09/20/2017 - 18:27"
volumenes-y-procedencias-del-producto-del-año-20170915,VOLUMENES Y PROCEDENCIAS DEL PRODUCTO DEL AÑO:    2017/09/15,Plataforma Nacional de Datos Abiertos,1,0,,,Active,https://www.datosabiertos.gob.pe/sites/default/files/recursos/2017/09/VOL.PROC_.PROD_._6.xlsx,XLSX,200,"Mié, 09/20/2017 - 16:19","Vie, 06/12/2026 - 11:34"
ingreso-diarios-de-precios-por-variedad-de-producto-en-kg-setiembre-20170915,INGRESO DIARIOS DE PRECIOS POR VARIEDAD  DE PRODUCTO EN KG.  SETIEMBRE 2017/09/15,Plataforma Nacional de Datos Abiertos,1,0,,,Active,https://www.datosabiertos.gob.pe/sites/default/files/recursos/2017/09/PREC.SETIEMBRE_6.xlsx,XLSX,200,"Mié, 09/20/2017 - 16:21","Mié, 09/20/2017 - 18:27"
precios-por-productos-variedad-año-2017-0915-kg,PRECIOS POR PRODUCTOS VARIEDAD AÑO 2017 /09/15 KG.,Plataforma Nacional de Datos Abiertos,1,0,,,Active,https://www.datosabiertos.gob.pe/sites/default/files/recursos/2017/09/prec.mensual_7.xlsx,XLSX,200,"Mié, 09/20/2017 - 16:22","Mié, 09/20/2017 - 16:22"
ingreso-diario-de-volumenes-tm-de-productos-al-gmml-del-01-al-18-de-setiembre-2017,INGRESO DIARIO DE VOLUMENES ( TM ) DE PRODUCTOS AL GMML DEL   01 AL 18 DE  SETIEMBRE  2017,Plataforma Nacional de Datos Abiertos,1,0,,,Active,https://www.datosabiertos.gob.pe/sites/default/files/recursos/2017/09/VOL.SETIEMBRE_6.xlsx,XLSX,200,"Mié, 09/20/2017 - 16:20","Vie, 06/12/2026 - 11:46"
volumenes-de-producto-por-varieadad-tm-del-año-20170915-0,VOLUMENES DE PRODUCTO POR VARIEADAD   TM. DEL AÑO 2017/09/15,Plataforma Nacional de Datos Abiertos,1,0,,,Active,https://www.datosabiertos.gob.pe/sites/default/files/recursos/2017/09/VOL.PROD_._7.xlsx,XLSX,200,"Mié, 09/20/2017 - 16:23","Mié, 09/20/2017 - 16:23"
volumenes-y-procedencias-del-producto-del-año-20170918,VOLUMENES Y PROCEDENCIAS DEL PRODUCTO DEL AÑO:    2017/09/18,Plataforma Nacional de Datos Abiertos,1,0,,,Active,https://www.datosabiertos.gob.pe/sites/default/files/recursos/2017/09/VOL.PROC_.PROD_._7.xlsx,XLSX,200,"Mié, 09/20/2017 - 16:24","Vie, 06/12/2026 - 11:35"
